<guns.xml>
  <ids>
    <_88mm_Vz_37N_A>	0	</_88mm_Vz_37N_A>
    <_37mm_Pechotni_delo_Skoda_L_27>	1	</_37mm_Pechotni_delo_Skoda_L_27>
    <_47mm_Rychlopalne_delo_Vickers_L_20>	2	</_47mm_Rychlopalne_delo_Vickers_L_20>
    <_37mm_Skoda_A3>	3	</_37mm_Skoda_A3>
    <_37mm_Skoda_A8>	4	</_37mm_Skoda_A8>
    <_37mm_Skoda_A7>	5	</_37mm_Skoda_A7>
    <_37mm_Skoda_A23>	6	</_37mm_Skoda_A23>
    <_47mm_Skoda_A9>	7	</_47mm_Skoda_A9>
    <_47mm_Skoda_A11>	8	</_47mm_Skoda_A11>
    <_47mm_Skoda_A11_vylepseny>	9	</_47mm_Skoda_A11_vylepseny>
    <_75mm_Skoda_A13>	10	</_75mm_Skoda_A13>
    <_75mm_Skoda_A18>	11	</_75mm_Skoda_A18>
    <_75mm_Skoda_A18_s_automatickym_nabijenim>	12	</_75mm_Skoda_A18_s_automatickym_nabijenim>
    <_85mm_vz_44S>	13	</_85mm_vz_44S>
    <_100mm_vz_44S>	14	</_100mm_vz_44S>
    <_88mm_Vz_37N>	15	</_88mm_Vz_37N>
    <_88mm_vz_41N>	16	</_88mm_vz_41N>
    <_105mm_vz_39N>	17	</_105mm_vz_39N>
    <_100mm_A20>	18	</_100mm_A20>
    <_100mm_R11>	19	</_100mm_R11>
    <_100mm_AK1>	20	</_100mm_AK1>
	<_88mm_vz_41N_A>	21	</_88mm_vz_41N_A>
  </ids>
  <shared>
    <_37mm_Pechotni_delo_Skoda_L_27>
      <userString>#czech_vehicles:_37mm_Pechotni_delo_Skoda_L_27</userString>
      <tags>
      </tags>
      <level>	1	</level>
      <price>	0	</price>
      <impulse>0.26</impulse>
      <recoil>
        <lodDist>MEDIUM</lodDist>
        <amplitude>0.1</amplitude>
        <recoilEffect>small</recoilEffect>
      </recoil>
      <effects>shot_50mm_kwk</effects>
      <reloadEffect>reload20_45</reloadEffect>
      <pitchLimits>
        <minPitch>0.0 -23.0 1.0 -23.0</minPitch>
        <maxPitch>0.0 20.0 1.0 20.0</maxPitch>
      </pitchLimits>
      <turretYawLimits>-180 180</turretYawLimits>
      <rotationSpeed>	40	</rotationSpeed>
      <reloadTime>2.5</reloadTime>
      <maxAmmo>	100	</maxAmmo>
      <aimingTime>1.9</aimingTime>
      <weight>	175	</weight>
      <maxHealth>	54	</maxHealth>
      <maxRegenHealth>	27	</maxRegenHealth>
      <repairCost>	2	</repairCost>
      <invisibilityFactorAtShot>0.1</invisibilityFactorAtShot>
      <shotDispersionRadius>0.48</shotDispersionRadius>
      <shotDispersionFactors>
        <turretRotation>0.16</turretRotation>
        <afterShot>4.0</afterShot>
        <whileGunDamaged>2.0</whileGunDamaged>
      </shotDispersionFactors>
      <shots>
        <_37mm_Prurazny_vz_18>
          <defaultPortion>1.0</defaultPortion>
          <speed>	460	</speed>
          <gravity>9.81</gravity>
          <maxDistance>	720	</maxDistance>
          <piercingPower>33 22</piercingPower>
        </_37mm_Prurazny_vz_18>
        <_37mm_Prurazny_vz_28>
          <defaultPortion>0.0</defaultPortion>
          <speed>	460	</speed>
          <gravity>9.81</gravity>
          <maxDistance>	720	</maxDistance>
          <piercingPower>44 33</piercingPower>
        </_37mm_Prurazny_vz_28>
        <_37mm_Narazovy_vz_28>
          <defaultPortion>0.0</defaultPortion>
          <speed>	460	</speed>
          <gravity>9.81</gravity>
          <maxDistance>	720	</maxDistance>
          <piercingPower>18 18</piercingPower>
        </_37mm_Narazovy_vz_28>
      </shots>
    </_37mm_Pechotni_delo_Skoda_L_27>
    <_37mm_Skoda_A3>
      <userString>#czech_vehicles:_37mm_Skoda_A3</userString>
      <tags>
      </tags>
      <level>	2	</level>
      <price>	2500	</price>
      <impulse>0.22</impulse>
      <recoil>
        <lodDist>MEDIUM</lodDist>
        <amplitude>0.2</amplitude>
        <recoilEffect>small</recoilEffect>
      </recoil>
      <effects>shot_50mm_kwk</effects>
      <reloadEffect>reload20_45</reloadEffect>
      <pitchLimits>
        <minPitch>0.0 -25.0 1.0 -25.0</minPitch>
        <maxPitch>0.0 10.0 1.0 10.0</maxPitch>
      </pitchLimits>
      <turretYawLimits>-180 180</turretYawLimits>
      <rotationSpeed>	40	</rotationSpeed>
      <reloadTime>4.04</reloadTime>
      <maxAmmo>	76	</maxAmmo>
      <aimingTime>4.04</aimingTime>
      <weight>	235	</weight>
      <maxHealth>	60	</maxHealth>
      <maxRegenHealth>	30	</maxRegenHealth>
      <repairCost>	1	</repairCost>
      <invisibilityFactorAtShot>0.1</invisibilityFactorAtShot>
      <shotDispersionRadius>0.4</shotDispersionRadius>
      <shotDispersionFactors>
        <turretRotation>0.16</turretRotation>
        <afterShot>4.0</afterShot>
        <whileGunDamaged>2.0</whileGunDamaged>
      </shotDispersionFactors>
      <shots>
        <_37mm_Prurazny_vz_34>
          <defaultPortion>1.0</defaultPortion>
          <speed>	675	</speed>
          <gravity>9.81</gravity>
          <maxDistance>	720	</maxDistance>
          <piercingPower>52 45</piercingPower>
        </_37mm_Prurazny_vz_34>
        <_37mm_Prurazny_vz_40_s_oc_jadrem>
          <defaultPortion>0.0</defaultPortion>
          <speed>	830	</speed>
          <gravity>9.81</gravity>
          <maxDistance>	720	</maxDistance>
          <piercingPower>74 60</piercingPower>
        </_37mm_Prurazny_vz_40_s_oc_jadrem>
        <_37mm_Narazovy_vz_34>
          <defaultPortion>0.0</defaultPortion>
          <speed>	687	</speed>
          <gravity>9.81</gravity>
          <maxDistance>	720	</maxDistance>
          <piercingPower>18 18</piercingPower>
        </_37mm_Narazovy_vz_34>
      </shots>
    </_37mm_Skoda_A3>
    <_37mm_Skoda_A8>
      <userString>#czech_vehicles:_37mm_Skoda_A8</userString>
      <tags>
      </tags>
      <level>	2	</level>
      <price>	2730	</price>
      <impulse>0.22</impulse>
      <recoil>
        <lodDist>MEDIUM</lodDist>
        <amplitude>0.24</amplitude>
        <recoilEffect>small</recoilEffect>
      </recoil>
      <effects>shot_50mm_kwk</effects>
      <reloadEffect>reload20_45</reloadEffect>
      <pitchLimits>
        <minPitch>0.0 -20.0 1.0 -20.0</minPitch>
        <maxPitch>0.0 10.0 1.0 10.0</maxPitch>
      </pitchLimits>
      <turretYawLimits>-180 180</turretYawLimits>
      <rotationSpeed>	40	</rotationSpeed>
      <reloadTime>4.04</reloadTime>
      <maxAmmo>	76	</maxAmmo>
      <aimingTime>4.04</aimingTime>
      <weight>	235	</weight>
      <maxHealth>	60	</maxHealth>
      <maxRegenHealth>	30	</maxRegenHealth>
      <repairCost>	1	</repairCost>
      <invisibilityFactorAtShot>0.1</invisibilityFactorAtShot>
      <shotDispersionRadius>0.4</shotDispersionRadius>
      <shotDispersionFactors>
        <turretRotation>0.16</turretRotation>
        <afterShot>4.0</afterShot>
        <whileGunDamaged>2.0</whileGunDamaged>
      </shotDispersionFactors>
      <shots>
        <_37mm_Prurazny_vz_34>
          <defaultPortion>1.0</defaultPortion>
          <speed>	675	</speed>
          <gravity>9.81</gravity>
          <maxDistance>	720	</maxDistance>
          <piercingPower>52 45</piercingPower>
        </_37mm_Prurazny_vz_34>
        <_37mm_Prurazny_vz_40_s_oc_jadrem>
          <defaultPortion>0.0</defaultPortion>
          <speed>	830	</speed>
          <gravity>9.81</gravity>
          <maxDistance>	720	</maxDistance>
          <piercingPower>74 60</piercingPower>
        </_37mm_Prurazny_vz_40_s_oc_jadrem>
        <_37mm_Narazovy_vz_34>
          <defaultPortion>0.0</defaultPortion>
          <speed>	687	</speed>
          <gravity>9.81</gravity>
          <maxDistance>	720	</maxDistance>
          <piercingPower>18 18</piercingPower>
        </_37mm_Narazovy_vz_34>
      </shots>
    </_37mm_Skoda_A8>
    <_37mm_Skoda_A7>
      <userString>#czech_vehicles:_37mm_Skoda_A7</userString>
      <tags>
      </tags>
      <level>	2	</level>
      <price>	3460	</price>
      <impulse>0.22</impulse>
      <recoil>
        <lodDist>MEDIUM</lodDist>
        <amplitude>0.24</amplitude>
        <recoilEffect>small</recoilEffect>
      </recoil>
      <effects>shot_50mm_kwk</effects>
      <reloadEffect>reload20_45</reloadEffect>
      <pitchLimits>
        <minPitch>0.0 -20.0 1.0 -20.0</minPitch>
        <maxPitch>0.0 10.0 1.0 10.0</maxPitch>
      </pitchLimits>
      <turretYawLimits>-180 180</turretYawLimits>
      <rotationSpeed>	40	</rotationSpeed>
      <reloadTime>4.04</reloadTime>
      <maxAmmo>	90	</maxAmmo>
      <aimingTime>4.04</aimingTime>
      <weight>	275	</weight>
      <maxHealth>	60	</maxHealth>
      <maxRegenHealth>	30	</maxRegenHealth>
      <repairCost>	1	</repairCost>
      <invisibilityFactorAtShot>0.1</invisibilityFactorAtShot>
      <shotDispersionRadius>0.4</shotDispersionRadius>
      <shotDispersionFactors>
        <turretRotation>0.16</turretRotation>
        <afterShot>4.0</afterShot>
        <whileGunDamaged>2.0</whileGunDamaged>
      </shotDispersionFactors>
      <shots>
        <_37mm_Prurazny_vz_37>
          <defaultPortion>1.0</defaultPortion>
          <speed>	750	</speed>
          <gravity>9.81</gravity>
          <maxDistance>	720	</maxDistance>
          <piercingPower>61 50</piercingPower>
        </_37mm_Prurazny_vz_37>
        <_37mm_Prurazny_vz_40_s_wolf_jadrem>
          <defaultPortion>0.0</defaultPortion>
          <speed>	1020	</speed>
          <gravity>9.81</gravity>
          <maxDistance>	720	</maxDistance>
          <piercingPower>86 46</piercingPower>
        </_37mm_Prurazny_vz_40_s_wolf_jadrem>
        <_37mm_Narazovy_vz_34>
          <defaultPortion>0.0</defaultPortion>
          <speed>	730	</speed>
          <gravity>9.81</gravity>
          <maxDistance>	720	</maxDistance>
          <piercingPower>18 18</piercingPower>
        </_37mm_Narazovy_vz_34>
      </shots>
    </_37mm_Skoda_A7>
    <_37mm_Skoda_A23>
      <userString>#czech_vehicles:_37mm_Skoda_A23</userString>
      <tags>
      </tags>
      <level>	4	</level>
      <price>	16500	</price>
      <impulse>0.22</impulse>
      <recoil>
        <lodDist>MEDIUM</lodDist>
        <amplitude>0.24</amplitude>
        <recoilEffect>small</recoilEffect>
      </recoil>
      <effects>shot_50mm_kwk</effects>
      <reloadEffect>reload20_45</reloadEffect>
      <pitchLimits>
        <minPitch>0.0 -20.0 1.0 -20.0</minPitch>
        <maxPitch>0.0 10.0 1.0 10.0</maxPitch>
      </pitchLimits>
      <turretYawLimits>-180 180</turretYawLimits>
      <rotationSpeed>	40	</rotationSpeed>
      <reloadTime>4.04</reloadTime>
      <maxAmmo>	90	</maxAmmo>
      <aimingTime>4.04</aimingTime>
      <weight>	380	</weight>
      <maxHealth>	66	</maxHealth>
      <maxRegenHealth>	33	</maxRegenHealth>
      <repairCost>	2	</repairCost>
      <invisibilityFactorAtShot>0.1</invisibilityFactorAtShot>
      <shotDispersionRadius>0.4</shotDispersionRadius>
      <shotDispersionFactors>
        <turretRotation>0.16</turretRotation>
        <afterShot>4.0</afterShot>
        <whileGunDamaged>2.0</whileGunDamaged>
      </shotDispersionFactors>
      <shots>
        <_37mm_Prurazny_vz_47>
          <defaultPortion>1.0</defaultPortion>
          <speed>	900	</speed>
          <gravity>9.81</gravity>
          <maxDistance>	720	</maxDistance>
          <piercingPower>82 66</piercingPower>
        </_37mm_Prurazny_vz_47>
        <_37mm_Prurazny_vz_47_s_wolf_jadrem>
          <defaultPortion>0.0</defaultPortion>
          <speed>	1224	</speed>
          <gravity>9.81</gravity>
          <maxDistance>	720	</maxDistance>
          <piercingPower>115 61</piercingPower>
        </_37mm_Prurazny_vz_47_s_wolf_jadrem>
        <_37mm_Narazovy_vz_47>
          <defaultPortion>0.0</defaultPortion>
          <speed>	915	</speed>
          <gravity>9.81</gravity>
          <maxDistance>	720	</maxDistance>
          <piercingPower>18 18</piercingPower>
        </_37mm_Narazovy_vz_47>
      </shots>
    </_37mm_Skoda_A23>
    <_47mm_Rychlopalne_delo_Vickers_L_20>
      <userString>#czech_vehicles:_47mm_Rychlopalne_delo_Vickers_L_20</userString>
      <tags>
      </tags>
      <level>	2	</level>
      <price>	2400	</price>
      <impulse>0.2</impulse>
      <recoil>
        <lodDist>MEDIUM</lodDist>
        <amplitude>0.12</amplitude>
        <recoilEffect>small</recoilEffect>
      </recoil>
      <effects>shot_50mm_kwk</effects>
      <reloadEffect>reload20_45</reloadEffect>
      <pitchLimits>
        <minPitch>0.0 -25.0 1.0 -25.0</minPitch>
        <maxPitch>0.0 8.0 1.0 8.0</maxPitch>
      </pitchLimits>
      <turretYawLimits>-180 180</turretYawLimits>
      <rotationSpeed>	40	</rotationSpeed>
      <reloadTime>2.28571428571429</reloadTime>
      <maxAmmo>	84	</maxAmmo>
      <aimingTime>2.28571428571429</aimingTime>
      <weight>	100	</weight>
      <maxHealth>	70	</maxHealth>
      <maxRegenHealth>	35	</maxRegenHealth>
      <repairCost>	2	</repairCost>
      <invisibilityFactorAtShot>0.1</invisibilityFactorAtShot>
      <shotDispersionRadius>0.45714285714286</shotDispersionRadius>
      <shotDispersionFactors>
        <turretRotation>0.16</turretRotation>
        <afterShot>4.0</afterShot>
        <whileGunDamaged>2.0</whileGunDamaged>
      </shotDispersionFactors>
      <shots>
        <_47mm_Prurazny>
          <defaultPortion>1.0</defaultPortion>
          <speed>	488	</speed>
          <gravity>9.81</gravity>
          <maxDistance>	720	</maxDistance>
          <piercingPower>45 23</piercingPower>
        </_47mm_Prurazny>
        <_47mm_Prurazny_s_oc_jadrem>
          <defaultPortion>0.0</defaultPortion>
          <speed>	610	</speed>
          <gravity>9.81</gravity>
          <maxDistance>	720	</maxDistance>
          <piercingPower>70 45</piercingPower>
        </_47mm_Prurazny_s_oc_jadrem>
        <_47mm_Narazovy>
          <defaultPortion>0.0</defaultPortion>
          <speed>	230	</speed>
          <gravity>9.81</gravity>
          <maxDistance>	720	</maxDistance>
          <piercingPower>23 23</piercingPower>
        </_47mm_Narazovy>
      </shots>
    </_47mm_Rychlopalne_delo_Vickers_L_20>
    <_47mm_Skoda_A9>
      <userString>#czech_vehicles:_47mm_Skoda_A9</userString>
      <tags>
      </tags>
      <level>	3	</level>
      <price>	4800	</price>
      <impulse>0.24</impulse>
      <recoil>
        <lodDist>MEDIUM</lodDist>
        <amplitude>0.32</amplitude>
        <recoilEffect>small</recoilEffect>
      </recoil>
      <effects>shot_50mm_kwk</effects>
      <reloadEffect>reload20_45</reloadEffect>
      <pitchLimits>
        <minPitch>0.0 -25.0 1.0 -25.0</minPitch>
        <maxPitch>0.0 10.0 1.0 10.0</maxPitch>
      </pitchLimits>
      <turretYawLimits>-180 180</turretYawLimits>
      <rotationSpeed>	40	</rotationSpeed>
      <reloadTime>4.04</reloadTime>
      <maxAmmo>	88	</maxAmmo>
      <aimingTime>4.04</aimingTime>
      <weight>	400	</weight>
      <maxHealth>	76	</maxHealth>
      <maxRegenHealth>	38	</maxRegenHealth>
      <repairCost>	1	</repairCost>
      <invisibilityFactorAtShot>0.1</invisibilityFactorAtShot>
      <shotDispersionRadius>0.4</shotDispersionRadius>
      <shotDispersionFactors>
        <turretRotation>0.16</turretRotation>
        <afterShot>4.0</afterShot>
        <whileGunDamaged>2.0</whileGunDamaged>
      </shotDispersionFactors>
      <shots>
        <_47mm_Prurazny_vz_36>
          <defaultPortion>1.0</defaultPortion>
          <speed>	782	</speed>
          <gravity>9.81</gravity>
          <maxDistance>	720	</maxDistance>
          <piercingPower>62 55</piercingPower>
        </_47mm_Prurazny_vz_36>
        <_47mm_Prurazny_vz_40_s_wolf_jadrem>
          <defaultPortion>0.0</defaultPortion>
          <speed>	1080	</speed>
          <gravity>9.81</gravity>
          <maxDistance>	720	</maxDistance>
          <piercingPower>115 68</piercingPower>
        </_47mm_Prurazny_vz_40_s_wolf_jadrem>
        <_47mm_Narazovy_vz_36>
          <defaultPortion>0.0</defaultPortion>
          <speed>	660	</speed>
          <gravity>9.81</gravity>
          <maxDistance>	720	</maxDistance>
          <piercingPower>24 24</piercingPower>
        </_47mm_Narazovy_vz_36>
      </shots>
    </_47mm_Skoda_A9>
    <_47mm_Skoda_A11>
      <userString>#czech_vehicles:_47mm_Skoda_A11</userString>
      <tags>
      </tags>
      <level>	4	</level>
      <price>	16350	</price>
      <impulse>0.24</impulse>
      <recoil>
        <lodDist>MEDIUM</lodDist>
        <amplitude>0.32</amplitude>
        <recoilEffect>small</recoilEffect>
      </recoil>
      <effects>shot_50mm_kwk</effects>
      <reloadEffect>reload20_45</reloadEffect>
      <pitchLimits>
        <minPitch>0.0 -25.0 1.0 -25.0</minPitch>
        <maxPitch>0.0 10.0 1.0 10.0</maxPitch>
      </pitchLimits>
      <turretYawLimits>-180 180</turretYawLimits>
      <rotationSpeed>	40	</rotationSpeed>
      <reloadTime>4.04</reloadTime>
      <maxAmmo>	88	</maxAmmo>
      <aimingTime>4.04</aimingTime>
      <weight>	400	</weight>
      <maxHealth>	76	</maxHealth>
      <maxRegenHealth>	38	</maxRegenHealth>
      <repairCost>	1	</repairCost>
      <invisibilityFactorAtShot>0.1</invisibilityFactorAtShot>
      <shotDispersionRadius>0.4</shotDispersionRadius>
      <shotDispersionFactors>
        <turretRotation>0.16</turretRotation>
        <afterShot>4.0</afterShot>
        <whileGunDamaged>2.0</whileGunDamaged>
      </shotDispersionFactors>
      <shots>
        <_47mm_Prurazny_vz_36>
          <defaultPortion>1.0</defaultPortion>
          <speed>	782	</speed>
          <gravity>9.81</gravity>
          <maxDistance>	720	</maxDistance>
          <piercingPower>62 55</piercingPower>
        </_47mm_Prurazny_vz_36>
        <_47mm_Prurazny_vz_40_s_wolf_jadrem>
          <defaultPortion>0.0</defaultPortion>
          <speed>	1080	</speed>
          <gravity>9.81</gravity>
          <maxDistance>	720	</maxDistance>
          <piercingPower>115 68</piercingPower>
        </_47mm_Prurazny_vz_40_s_wolf_jadrem>
        <_47mm_Narazovy_vz_36>
          <defaultPortion>0.0</defaultPortion>
          <speed>	660	</speed>
          <gravity>9.81</gravity>
          <maxDistance>	720	</maxDistance>
          <piercingPower>24 24</piercingPower>
        </_47mm_Narazovy_vz_36>
      </shots>
    </_47mm_Skoda_A11>
    <_47mm_Skoda_A11_vylepseny>
      <userString>#czech_vehicles:_47mm_Skoda_A11_vylepseny</userString>
      <tags>
      </tags>
      <level>	4	</level>
      <price>	23000	</price>
      <impulse>0.24</impulse>
      <recoil>
        <lodDist>MEDIUM</lodDist>
        <amplitude>0.32</amplitude>
        <recoilEffect>small</recoilEffect>
      </recoil>
      <effects>shot_50mm_kwk</effects>
      <reloadEffect>reload20_45</reloadEffect>
      <pitchLimits>
        <minPitch>0.0 -25.0 1.0 -25.0</minPitch>
        <maxPitch>0.0 10.0 1.0 10.0</maxPitch>
      </pitchLimits>
      <turretYawLimits>-180 180</turretYawLimits>
      <rotationSpeed>	40	</rotationSpeed>
      <reloadTime>4.04</reloadTime>
      <maxAmmo>	88	</maxAmmo>
      <aimingTime>4.04</aimingTime>
      <weight>	400	</weight>
      <maxHealth>	76	</maxHealth>
      <maxRegenHealth>	38	</maxRegenHealth>
      <repairCost>	1	</repairCost>
      <invisibilityFactorAtShot>0.1</invisibilityFactorAtShot>
      <shotDispersionRadius>0.4</shotDispersionRadius>
      <shotDispersionFactors>
        <turretRotation>0.16</turretRotation>
        <afterShot>4.0</afterShot>
        <whileGunDamaged>2.0</whileGunDamaged>
      </shotDispersionFactors>
      <shots>
        <_47mm_Prurazny_vz_36>
          <defaultPortion>1.0</defaultPortion>
          <speed>	983	</speed>
          <gravity>9.81</gravity>
          <maxDistance>	720	</maxDistance>
          <piercingPower>86 76</piercingPower>
        </_47mm_Prurazny_vz_36>
        <_47mm_Prurazny_vz_40_s_wolf_jadrem>
          <defaultPortion>0.0</defaultPortion>
          <speed>	1189	</speed>
          <gravity>9.81</gravity>
          <maxDistance>	720	</maxDistance>
          <piercingPower>132 78</piercingPower>
        </_47mm_Prurazny_vz_40_s_wolf_jadrem>
        <_47mm_Narazovy_vz_36>
          <defaultPortion>0.0</defaultPortion>
          <speed>	660	</speed>
          <gravity>9.81</gravity>
          <maxDistance>	720	</maxDistance>
          <piercingPower>24 24</piercingPower>
        </_47mm_Narazovy_vz_36>
      </shots>
    </_47mm_Skoda_A11_vylepseny>
    <_75mm_Skoda_A13>
      <userString>#czech_vehicles:_75mm_Skoda_A13</userString>
      <tags>
      </tags>
      <level>	4	</level>
      <price>	23500	</price>
      <impulse>0.38</impulse>
      <recoil>
        <lodDist>MEDIUM</lodDist>
        <amplitude>0.36</amplitude>
        <recoilEffect>medium</recoilEffect>
      </recoil>
      <effects>shot_75mm_kwk</effects>
      <reloadEffect>reload50_75</reloadEffect>
      <pitchLimits>
        <minPitch>0.0 -20.0 1.0 -20.0</minPitch>
        <maxPitch>0.0 10.0 1.0 10.0</maxPitch>
      </pitchLimits>
      <turretYawLimits>-180 180</turretYawLimits>
      <rotationSpeed>	40	</rotationSpeed>
      <reloadTime>4.04</reloadTime>
      <maxAmmo>	87	</maxAmmo>
      <aimingTime>4.04</aimingTime>
      <weight>	800	</weight>
      <maxHealth>	110	</maxHealth>
      <maxRegenHealth>	55	</maxRegenHealth>
      <repairCost>	5	</repairCost>
      <invisibilityFactorAtShot>0.1</invisibilityFactorAtShot>
      <shotDispersionRadius>0.4</shotDispersionRadius>
      <shotDispersionFactors>
        <turretRotation>0.16</turretRotation>
        <afterShot>4.0</afterShot>
        <whileGunDamaged>2.0</whileGunDamaged>
      </shotDispersionFactors>
      <shots>
        <_75mm_Prurazny_vz_42>
          <defaultPortion>0.95</defaultPortion>
          <speed>	790	</speed>
          <gravity>9.81</gravity>
          <maxDistance>	720	</maxDistance>
          <piercingPower>103 89</piercingPower>
        </_75mm_Prurazny_vz_42>
        <_75mm_Prurazny_vz_42_s_wolf_jadrem>
          <defaultPortion>0.0</defaultPortion>
          <speed>	990	</speed>
          <gravity>9.81</gravity>
          <maxDistance>	720	</maxDistance>
          <piercingPower>139 117</piercingPower>
        </_75mm_Prurazny_vz_42_s_wolf_jadrem>
        <_75mm_Narazovy_vz_42>
          <defaultPortion>0.05</defaultPortion>
          <speed>	550	</speed>
          <gravity>9.81</gravity>
          <maxDistance>	720	</maxDistance>
          <piercingPower>38 38</piercingPower>
        </_75mm_Narazovy_vz_42>
      </shots>
    </_75mm_Skoda_A13>
    <_75mm_Skoda_A18>
      <userString>#czech_vehicles:_75mm_Skoda_A18</userString>
      <tags>
      </tags>
      <level>	5	</level>
      <price>	37360	</price>
      <impulse>0.38</impulse>
      <recoil>
        <lodDist>MEDIUM</lodDist>
        <amplitude>0.36</amplitude>
        <recoilEffect>medium</recoilEffect>
      </recoil>
      <effects>shot_75mm_kwk</effects>
      <reloadEffect>reload50_75</reloadEffect>
      <pitchLimits>
        <minPitch>0.0 -20.0 1.0 -20.0</minPitch>
        <maxPitch>0.0 10.0 1.0 10.0</maxPitch>
      </pitchLimits>
      <turretYawLimits>-180 180</turretYawLimits>
      <rotationSpeed>	40	</rotationSpeed>
      <reloadTime>4.04</reloadTime>
      <maxAmmo>	60	</maxAmmo>
      <aimingTime>4.04</aimingTime>
      <weight>	1000	</weight>
      <maxHealth>	120	</maxHealth>
      <maxRegenHealth>	60	</maxRegenHealth>
      <repairCost>	5	</repairCost>
      <invisibilityFactorAtShot>0.1</invisibilityFactorAtShot>
      <shotDispersionRadius>0.4</shotDispersionRadius>
      <shotDispersionFactors>
        <turretRotation>0.16</turretRotation>
        <afterShot>4.0</afterShot>
        <whileGunDamaged>2.0</whileGunDamaged>
      </shotDispersionFactors>
      <shots>
        <_75mm_Prurazny_vz_42>
          <defaultPortion>0.95</defaultPortion>
          <speed>	900	</speed>
          <gravity>9.81</gravity>
          <maxDistance>	720	</maxDistance>
          <piercingPower>132 119</piercingPower>
        </_75mm_Prurazny_vz_42>
        <_75mm_Prurazny_vz_42_s_wolf_jadrem>
          <defaultPortion>0.0</defaultPortion>
          <speed>	1090	</speed>
          <gravity>9.81</gravity>
          <maxDistance>	720	</maxDistance>
          <piercingPower>185 166</piercingPower>
        </_75mm_Prurazny_vz_42_s_wolf_jadrem>
        <_75mm_Narazovy_vz_42>
          <defaultPortion>0.05</defaultPortion>
          <speed>	680	</speed>
          <gravity>9.81</gravity>
          <maxDistance>	720	</maxDistance>
          <piercingPower>38 38</piercingPower>
        </_75mm_Narazovy_vz_42>
      </shots>
    </_75mm_Skoda_A18>
    <_75mm_Skoda_A18_s_automatickym_nabijenim>
      <userString>#czech_vehicles:_75mm_Skoda_A18_s_automatickym_nabijenim</userString>
      <shortUserString>#czech_vehicles:_75mm_Skoda_A18_s_automatickym_nabijenim_short</shortUserString>
      <tags>
      </tags>
      <level>	6	</level>
      <price>	58500	</price>
      <impulse>0.38</impulse>
      <recoil>
        <lodDist>MEDIUM</lodDist>
        <amplitude>0.36</amplitude>
        <recoilEffect>medium</recoilEffect>
      </recoil>
      <effects>shot_75mm_kwk</effects>
      <reloadEffect>reload50_75</reloadEffect>
      <pitchLimits>
        <minPitch>0.0 -20.0 1.0 -20.0</minPitch>
        <maxPitch>0.0 10.0 1.0 10.0</maxPitch>
      </pitchLimits>
      <turretYawLimits>-180 180</turretYawLimits>
      <rotationSpeed>	40	</rotationSpeed>
      <reloadTime>4.04</reloadTime>
      <maxAmmo>	60	</maxAmmo>
      <aimingTime>4.04</aimingTime>
      <weight>	1300	</weight>
      <maxHealth>	130	</maxHealth>
      <maxRegenHealth>	65	</maxRegenHealth>
      <repairCost>	5	</repairCost>
      <invisibilityFactorAtShot>0.1</invisibilityFactorAtShot>
      <shotDispersionRadius>0.4</shotDispersionRadius>
      <shotDispersionFactors>
        <turretRotation>0.16</turretRotation>
        <afterShot>4.0</afterShot>
        <whileGunDamaged>2.0</whileGunDamaged>
      </shotDispersionFactors>
      <shots>
        <_75mm_Prurazny_vz_42>
          <defaultPortion>0.95</defaultPortion>
          <speed>	900	</speed>
          <gravity>9.81</gravity>
          <maxDistance>	720	</maxDistance>
          <piercingPower>132 119</piercingPower>
        </_75mm_Prurazny_vz_42>
        <_75mm_Prurazny_vz_42_s_wolf_jadrem>
          <defaultPortion>0.0</defaultPortion>
          <speed>	1090	</speed>
          <gravity>9.81</gravity>
          <maxDistance>	720	</maxDistance>
          <piercingPower>185 166</piercingPower>
        </_75mm_Prurazny_vz_42_s_wolf_jadrem>
        <_75mm_Narazovy_vz_42>
          <defaultPortion>0.05</defaultPortion>
          <speed>	680	</speed>
          <gravity>9.81</gravity>
          <maxDistance>	720	</maxDistance>
          <piercingPower>38 38</piercingPower>
        </_75mm_Narazovy_vz_42>
      </shots>
    </_75mm_Skoda_A18_s_automatickym_nabijenim>
    <_85mm_vz_44S>
      <userString>#czech_vehicles:_85mm_vz_44S</userString>
      <tags>
      </tags>
      <level>	6	</level>
      <price>	62500	</price>
      <impulse>0.44</impulse>
      <recoil>
        <lodDist>MEDIUM</lodDist>
        <amplitude>0.3</amplitude>
        <recoilEffect>	main	</recoilEffect>
      </recoil>
      <effects>shot_85mm</effects>
      <reloadEffect>reload85mm</reloadEffect>
      <pitchLimits>
        <minPitch>0.0 -25.0 1.0 -25.0</minPitch>
        <maxPitch>0.0 5.0 1.0 5.0</maxPitch>
      </pitchLimits>
      <turretYawLimits>-180 180</turretYawLimits>
      <rotationSpeed>	40	</rotationSpeed>
      <reloadTime>4.04</reloadTime>
      <maxAmmo>	56	</maxAmmo>
      <aimingTime>4.04</aimingTime>
      <weight>	1550	</weight>
      <maxHealth>	122	</maxHealth>
      <maxRegenHealth>	61	</maxRegenHealth>
      <repairCost>	6	</repairCost>
      <invisibilityFactorAtShot>0.1</invisibilityFactorAtShot>
      <shotDispersionRadius>0.4</shotDispersionRadius>
      <shotDispersionFactors>
        <turretRotation>0.16</turretRotation>
        <afterShot>4.0</afterShot>
        <whileGunDamaged>2.0</whileGunDamaged>
      </shotDispersionFactors>
      <shots>
        <_85mm_vz_44_Protipancerovy>
          <defaultPortion>0.95</defaultPortion>
          <speed>	792	</speed>
          <gravity>9.81</gravity>
          <maxDistance>	720	</maxDistance>
          <piercingPower>126 110</piercingPower>
        </_85mm_vz_44_Protipancerovy>
        <_85mm_vz_44_Protipancerovy_jadrovy>
          <defaultPortion>0.0</defaultPortion>
          <speed>	990	</speed>
          <gravity>9.81</gravity>
          <maxDistance>	720	</maxDistance>
          <piercingPower>167 140</piercingPower>
        </_85mm_vz_44_Protipancerovy_jadrovy>
        <_85mm_vz_44_Narazovy>
          <defaultPortion>0.05</defaultPortion>
          <speed>	792	</speed>
          <gravity>9.81</gravity>
          <maxDistance>	720	</maxDistance>
          <piercingPower>43 43</piercingPower>
        </_85mm_vz_44_Narazovy>
      </shots>
    </_85mm_vz_44S>
    <_88mm_Vz_37N>
      <userString>#czech_vehicles:_88mm_Vz_37N</userString>
      <tags>
      </tags>
      <level>	7	</level>
      <price>	66000	</price>
      <impulse>0.38</impulse>
      <recoil>
        <lodDist>MEDIUM</lodDist>
        <amplitude>0.38</amplitude>
        <recoilEffect>	main	</recoilEffect>
      </recoil>
      <effects>shot_88mm_alt</effects>
      <reloadEffect>reload85_107</reloadEffect>
      <pitchLimits>
        <minPitch>0.0 -17.0 1.0 -17.0</minPitch>
        <maxPitch>0.0 6.0 1.0 6.0</maxPitch>
      </pitchLimits>
      <turretYawLimits>-180 180</turretYawLimits>
      <rotationSpeed>35.0</rotationSpeed>
      <reloadTime>6.8</reloadTime>
      <maxAmmo>	92	</maxAmmo>
      <aimingTime>2.3</aimingTime>
      <weight>	1650	</weight>
      <maxHealth>	150	</maxHealth>
      <maxRegenHealth>	75	</maxRegenHealth>
      <repairCost>	7	</repairCost>
      <invisibilityFactorAtShot>0.1</invisibilityFactorAtShot>
      <shotDispersionRadius>0.37</shotDispersionRadius>
      <shotDispersionFactors>
        <turretRotation>0.16</turretRotation>
        <afterShot>4.0</afterShot>
        <whileGunDamaged>2.0</whileGunDamaged>
      </shotDispersionFactors>
      <shots>
        <_88mm_AP_Vz_39N_OPG>
          <defaultPortion>0.9</defaultPortion>
          <speed>	773	</speed>
          <gravity>9.81</gravity>
          <maxDistance>	720	</maxDistance>
          <piercingPower>145 129</piercingPower>
        </_88mm_AP_Vz_39N_OPG>
        <_88mm_HEAT_Vz_46_prupalny>
          <defaultPortion>0.0</defaultPortion>
          <speed>	600	</speed>
          <gravity>9.81</gravity>
          <maxDistance>	720	</maxDistance>
          <piercingPower>200 200</piercingPower>
        </_88mm_HEAT_Vz_46_prupalny>
        <_88mm_HE_narazovy>
          <defaultPortion>0.1</defaultPortion>
          <speed>	800	</speed>
          <gravity>9.81</gravity>
          <maxDistance>	720	</maxDistance>
          <piercingPower>44 44</piercingPower>
        </_88mm_HE_narazovy>
      </shots>
    </_88mm_Vz_37N>
    <_88mm_Vz_37N_A>
      <userString>#czech_vehicles:_88mm_Vz_37N_A</userString>
      <tags>
      </tags>
      <level>	7	</level>
      <price>	66000	</price>
      <notInShop>	true	</notInShop>
      <impulse>0.38</impulse>
      <recoil>
        <lodDist>MEDIUM</lodDist>
        <amplitude>0.38</amplitude>
        <recoilEffect>	main	</recoilEffect>
      </recoil>
      <effects>shot_88mm_alt</effects>
      <reloadEffect>reload85_107</reloadEffect>
      <pitchLimits>
        <minPitch>0.0 -17.0 1.0 -17.0</minPitch>
        <maxPitch>0.0 6.0 1.0 6.0</maxPitch>
      </pitchLimits>
      <turretYawLimits>-180 180</turretYawLimits>
      <rotationSpeed>35.0</rotationSpeed>
      <reloadTime>6.8</reloadTime>
      <maxAmmo>	92	</maxAmmo>
      <aimingTime>2.3</aimingTime>
      <weight>	1650	</weight>
      <maxHealth>	150	</maxHealth>
      <maxRegenHealth>	75	</maxRegenHealth>
      <repairCost>	7	</repairCost>
      <invisibilityFactorAtShot>0.1</invisibilityFactorAtShot>
      <shotDispersionRadius>0.37</shotDispersionRadius>
      <shotDispersionFactors>
        <turretRotation>0.16</turretRotation>
        <afterShot>4.0</afterShot>
        <whileGunDamaged>2.0</whileGunDamaged>
      </shotDispersionFactors>
      <shots>
        <_88mm_AP_Vz_39N_OPG>
          <defaultPortion>0.9</defaultPortion>
          <speed>	773	</speed>
          <gravity>9.81</gravity>
          <maxDistance>	720	</maxDistance>
          <piercingPower>145 129</piercingPower>
        </_88mm_AP_Vz_39N_OPG>
        <_88mm_HEAT_Vz_46_prupalny>
          <defaultPortion>0.0</defaultPortion>
          <speed>	600	</speed>
          <gravity>9.81</gravity>
          <maxDistance>	720	</maxDistance>
          <piercingPower>200 200</piercingPower>
        </_88mm_HEAT_Vz_46_prupalny>
        <_88mm_HE_narazovy>
          <defaultPortion>0.1</defaultPortion>
          <speed>	800	</speed>
          <gravity>9.81</gravity>
          <maxDistance>	720	</maxDistance>
          <piercingPower>44 44</piercingPower>
        </_88mm_HE_narazovy>
      </shots>
    </_88mm_Vz_37N_A>
    <_88mm_vz_41N>
      <userString>#czech_vehicles:_88mm_vz_41N</userString>
      <tags>
      </tags>
      <level>	8	</level>
      <price>	105800	</price>
      <impulse>0.38</impulse>
      <recoil>
        <lodDist>MEDIUM</lodDist>
        <amplitude>0.4</amplitude>
        <recoilEffect>	main	</recoilEffect>
      </recoil>
      <effects>shot_88mm_alt</effects>
      <reloadEffect>reload85_107</reloadEffect>
      <pitchLimits>
        <minPitch>0.0 -20.0 1.0 -20.0</minPitch>
        <maxPitch>0.0 5.0 1.0 5.0</maxPitch>
      </pitchLimits>
      <turretYawLimits>-180 180</turretYawLimits>
      <rotationSpeed>	30	</rotationSpeed>
      <reloadTime>4.04</reloadTime>
      <maxAmmo>	57	</maxAmmo>
      <aimingTime>4.04</aimingTime>
      <weight>	2700	</weight>
      <maxHealth>	170	</maxHealth>
      <maxRegenHealth>	85	</maxRegenHealth>
      <repairCost>	7	</repairCost>
      <invisibilityFactorAtShot>0.1</invisibilityFactorAtShot>
      <shotDispersionRadius>0.4</shotDispersionRadius>
      <shotDispersionFactors>
        <turretRotation>0.08</turretRotation>
        <afterShot>3.0</afterShot>
        <whileGunDamaged>2.0</whileGunDamaged>
      </shotDispersionFactors>
      <shots>
        <_88mm_vz_41N_OPG>
          <defaultPortion>0.95</defaultPortion>
          <speed>	1020	</speed>
          <gravity>9.81</gravity>
          <maxDistance>	720	</maxDistance>
          <piercingPower>194 177</piercingPower>
        </_88mm_vz_41N_OPG>
        <_88mm_vz_42N_OPG>
          <defaultPortion>0.0</defaultPortion>
          <speed>	1125	</speed>
          <gravity>9.81</gravity>
          <maxDistance>	720	</maxDistance>
          <piercingPower>237 216</piercingPower>
        </_88mm_vz_42N_OPG>
        <_88mm_Narazovy>
          <defaultPortion>0.05</defaultPortion>
          <speed>	520	</speed>
          <gravity>9.81</gravity>
          <maxDistance>	720	</maxDistance>
          <piercingPower>44 44</piercingPower>
        </_88mm_Narazovy>
      </shots>
    </_88mm_vz_41N>
	<_88mm_vz_41N_A>
      <userString>#czech_vehicles:_88mm_vz_41N_A</userString>
      <tags>
      </tags>
      <level>	8	</level>
      <price>	105800	</price>
      <notInShop>	true	</notInShop>
      <impulse>0.38</impulse>
      <recoil>
        <lodDist>MEDIUM</lodDist>
        <amplitude>0.4</amplitude>
        <recoilEffect>	main	</recoilEffect>
      </recoil>
      <effects>shot_88mm_alt</effects>
      <reloadEffect>reload85_107</reloadEffect>
      <pitchLimits>
        <minPitch>0.0 -20.0 1.0 -20.0</minPitch>
        <maxPitch>0.0 5.0 1.0 5.0</maxPitch>
      </pitchLimits>
      <turretYawLimits>-180 180</turretYawLimits>
      <rotationSpeed>	30	</rotationSpeed>
      <reloadTime>4.04</reloadTime>
      <maxAmmo>	57	</maxAmmo>
      <aimingTime>4.04</aimingTime>
      <weight>	2700	</weight>
      <maxHealth>	170	</maxHealth>
      <maxRegenHealth>	85	</maxRegenHealth>
      <repairCost>	7	</repairCost>
      <invisibilityFactorAtShot>0.1</invisibilityFactorAtShot>
      <shotDispersionRadius>0.4</shotDispersionRadius>
      <shotDispersionFactors>
        <turretRotation>0.08</turretRotation>
        <afterShot>3.0</afterShot>
        <whileGunDamaged>2.0</whileGunDamaged>
      </shotDispersionFactors>
      <shots>
        <_88mm_vz_41N_OPG>
          <defaultPortion>0.95</defaultPortion>
          <speed>	1050	</speed>
          <gravity>9.81</gravity>
          <maxDistance>	720	</maxDistance>
          <piercingPower>202 182</piercingPower>
        </_88mm_vz_41N_OPG>
        <_88mm_vz_42N_OPG>
          <defaultPortion>0.0</defaultPortion>
          <speed>	1220	</speed>
          <gravity>9.81</gravity>
          <maxDistance>	720	</maxDistance>
          <piercingPower>242 224</piercingPower>
        </_88mm_vz_42N_OPG>
        <_88mm_Narazovy>
          <defaultPortion>0.05</defaultPortion>
          <speed>	520	</speed>
          <gravity>9.81</gravity>
          <maxDistance>	720	</maxDistance>
          <piercingPower>44 44</piercingPower>
        </_88mm_Narazovy>
      </shots>
    </_88mm_vz_41N_A>
    <_100mm_vz_44S>
      <userString>#czech_vehicles:_100mm_vz_44S</userString>
      <tags>
      </tags>
      <level>	7	</level>
      <price>	79200	</price>
      <impulse>0.44</impulse>
      <recoil>
        <lodDist>MEDIUM</lodDist>
        <amplitude>0.26</amplitude>
        <recoilEffect>	main	</recoilEffect>
      </recoil>
      <effects>shot_100mm</effects>
      <reloadEffect>reload100mm</reloadEffect>
      <pitchLimits>
        <minPitch>0.0 -20.0 1.0 -20.0</minPitch>
        <maxPitch>0.0 3.0 1.0 3.0</maxPitch>
      </pitchLimits>
      <turretYawLimits>-180 180</turretYawLimits>
      <rotationSpeed>	35	</rotationSpeed>
      <reloadTime>4.04</reloadTime>
      <maxAmmo>	24	</maxAmmo>
      <aimingTime>4.04</aimingTime>
      <weight>	2257	</weight>
      <maxHealth>	148	</maxHealth>
      <maxRegenHealth>	74	</maxRegenHealth>
      <repairCost>	8	</repairCost>
      <invisibilityFactorAtShot>0.1</invisibilityFactorAtShot>
      <shotDispersionRadius>0.4</shotDispersionRadius>
      <shotDispersionFactors>
        <turretRotation>0.16</turretRotation>
        <afterShot>4.0</afterShot>
        <whileGunDamaged>2.0</whileGunDamaged>
      </shotDispersionFactors>
      <shots>
        <_100mm_JPSv>
          <defaultPortion>0.95</defaultPortion>
          <speed>	925	</speed>
          <gravity>9.81</gravity>
          <maxDistance>	720	</maxDistance>
          <piercingPower>175 155</piercingPower>
        </_100mm_JPSv>
        <_100mm_JPrSv>
          <defaultPortion>0.0</defaultPortion>
          <speed>	950	</speed>
          <gravity>9.81</gravity>
          <maxDistance>	720	</maxDistance>
          <piercingPower>250 250</piercingPower>
        </_100mm_JPrSv>
        <_100mm_JOF>
          <defaultPortion>0.05</defaultPortion>
          <speed>	900	</speed>
          <gravity>9.81</gravity>
          <maxDistance>	720	</maxDistance>
          <piercingPower>50 50</piercingPower>
        </_100mm_JOF>
      </shots>
    </_100mm_vz_44S>
    <_100mm_A20>
      <userString>#czech_vehicles:_100mm_A20</userString>
      <tags>
      </tags>
      <level>	9	</level>
      <price>	205000	</price>
      <impulse>0.44</impulse>
      <recoil>
        <lodDist>MEDIUM</lodDist>
        <amplitude>0.56</amplitude>
        <recoilEffect>	main	</recoilEffect>
      </recoil>
      <effects>shot_100mm</effects>
      <reloadEffect>reload100mm</reloadEffect>
      <pitchLimits>
        <minPitch>0.0 -20.0 1.0 -20.0</minPitch>
        <maxPitch>0.0 8.0 1.0 8.0</maxPitch>
      </pitchLimits>
      <turretYawLimits>-180 180</turretYawLimits>
      <rotationSpeed>	33	</rotationSpeed>
      <reloadTime>4.04</reloadTime>
      <maxAmmo>	50	</maxAmmo>
      <aimingTime>4.04</aimingTime>
      <weight>	3000	</weight>
      <maxHealth>	194	</maxHealth>
      <maxRegenHealth>	97	</maxRegenHealth>
      <repairCost>	10	</repairCost>
      <invisibilityFactorAtShot>0.1</invisibilityFactorAtShot>
      <shotDispersionRadius>0.4</shotDispersionRadius>
      <shotDispersionFactors>
        <turretRotation>0.16</turretRotation>
        <afterShot>4.0</afterShot>
        <whileGunDamaged>2.0</whileGunDamaged>
      </shotDispersionFactors>
      <shots>
        <_100mm_Prurazny_vz_49>
          <defaultPortion>0.95</defaultPortion>
          <speed>	940	</speed>
          <gravity>9.81</gravity>
          <maxDistance>	720	</maxDistance>
          <piercingPower>205 185</piercingPower>
        </_100mm_Prurazny_vz_49>
        <_100mm_Prurazny_vz_49_s_oc_jadrem>
          <defaultPortion>0.0</defaultPortion>
          <speed>	1062	</speed>
          <gravity>9.81</gravity>
          <maxDistance>	720	</maxDistance>
          <piercingPower>240 216</piercingPower>
        </_100mm_Prurazny_vz_49_s_oc_jadrem>
        <_100mm_Narazovy_vz_49>
          <defaultPortion>0.05</defaultPortion>
          <speed>	900	</speed>
          <gravity>9.81</gravity>
          <maxDistance>	720	</maxDistance>
          <piercingPower>50 50</piercingPower>
        </_100mm_Narazovy_vz_49>
      </shots>
    </_100mm_A20>
    <_100mm_R11>
      <userString>#czech_vehicles:_100mm_R11</userString>
      <tags>
      </tags>
      <level>	9	</level>
      <price>	224000	</price>
      <impulse>0.44</impulse>
      <recoil>
        <lodDist>MEDIUM</lodDist>
        <amplitude>0.56</amplitude>
        <recoilEffect>	main	</recoilEffect>
      </recoil>
      <effects>shot_100mm</effects>
      <reloadEffect>reload100mm</reloadEffect>
      <pitchLimits>
        <minPitch>0.0 -20.0 1.0 -20.0</minPitch>
        <maxPitch>0.0 8.0 1.0 8.0</maxPitch>
      </pitchLimits>
      <turretYawLimits>-180 180</turretYawLimits>
      <rotationSpeed>	33	</rotationSpeed>
      <reloadTime>4.04</reloadTime>
      <maxAmmo>	50	</maxAmmo>
      <aimingTime>4.04</aimingTime>
      <weight>	3800	</weight>
      <maxHealth>	194	</maxHealth>
      <maxRegenHealth>	97	</maxRegenHealth>
      <repairCost>	10	</repairCost>
      <invisibilityFactorAtShot>0.1</invisibilityFactorAtShot>
      <shotDispersionRadius>0.4</shotDispersionRadius>
      <shotDispersionFactors>
        <turretRotation>0.16</turretRotation>
        <afterShot>4.0</afterShot>
        <whileGunDamaged>2.0</whileGunDamaged>
      </shotDispersionFactors>
      <shots>
        <_100mm_Prurazny_vz_49>
          <defaultPortion>0.95</defaultPortion>
          <speed>	1050	</speed>
          <gravity>9.81</gravity>
          <maxDistance>	720	</maxDistance>
          <piercingPower>230 201</piercingPower>
        </_100mm_Prurazny_vz_49>
        <_100mm_Prurazny_vz_49_s_oc_jadrem>
          <defaultPortion>0.0</defaultPortion>
          <speed>	1187	</speed>
          <gravity>9.81</gravity>
          <maxDistance>	720	</maxDistance>
          <piercingPower>269 235</piercingPower>
        </_100mm_Prurazny_vz_49_s_oc_jadrem>
        <_100mm_Narazovy_vz_49>
          <defaultPortion>0.05</defaultPortion>
          <speed>	1000	</speed>
          <gravity>9.81</gravity>
          <maxDistance>	720	</maxDistance>
          <piercingPower>50 50</piercingPower>
        </_100mm_Narazovy_vz_49>
      </shots>
    </_100mm_R11>
    <_100mm_AK1>
      <userString>#czech_vehicles:_100mm_AK1</userString>
      <tags>
      </tags>
      <level>	10	</level>
      <price>	275000	</price>
      <impulse>0.44</impulse>
      <recoil>
        <lodDist>MEDIUM</lodDist>
        <amplitude>0.22</amplitude>
        <recoilEffect>	main	</recoilEffect>
      </recoil>
      <effects>shot_100mm_d54</effects>
      <reloadEffect>reloadt55_auto</reloadEffect>
      <pitchLimits>
        <minPitch>0.0 -20.0 1.0 -20.0</minPitch>
        <maxPitch>0.0 8.0 1.0 8.0</maxPitch>
      </pitchLimits>
      <turretYawLimits>-180 180</turretYawLimits>
      <rotationSpeed>	33	</rotationSpeed>
      <reloadTime>4.04</reloadTime>
      <maxAmmo>	50	</maxAmmo>
      <aimingTime>4.04</aimingTime>
      <weight>	2600	</weight>
      <maxHealth>	200	</maxHealth>
      <maxRegenHealth>	100	</maxRegenHealth>
      <repairCost>	10	</repairCost>
      <invisibilityFactorAtShot>0.1</invisibilityFactorAtShot>
      <shotDispersionRadius>0.4</shotDispersionRadius>
      <shotDispersionFactors>
        <turretRotation>0.16</turretRotation>
        <afterShot>4.0</afterShot>
        <whileGunDamaged>2.0</whileGunDamaged>
      </shotDispersionFactors>
      <shots>
        <_100mm_Prurazny_vz_50>
          <defaultPortion>0.95</defaultPortion>
          <speed>	1400	</speed>
          <gravity>9.81</gravity>
          <maxDistance>	720	</maxDistance>
          <piercingPower>248 225</piercingPower>
        </_100mm_Prurazny_vz_50>
        <_100mm_Prupalny_vz_50>
          <defaultPortion>0.0</defaultPortion>
          <speed>	900	</speed>
          <gravity>9.81</gravity>
          <maxDistance>	720	</maxDistance>
          <piercingPower>310 310</piercingPower>
        </_100mm_Prupalny_vz_50>
        <_100mm_Narazovy_vz_50>
          <defaultPortion>0.05</defaultPortion>
          <speed>	900	</speed>
          <gravity>9.81</gravity>
          <maxDistance>	720	</maxDistance>
          <piercingPower>50 50</piercingPower>
        </_100mm_Narazovy_vz_50>
      </shots>
    </_100mm_AK1>
    <_105mm_vz_39N>
      <userString>#czech_vehicles:_105mm_vz_39N</userString>
      <tags>
      </tags>
      <level>	8	</level>
      <price>	114300	</price>
      <impulse>0.38</impulse>
      <recoil>
        <lodDist>MEDIUM</lodDist>
        <amplitude>0.65</amplitude>
        <recoilEffect>	main	</recoilEffect>
      </recoil>
      <effects>shot_105mm</effects>
      <reloadEffect>reload85_107</reloadEffect>
      <pitchLimits>
        <minPitch>0.0 -20.0 1.0 -20.0</minPitch>
        <maxPitch>0.0 5.0 1.0 5.0</maxPitch>
      </pitchLimits>
      <turretYawLimits>-180 180</turretYawLimits>
      <rotationSpeed>	20	</rotationSpeed>
      <reloadTime>4.04</reloadTime>
      <maxAmmo>	36	</maxAmmo>
      <aimingTime>4.04</aimingTime>
      <weight>	3600	</weight>
      <maxHealth>	190	</maxHealth>
      <maxRegenHealth>	95	</maxRegenHealth>
      <repairCost>	8	</repairCost>
      <invisibilityFactorAtShot>0.1</invisibilityFactorAtShot>
      <shotDispersionRadius>0.4</shotDispersionRadius>
      <shotDispersionFactors>
        <turretRotation>0.08</turretRotation>
        <afterShot>3.0</afterShot>
        <whileGunDamaged>2.0</whileGunDamaged>
      </shotDispersionFactors>
      <shots>
        <_105mm_vz_39N_OPG>
          <defaultPortion>0.95</defaultPortion>
          <speed>	900	</speed>
          <gravity>9.81</gravity>
          <maxDistance>	720	</maxDistance>
          <piercingPower>188 177</piercingPower>
        </_105mm_vz_39N_OPG>
        <_105mm_vz_42N_OPG>
          <defaultPortion>0.0</defaultPortion>
          <speed>	1017	</speed>
          <gravity>9.81</gravity>
          <maxDistance>	720	</maxDistance>
          <piercingPower>235 212</piercingPower>
        </_105mm_vz_42N_OPG>
        <_105mm_Narazovy>
          <defaultPortion>0.05</defaultPortion>
          <speed>	610	</speed>
          <gravity>9.81</gravity>
          <maxDistance>	720	</maxDistance>
          <piercingPower>53 53</piercingPower>
        </_105mm_Narazovy>
      </shots>
    </_105mm_vz_39N>
  </shared>
</guns.xml>