<gun_reload_effects.xml>
  <reload32pdr>
    <type>	SimpleReload	</type>
    <duration>1050.0</duration>
    <sound>gun_rld_32pdr</sound>
  </reload32pdr>
  <reload76mm>
    <type>	SimpleReload	</type>
    <duration>1050.0</duration>
    <sound>gun_rld_76mm</sound>
  </reload76mm>
  <reload85mm>
    <type>	SimpleReload	</type>
    <duration>1050.0</duration>
    <sound>gun_rld_85mm</sound>
  </reload85mm>
  <reload88mm>
    <type>	SimpleReload	</type>
    <duration>1050.0</duration>
    <sound>gun_rld_88mm_kwk</sound>
  </reload88mm>
  <reload90mm_m41>
    <type>	SimpleReload	</type>
    <duration>1050.0</duration>
    <sound>gun_rld_90mm_m41</sound>
  </reload90mm_m41>
  <reload100mm>
    <type>	SimpleReload	</type>
    <duration>1050.0</duration>
    <sound>gun_rld_100mm</sound>
  </reload100mm>
  <reload105mm_l7>
    <type>	SimpleReload	</type>
    <duration>1050.0</duration>
    <sound>gun_rld_105mm_l7</sound>
  </reload105mm_l7>
  <reload105mm_l52>
    <type>	SimpleReload	</type>
    <duration>1050.0</duration>
    <sound>gun_rld_105mm_l52</sound>
  </reload105mm_l52>
  <reload_t90>
    <type>	SimpleReload	</type>
    <duration>1050.0</duration>
    <sound>gun_rld_t90</sound>
  </reload_t90>
  <reload120mm>
    <type>	SimpleReload	</type>
    <duration>1050.0</duration>
    <sound>gun_rld_120mm</sound>
  </reload120mm>
  <reloadrh_120mm>
    <type>	SimpleReload	</type>
    <duration>1050.0</duration>
    <sound>gun_rld_rh_120</sound>
  </reloadrh_120mm>
  <reload122mm_auto>
    <type>	SimpleReload	</type>
    <duration>1050.0</duration>
    <sound>gun_rld_122mm_auto</sound>
  </reload122mm_auto>
  <reload125mm>
    <type>	SimpleReload	</type>
    <duration>1050.0</duration>
    <sound>gun_rld_125mm</sound>
  </reload125mm>
  <reloadt55_auto>
    <type>	SimpleReload	</type>
    <duration>1050.0</duration>
    <sound>gun_rld_t55_auto</sound>
  </reloadt55_auto>
  <reload_bl10>
    <type>	SimpleReload	</type>
    <duration>2100.0</duration>
    <sound>gun_rld_bl10</sound>
  </reload_bl10>
  <reload12_25>
    <type>	SimpleReload	</type>
    <duration>950.0</duration>
    <sound>gun_rld_12_25mm</sound>
  </reload12_25>
  <reload20_45>
    <type>	SimpleReload	</type>
    <duration>660.0</duration>
    <sound>gun_rld_20_45mm</sound>
  </reload20_45>
  <reload50_75>
    <type>	SimpleReload	</type>
    <duration>950.0</duration>
    <sound>gun_rld_50_75mm</sound>
  </reload50_75>
  <reload85_107>
    <type>	SimpleReload	</type>
    <duration>1050.0</duration>
    <sound>gun_rld_85_107mm</sound>
  </reload85_107>
  <reload115_152>
    <type>	SimpleReload	</type>
    <duration>2150.0</duration>
    <sound>gun_rld_115_152mm</sound>
  </reload115_152>
  <reload155_170>
    <type>	SimpleReload	</type>
    <duration>2100.0</duration>
    <sound>gun_rld_155_170mm</sound>
  </reload155_170>
  <reload_automat_reloading_155_170>
    <type>	BarrelReload	</type>
    <duration>	6450	</duration>
    <shellDuration>	1800	</shellDuration>
    <sound>gun_rld_automat_reloading_short_oneshell</sound>
    <startLong>gun_rld_automat_reloading_long_start</startLong>
    <startLoop>gun_rld_automat_reloading_long_loop</startLoop>
    <stopLoop>gun_rld_automat_reloading_long_loop_stop</stopLoop>
    <loopShell>gun_rld_automat_reloading_long_oneshell</loopShell>
    <loopShellDt>0.3</loopShellDt>
    <loopShellLast>gun_rld_automat_reloading_long_oneshell_last</loopShellLast>
    <loopShellLastDt>1.8</loopShellLastDt>
    <lastShellAlert>gun_rld_automat_reloading_short_lastshell</lastShellAlert>
    <ammoLow>gun_rld_automat_no_enough_shells</ammoLow>
    <caliber>SWITCH_ext_rld_automat_caliber_155_170mm</caliber>
  </reload_automat_reloading_155_170>
  <reload_automat_reloading_115_152>
    <type>	BarrelReload	</type>
    <duration>	6450	</duration>
    <shellDuration>	1500	</shellDuration>
    <sound>gun_rld_automat_reloading_short_oneshell</sound>
    <startLong>gun_rld_automat_reloading_long_start</startLong>
    <startLoop>gun_rld_automat_reloading_long_loop</startLoop>
    <stopLoop>gun_rld_automat_reloading_long_loop_stop</stopLoop>
    <loopShell>gun_rld_automat_reloading_long_oneshell</loopShell>
    <loopShellDt>0.3</loopShellDt>
    <loopShellLast>gun_rld_automat_reloading_long_oneshell_last</loopShellLast>
    <loopShellLastDt>1.5</loopShellLastDt>
    <lastShellAlert>gun_rld_automat_reloading_short_lastshell</lastShellAlert>
    <ammoLow>gun_rld_automat_no_enough_shells</ammoLow>
    <caliber>SWITCH_ext_rld_automat_caliber_115_152mm</caliber>
  </reload_automat_reloading_115_152>
  <reload_automat_reloading_85_107>
    <type>	BarrelReload	</type>
    <duration>	6450	</duration>
    <shellDuration>	1000	</shellDuration>
    <sound>gun_rld_automat_reloading_short_oneshell</sound>
    <startLong>gun_rld_automat_reloading_long_start</startLong>
    <startLoop>gun_rld_automat_reloading_long_loop</startLoop>
    <stopLoop>gun_rld_automat_reloading_long_loop_stop</stopLoop>
    <loopShell>gun_rld_automat_reloading_long_oneshell</loopShell>
    <loopShellDt>0.3</loopShellDt>
    <loopShellLast>gun_rld_automat_reloading_long_oneshell_last</loopShellLast>
    <loopShellLastDt>1.0</loopShellLastDt>
    <lastShellAlert>gun_rld_automat_reloading_short_lastshell</lastShellAlert>
    <ammoLow>gun_rld_automat_no_enough_shells</ammoLow>
    <caliber>SWITCH_ext_rld_automat_caliber_85_107mm</caliber>
  </reload_automat_reloading_85_107>
  <reload_automat_reloading_50_75>
    <type>	BarrelReload	</type>
    <duration>	6450	</duration>
    <shellDuration>	900	</shellDuration>
    <sound>gun_rld_automat_reloading_short_oneshell</sound>
    <startLong>gun_rld_automat_reloading_long_start</startLong>
    <startLoop>gun_rld_automat_reloading_long_loop</startLoop>
    <stopLoop>gun_rld_automat_reloading_long_loop_stop</stopLoop>
    <loopShell>gun_rld_automat_reloading_long_oneshell</loopShell>
    <loopShellDt>0.3</loopShellDt>
    <loopShellLast>gun_rld_automat_reloading_long_oneshell_last</loopShellLast>
    <loopShellLastDt>0.9</loopShellLastDt>
    <lastShellAlert>gun_rld_automat_reloading_short_lastshell</lastShellAlert>
    <ammoLow>gun_rld_automat_no_enough_shells</ammoLow>
    <caliber>SWITCH_ext_rld_automat_caliber_50_75mm</caliber>
  </reload_automat_reloading_50_75>
  <reload_automat_reloading_20_45>
    <type>	BarrelReload	</type>
    <duration>	4450	</duration>
    <shellDuration>	500	</shellDuration>
    <sound>gun_rld_automat_reloading_short_oneshell</sound>
    <startLong>gun_rld_automat_reloading_long_start</startLong>
    <startLoop>gun_rld_automat_reloading_long_loop</startLoop>
    <stopLoop>gun_rld_automat_reloading_long_loop_stop</stopLoop>
    <loopShell>gun_rld_automat_reloading_long_oneshell</loopShell>
    <loopShellDt>0.3</loopShellDt>
    <loopShellLast>gun_rld_automat_reloading_long_oneshell_last</loopShellLast>
    <loopShellLastDt>0.5</loopShellLastDt>
    <lastShellAlert>gun_rld_automat_reloading_short_lastshell</lastShellAlert>
    <ammoLow>gun_rld_automat_no_enough_shells</ammoLow>
    <caliber>SWITCH_ext_rld_automat_caliber_20_45mm</caliber>
  </reload_automat_reloading_20_45>
  <reload_automat_reloading_12_25>
    <type>	BarrelReload	</type>
    <duration>	6450	</duration>
    <shellDuration>	200	</shellDuration>
    <sound>gun_rld_automat_reloading_short_oneshell</sound>
    <startLong>gun_rld_automat_reloading_long_start</startLong>
    <startLoop>gun_rld_automat_reloading_long_loop</startLoop>
    <stopLoop>gun_rld_automat_reloading_long_loop_stop</stopLoop>
    <loopShell>gun_rld_automat_reloading_long_oneshell</loopShell>
    <loopShellDt>0.3</loopShellDt>
    <loopShellLast>gun_rld_automat_reloading_long_oneshell_last</loopShellLast>
    <loopShellLastDt>0.2</loopShellLastDt>
    <lastShellAlert>gun_rld_automat_reloading_short_lastshell</lastShellAlert>
    <ammoLow>gun_rld_automat_no_enough_shells</ammoLow>
    <caliber>SWITCH_ext_rld_automat_caliber_12_25mm</caliber>
  </reload_automat_reloading_12_25>
  <autoloader_reload85_107>
    <type>AutoReload</type>
    <duration>1100.0</duration>
    <sound>gun_rld_autoloader_short_oneshell</sound>
    <reloadStart>gun_rld_autoloader_long_start</reloadStart>
    <autoLoaderFull>gun_rld_autoloader_full_complete</autoLoaderFull>
    <lastShellAlert>gun_rld_autoloader_short_lastshell</lastShellAlert>
    <clipShellLoad>gun_rld_autoloader_long_oneshell</clipShellLoad>
    <clipShellLoadDuration>700.0</clipShellLoadDuration>
    <ammoLow>gun_rld_autoloader_no_enough_shells</ammoLow>
    <almostComplete>gun_rld_autoloader_full_almost_complete</almostComplete>
    <shotFail>gun_rld_autoloader_shot_fail</shotFail>
    <almostCompleteDuration>6000.0</almostCompleteDuration>
    <caliber>SWITCH_ext_rld_autoloader_caliber_85_107mm</caliber>
  </autoloader_reload85_107>
  <dualgun_reload85_107>
    <type>DualGunReload</type>
    <sound>gun_rld_dual_reloading_oneshell</sound>
    <runTimeDelta>0.9</runTimeDelta>
    <ammoLowSound>gun_rld_dual_reloading_oneshell_last</ammoLowSound>
    <runTimeDeltaAmmoLow>0.5</runTimeDeltaAmmoLow>
    <caliber>SWITCH_ext_rld_autoloader_caliber_85_107mm</caliber>
  </dualgun_reload85_107>
  <dualgun_reload115_152>
    <type>DualGunReload</type>
    <sound>gun_rld_dual_reloading_oneshell</sound>
    <runTimeDelta>1.8</runTimeDelta>
    <ammoLowSound>gun_rld_dual_reloading_oneshell_last</ammoLowSound>
    <runTimeDeltaAmmoLow>0.5</runTimeDeltaAmmoLow>
    <caliber>SWITCH_ext_rld_autoloader_caliber_115_152mm</caliber>
  </dualgun_reload115_152>
</gun_reload_effects.xml>