<guns.xml>
  <ids>
    <Cannone_da_90_50_T119E1>	0	</Cannone_da_90_50_T119E1>
    <Cannone_da_37_20>	1	</Cannone_da_37_20>
    <Cannone_da_37_40>	2	</Cannone_da_37_40>
    <Mitragliera_Breda_cal_20_mod_35>	3	</Mitragliera_Breda_cal_20_mod_35>
    <Cannone_da_47_32>	4	</Cannone_da_47_32>
    <Cannone_da_47_40>	5	</Cannone_da_47_40>
    <Cannone_da_75_32>	6	</Cannone_da_75_32>
    <Cannone_da_75_34>	7	</Cannone_da_75_34>
    <Cannone_da_75_46>	8	</Cannone_da_75_46>
    <Cannone_da_75_50_Skoda>	9	</Cannone_da_75_50_Skoda>
    <Cannone_da_90_42>	10	</Cannone_da_90_42>
    <Cannone_da_90_53>	11	</Cannone_da_90_53>
    <Cannone_da_90_74>	12	</Cannone_da_90_74>
    <Cannone_da_90_Rh>	13	</Cannone_da_90_Rh>
    <Cannone_da_105_Rh_V1>	14	</Cannone_da_105_Rh_V1>
    <Cannone_da_105_51_M68>	15	</Cannone_da_105_51_M68>
	<Cannone_da_105_55>	17	</Cannone_da_105_55>
    <_120mm_Cannone_da_120_67_T53>	24	</_120mm_Cannone_da_120_67_T53>
  </ids>
  <shared>
    <Mitragliera_Breda_cal_20_mod_35>
      <userString>#italy_vehicles:Mitragliera_Breda_cal_20_mod_35</userString>
      <tags>
      </tags>
      <level>	2	</level>
      <price>	2900	</price>
      <impulse>0.06</impulse>
      <recoil>
        <lodDist>MEDIUM</lodDist>
        <amplitude>	0.000000	</amplitude>
        <recoilEffect>	auto	</recoilEffect>
      </recoil>
      <effects>shot_15mm_besa</effects>
      <reloadEffect>reload12_25</reloadEffect>
      <pitchLimits>
        <minPitch>0.0 -20.0 1.0 -20.0</minPitch>
        <maxPitch>0.0 10.0 1.0 10.0</maxPitch>
      </pitchLimits>
      <turretYawLimits>-180 180</turretYawLimits>
      <rotationSpeed>43.75</rotationSpeed>
      <reloadTime>	5	</reloadTime>
      <maxAmmo>	340	</maxAmmo>
      <aimingTime>	2	</aimingTime>
      <clip>
        <count>	12	</count>
        <rate>	240	</rate>
      </clip>
      <burst>
        <count>	3	</count>
        <rate>	240	</rate>
      </burst>
      <weight>	69	</weight>
      <maxHealth>	40	</maxHealth>
      <maxRegenHealth>	20	</maxRegenHealth>
      <repairCost>	1	</repairCost>
      <invisibilityFactorAtShot>0.1</invisibilityFactorAtShot>
      <shotDispersionRadius>0.5</shotDispersionRadius>
      <shotDispersionFactors>
        <turretRotation>0.12</turretRotation>
        <afterShot>1.3</afterShot>
        <whileGunDamaged>2.0</whileGunDamaged>
      </shotDispersionFactors>
      <shots>
        <_20mm_c_p_20_mod_35>
          <defaultPortion>1.0</defaultPortion>
          <speed>	825	</speed>
          <gravity>9.81</gravity>
          <maxDistance>	400	</maxDistance>
          <piercingPower>38 23</piercingPower>
        </_20mm_c_p_20_mod_35>
        <_20mm_c_p_20_138_B>
          <defaultPortion>0.0</defaultPortion>
          <speed>	840	</speed>
          <gravity>9.81</gravity>
          <maxDistance>	400	</maxDistance>
          <piercingPower>49 26</piercingPower>
        </_20mm_c_p_20_138_B>
      </shots>
    </Mitragliera_Breda_cal_20_mod_35>
    <Cannone_da_37_20>
      <userString>#italy_vehicles:Cannone_da_37_20</userString>
      <tags>
      </tags>
      <level>	1	</level>
      <price>	0	</price>
      <impulse>0.26</impulse>
      <recoil>
        <lodDist>MEDIUM</lodDist>
        <amplitude>0.1</amplitude>
        <recoilEffect>small</recoilEffect>
      </recoil>
      <effects>shot_50mm_kwk</effects>
      <reloadEffect>reload20_45</reloadEffect>
      <pitchLimits>
        <minPitch>0.0 -35.0 1.0 -35.0</minPitch>
        <maxPitch>0.0 20.0 1.0 20.0</maxPitch>
      </pitchLimits>
      <turretYawLimits>-180 180</turretYawLimits>
      <rotationSpeed>43.75</rotationSpeed>
      <reloadTime>2.51428571428571</reloadTime>
      <maxAmmo>	237	</maxAmmo>
      <aimingTime>	2	</aimingTime>
      <weight>	30	</weight>
      <maxHealth>	54	</maxHealth>
      <maxRegenHealth>	27	</maxRegenHealth>
      <repairCost>	1	</repairCost>
      <invisibilityFactorAtShot>0.1</invisibilityFactorAtShot>
      <shotDispersionRadius>0.537142857142857</shotDispersionRadius>
      <shotDispersionFactors>
        <turretRotation>0.18</turretRotation>
        <afterShot>4.0</afterShot>
        <whileGunDamaged>2.0</whileGunDamaged>
      </shotDispersionFactors>
      <shots>
        <_37mm_c_p_K_ogival>
          <defaultPortion>1.0</defaultPortion>
          <speed>	395	</speed>
          <gravity>9.81</gravity>
          <maxDistance>	720	</maxDistance>
          <piercingPower>29 22</piercingPower>
        </_37mm_c_p_K_ogival>
        <_37mm_c_p_AZ_BT>
          <defaultPortion>0.0</defaultPortion>
          <speed>	607	</speed>
          <gravity>9.81</gravity>
          <maxDistance>	720	</maxDistance>
          <piercingPower>46 34</piercingPower>
        </_37mm_c_p_AZ_BT>
        <_37mm_c_g_scoppiante>
          <defaultPortion>0.0</defaultPortion>
          <speed>	377	</speed>
          <gravity>9.81</gravity>
          <maxDistance>	720	</maxDistance>
          <piercingPower>18 18</piercingPower>
        </_37mm_c_g_scoppiante>
      </shots>
    </Cannone_da_37_20>
    <Cannone_da_37_40>
      <userString>#italy_vehicles:Cannone_da_37_40</userString>
      <tags>
      </tags>
      <level>	1	</level>
      <price>	1950	</price>
      <impulse>0.26</impulse>
      <recoil>
        <lodDist>MEDIUM</lodDist>
        <amplitude>0.2</amplitude>
        <recoilEffect>small</recoilEffect>
      </recoil>
      <effects>shot_50mm_kwk</effects>
      <reloadEffect>reload20_45</reloadEffect>
      <pitchLimits>
        <minPitch>0.0 -20.0 1.0 -20.0</minPitch>
        <maxPitch>0.0 10.0 1.0 10.0</maxPitch>
      </pitchLimits>
      <turretYawLimits>-180 180</turretYawLimits>
      <rotationSpeed>43.75</rotationSpeed>
      <reloadTime>	2	</reloadTime>
      <maxAmmo>	100	</maxAmmo>
      <aimingTime>	2	</aimingTime>
      <weight>	95	</weight>
      <maxHealth>	54	</maxHealth>
      <maxRegenHealth>	27	</maxRegenHealth>
      <repairCost>	1	</repairCost>
      <invisibilityFactorAtShot>0.1</invisibilityFactorAtShot>
      <shotDispersionRadius>0.4</shotDispersionRadius>
      <shotDispersionFactors>
        <turretRotation>0.16</turretRotation>
        <afterShot>4.0</afterShot>
        <whileGunDamaged>2.0</whileGunDamaged>
      </shotDispersionFactors>
      <shots>
        <_37mm_c_p_37_40>
          <defaultPortion>1.0</defaultPortion>
          <speed>	640	</speed>
          <gravity>9.81</gravity>
          <maxDistance>	720	</maxDistance>
          <piercingPower>39 32</piercingPower>
        </_37mm_c_p_37_40>
        <_37mm_c_g_p_37_40>
          <defaultPortion>0.0</defaultPortion>
          <speed>	640	</speed>
          <gravity>9.81</gravity>
          <maxDistance>	720	</maxDistance>
          <piercingPower>60 44</piercingPower>
        </_37mm_c_g_p_37_40>
        <_37mm_c_mitraglia_37_40>
          <defaultPortion>0.0</defaultPortion>
          <speed>	550	</speed>
          <gravity>9.81</gravity>
          <maxDistance>	720	</maxDistance>
          <piercingPower>18 18</piercingPower>
        </_37mm_c_mitraglia_37_40>
      </shots>
    </Cannone_da_37_40>
    <Cannone_da_47_32>
      <userString>#italy_vehicles:Cannone_da_47_32</userString>
      <tags>
      </tags>
      <level>	2	</level>
      <price>	3400	</price>
      <impulse>0.26</impulse>
      <recoil>
        <lodDist>MEDIUM</lodDist>
        <amplitude>0.35</amplitude>
        <recoilEffect>medium</recoilEffect>
      </recoil>
      <effects>shot_50mm_kwk</effects>
      <reloadEffect>reload20_45</reloadEffect>
      <pitchLimits>
        <minPitch>0.0 -20.0 1.0 -20.0</minPitch>
        <maxPitch>0.0 10.0 1.0 10.0</maxPitch>
      </pitchLimits>
      <turretYawLimits>-180 180</turretYawLimits>
      <rotationSpeed>43.75</rotationSpeed>
      <reloadTime>	3	</reloadTime>
      <maxAmmo>	92	</maxAmmo>
      <aimingTime>	2	</aimingTime>
      <weight>	210	</weight>
      <maxHealth>	84	</maxHealth>
      <maxRegenHealth>	42	</maxRegenHealth>
      <repairCost>	4	</repairCost>
      <invisibilityFactorAtShot>0.1</invisibilityFactorAtShot>
      <shotDispersionRadius>0.4</shotDispersionRadius>
      <shotDispersionFactors>
        <turretRotation>0.08</turretRotation>
        <afterShot>4.0</afterShot>
        <whileGunDamaged>2.0</whileGunDamaged>
      </shotDispersionFactors>
      <shots>
        <_47mm_c_p_47_32_mod_39>
          <defaultPortion>1.0</defaultPortion>
          <speed>	630	</speed>
          <gravity>9.81</gravity>
          <maxDistance>	720	</maxDistance>
          <piercingPower>52 40</piercingPower>
        </_47mm_c_p_47_32_mod_39>
        <_47mm_c_g_47_32_EPS>
          <defaultPortion>0.0</defaultPortion>
          <speed>	450	</speed>
          <gravity>9.81</gravity>
          <maxDistance>	720	</maxDistance>
          <piercingPower>75 75</piercingPower>
        </_47mm_c_g_47_32_EPS>
        <_47mm_c_g_47_32_mod_35>
          <defaultPortion>0.0</defaultPortion>
          <speed>	250	</speed>
          <gravity>9.81</gravity>
          <maxDistance>	720	</maxDistance>
          <piercingPower>24 24</piercingPower>
        </_47mm_c_g_47_32_mod_35>
      </shots>
    </Cannone_da_47_32>
    <Cannone_da_47_40>
      <userString>#italy_vehicles:Cannone_da_47_40</userString>
      <tags>
      </tags>
      <level>	3	</level>
      <price>	4650	</price>
      <impulse>0.26</impulse>
      <recoil>
        <lodDist>MEDIUM</lodDist>
        <amplitude>0.16</amplitude>
        <recoilEffect>small</recoilEffect>
      </recoil>
      <effects>shot_50mm_kwk</effects>
      <reloadEffect>reload20_45</reloadEffect>
      <pitchLimits>
        <minPitch>0.0 -20.0 1.0 -20.0</minPitch>
        <maxPitch>0.0 10.0 1.0 10.0</maxPitch>
      </pitchLimits>
      <turretYawLimits>-180 180</turretYawLimits>
      <rotationSpeed>	40	</rotationSpeed>
      <reloadTime>4.04</reloadTime>
      <maxAmmo>	300	</maxAmmo>
      <aimingTime>4.04</aimingTime>
      <weight>	400	</weight>
      <maxHealth>	76	</maxHealth>
      <maxRegenHealth>	38	</maxRegenHealth>
      <repairCost>	1	</repairCost>
      <invisibilityFactorAtShot>0.1</invisibilityFactorAtShot>
      <shotDispersionRadius>0.4</shotDispersionRadius>
      <shotDispersionFactors>
        <turretRotation>0.14</turretRotation>
        <afterShot>	4	</afterShot>
        <whileGunDamaged>2.0</whileGunDamaged>
      </shotDispersionFactors>
      <shots>
        <_47mm_c_p_47_32_mod_39>
          <defaultPortion>1.0</defaultPortion>
          <speed>	830	</speed>
          <gravity>9.81</gravity>
          <maxDistance>	720	</maxDistance>
          <piercingPower>70 57</piercingPower>
        </_47mm_c_p_47_32_mod_39>
        <_47mm_c_g_47_32_EPS>
          <defaultPortion>0.0</defaultPortion>
          <speed>	650	</speed>
          <gravity>9.81</gravity>
          <maxDistance>	720	</maxDistance>
          <piercingPower>95 95</piercingPower>
        </_47mm_c_g_47_32_EPS>
        <_47mm_c_g_47_32_EP>
          <defaultPortion>0.0</defaultPortion>
          <speed>	400	</speed>
          <gravity>9.81</gravity>
          <maxDistance>	720	</maxDistance>
          <piercingPower>45 45</piercingPower>
        </_47mm_c_g_47_32_EP>
      </shots>
    </Cannone_da_47_40>
    <Cannone_da_75_32>
      <userString>#italy_vehicles:Cannone_da_75_32</userString>
      <tags>
      </tags>
      <level>	4	</level>
      <price>	23500	</price>
      <impulse>0.38</impulse>
      <recoil>
        <lodDist>MEDIUM</lodDist>
        <amplitude>0.36</amplitude>
        <recoilEffect>medium</recoilEffect>
      </recoil>
      <effects>shot_75mm_us</effects>
      <reloadEffect>reload50_75</reloadEffect>
      <pitchLimits>
        <minPitch>0.0 -20.0 1.0 -20.0</minPitch>
        <maxPitch>0.0 10.0 1.0 10.0</maxPitch>
      </pitchLimits>
      <turretYawLimits>-180 180</turretYawLimits>
      <rotationSpeed>	40	</rotationSpeed>
      <reloadTime>	4	</reloadTime>
      <maxAmmo>	87	</maxAmmo>
      <aimingTime>	2	</aimingTime>
      <weight>	350	</weight>
      <maxHealth>	110	</maxHealth>
      <maxRegenHealth>	55	</maxRegenHealth>
      <repairCost>	5	</repairCost>
      <invisibilityFactorAtShot>0.1</invisibilityFactorAtShot>
      <shotDispersionRadius>0.4</shotDispersionRadius>
      <shotDispersionFactors>
        <turretRotation>0.16</turretRotation>
        <afterShot>4.0</afterShot>
        <whileGunDamaged>2.0</whileGunDamaged>
      </shotDispersionFactors>
      <shots>
        <_75mm_c_p_75_32>
          <defaultPortion>0.8</defaultPortion>
          <speed>	610	</speed>
          <gravity>9.81</gravity>
          <maxDistance>	720	</maxDistance>
          <piercingPower>92 76</piercingPower>
        </_75mm_c_p_75_32>
        <_75mm_c_g_75_EPS_mod_42>
          <defaultPortion>0.0</defaultPortion>
          <speed>	540	</speed>
          <gravity>9.81</gravity>
          <maxDistance>	720	</maxDistance>
          <piercingPower>120 120</piercingPower>
        </_75mm_c_g_75_EPS_mod_42>
        <_75mm_c_g_75_27_EP_mod_32>
          <defaultPortion>0.2</defaultPortion>
          <speed>	540	</speed>
          <gravity>9.81</gravity>
          <maxDistance>	720	</maxDistance>
          <piercingPower>60 60</piercingPower>
        </_75mm_c_g_75_27_EP_mod_32>
      </shots>
    </Cannone_da_75_32>
    <Cannone_da_75_34>
      <userString>#italy_vehicles:Cannone_da_75_34</userString>
      <tags>
      </tags>
      <level>	4	</level>
      <price>	29000	</price>
      <impulse>0.38</impulse>
      <recoil>
        <lodDist>MEDIUM</lodDist>
        <amplitude>0.36</amplitude>
        <recoilEffect>medium</recoilEffect>
      </recoil>
      <effects>shot_75mm_us</effects>
      <reloadEffect>reload50_75</reloadEffect>
      <pitchLimits>
        <minPitch>0.0 -20.0 1.0 -20.0</minPitch>
        <maxPitch>0.0 10.0 1.0 10.0</maxPitch>
      </pitchLimits>
      <turretYawLimits>-180 180</turretYawLimits>
      <rotationSpeed>	40	</rotationSpeed>
      <reloadTime>	4	</reloadTime>
      <maxAmmo>	87	</maxAmmo>
      <aimingTime>	2	</aimingTime>
      <weight>	400	</weight>
      <maxHealth>	110	</maxHealth>
      <maxRegenHealth>	55	</maxRegenHealth>
      <repairCost>	5	</repairCost>
      <invisibilityFactorAtShot>0.1</invisibilityFactorAtShot>
      <shotDispersionRadius>0.41</shotDispersionRadius>
      <shotDispersionFactors>
        <turretRotation>0.16</turretRotation>
        <afterShot>4.0</afterShot>
        <whileGunDamaged>2.0</whileGunDamaged>
      </shotDispersionFactors>
      <shots>
        <_75mm_c_p_75_32>
          <defaultPortion>0.8</defaultPortion>
          <speed>	637	</speed>
          <gravity>9.81</gravity>
          <maxDistance>	720	</maxDistance>
          <piercingPower>97 81</piercingPower>
        </_75mm_c_p_75_32>
        <_75mm_c_g_75_EPS_mod_42>
          <defaultPortion>0.0</defaultPortion>
          <speed>	557	</speed>
          <gravity>9.81</gravity>
          <maxDistance>	720	</maxDistance>
          <piercingPower>130 130</piercingPower>
        </_75mm_c_g_75_EPS_mod_42>
        <_75mm_c_g_75_27_EP_mod_42>
          <defaultPortion>0.2</defaultPortion>
          <speed>	557	</speed>
          <gravity>9.81</gravity>
          <maxDistance>	720	</maxDistance>
          <piercingPower>70 70</piercingPower>
        </_75mm_c_g_75_27_EP_mod_42>
      </shots>
    </Cannone_da_75_34>
    <Cannone_da_75_46>
      <userString>#italy_vehicles:Cannone_da_75_46</userString>
      <tags>
      </tags>
      <level>	5	</level>
      <price>	31300	</price>
      <impulse>0.38</impulse>
      <recoil>
        <lodDist>MEDIUM</lodDist>
        <amplitude>0.36</amplitude>
        <recoilEffect>medium</recoilEffect>
      </recoil>
      <effects>shot_75mm_us</effects>
      <reloadEffect>reload50_75</reloadEffect>
      <pitchLimits>
        <minPitch>0.0 -20.0 1.0 -20.0</minPitch>
        <maxPitch>0.0 10.0 1.0 10.0</maxPitch>
      </pitchLimits>
      <turretYawLimits>-180 180</turretYawLimits>
      <rotationSpeed>35.0</rotationSpeed>
      <reloadTime>	4	</reloadTime>
      <maxAmmo>	63	</maxAmmo>
      <aimingTime>	2	</aimingTime>
      <weight>	747	</weight>
      <maxHealth>	120	</maxHealth>
      <maxRegenHealth>	60	</maxRegenHealth>
      <repairCost>	5	</repairCost>
      <invisibilityFactorAtShot>0.1</invisibilityFactorAtShot>
      <shotDispersionRadius>0.39</shotDispersionRadius>
      <shotDispersionFactors>
        <turretRotation>0.16</turretRotation>
        <afterShot>4.0</afterShot>
        <whileGunDamaged>2.0</whileGunDamaged>
      </shotDispersionFactors>
      <shots>
        <_75mm_c_p_75_46>
          <defaultPortion>0.8</defaultPortion>
          <speed>	750	</speed>
          <gravity>9.81</gravity>
          <maxDistance>	720	</maxDistance>
          <piercingPower>107 90</piercingPower>
        </_75mm_c_p_75_46>
        <_75mm_c_g_75_EPS_mod_42>
          <defaultPortion>0.0</defaultPortion>
          <speed>	650	</speed>
          <gravity>9.81</gravity>
          <maxDistance>	720	</maxDistance>
          <piercingPower>140 140</piercingPower>
        </_75mm_c_g_75_EPS_mod_42>
        <_75mm_c_g_75_27_EP_mod_42>
          <defaultPortion>0.2</defaultPortion>
          <speed>	650	</speed>
          <gravity>9.81</gravity>
          <maxDistance>	720	</maxDistance>
          <piercingPower>70 70</piercingPower>
        </_75mm_c_g_75_27_EP_mod_42>
      </shots>
    </Cannone_da_75_46>
    <Cannone_da_75_50_Skoda>
      <userString>#italy_vehicles:Cannone_da_75_50_Skoda</userString>
      <tags>
      </tags>
      <level>	5	</level>
      <price>	36000	</price>
      <impulse>0.38</impulse>
      <recoil>
        <lodDist>MEDIUM</lodDist>
        <amplitude>0.36</amplitude>
        <recoilEffect>medium</recoilEffect>
      </recoil>
      <effects>shot_75mm_kwk</effects>
      <reloadEffect>reload50_75</reloadEffect>
      <pitchLimits>
        <minPitch>0.0 -20.0 1.0 -20.0</minPitch>
        <maxPitch>0.0 10.0 1.0 10.0</maxPitch>
      </pitchLimits>
      <turretYawLimits>-180 180</turretYawLimits>
      <rotationSpeed>35.0</rotationSpeed>
      <reloadTime>	4	</reloadTime>
      <maxAmmo>	63	</maxAmmo>
      <aimingTime>	2	</aimingTime>
      <weight>	800	</weight>
      <maxHealth>	120	</maxHealth>
      <maxRegenHealth>	60	</maxRegenHealth>
      <repairCost>	5	</repairCost>
      <invisibilityFactorAtShot>0.1</invisibilityFactorAtShot>
      <shotDispersionRadius>0.39</shotDispersionRadius>
      <shotDispersionFactors>
        <turretRotation>0.16</turretRotation>
        <afterShot>4.0</afterShot>
        <whileGunDamaged>2.0</whileGunDamaged>
      </shotDispersionFactors>
      <shots>
        <_75mm_c_p_75_50_Skoda>
          <defaultPortion>0.8</defaultPortion>
          <speed>	775	</speed>
          <gravity>9.81</gravity>
          <maxDistance>	720	</maxDistance>
          <piercingPower>118 106</piercingPower>
        </_75mm_c_p_75_50_Skoda>
        <_75mm_c_p_75_50>
          <defaultPortion>0.0</defaultPortion>
          <speed>	1000	</speed>
          <gravity>9.81</gravity>
          <maxDistance>	720	</maxDistance>
          <piercingPower>146 131</piercingPower>
        </_75mm_c_p_75_50>
        <_75mm_c_g_75_50_mod_37_Skoda>
          <defaultPortion>0.2</defaultPortion>
          <speed>	775	</speed>
          <gravity>9.81</gravity>
          <maxDistance>	720	</maxDistance>
          <piercingPower>38 38</piercingPower>
        </_75mm_c_g_75_50_mod_37_Skoda>
      </shots>
    </Cannone_da_75_50_Skoda>
    <Cannone_da_90_42>
      <userString>#italy_vehicles:Cannone_da_90_42</userString>
      <tags>
      </tags>
      <level>	6	</level>
      <price>	61000	</price>
      <impulse>0.48</impulse>
      <recoil>
        <lodDist>MEDIUM</lodDist>
        <amplitude>0.38</amplitude>
        <recoilEffect>	main	</recoilEffect>
      </recoil>
      <effects>shot_90mm</effects>
      <reloadEffect>reload90mm_m41</reloadEffect>
      <pitchLimits>
        <minPitch>0.0 -20.0 1.0 -20.0</minPitch>
        <maxPitch>0.0 10.0 1.0 10.0</maxPitch>
      </pitchLimits>
      <turretYawLimits>-180 180</turretYawLimits>
      <rotationSpeed>35.0</rotationSpeed>
      <reloadTime>8.16</reloadTime>
      <maxAmmo>	40	</maxAmmo>
      <aimingTime>	2	</aimingTime>
      <weight>	1200	</weight>
      <maxHealth>	150	</maxHealth>
      <maxRegenHealth>	75	</maxRegenHealth>
      <repairCost>	7	</repairCost>
      <invisibilityFactorAtShot>0.1</invisibilityFactorAtShot>
      <shotDispersionRadius>0.4</shotDispersionRadius>
      <shotDispersionFactors>
        <turretRotation>0.12</turretRotation>
        <afterShot>3.5</afterShot>
        <whileGunDamaged>2.0</whileGunDamaged>
      </shotDispersionFactors>
      <shots>
        <_90mm_c_p_90_53_mod_09>
          <defaultPortion>0.95</defaultPortion>
          <speed>	700	</speed>
          <gravity>9.81</gravity>
          <maxDistance>	720	</maxDistance>
          <piercingPower>140 120</piercingPower>
        </_90mm_c_p_90_53_mod_09>
        <_90mm_c_p_90_42_mod_43>
          <defaultPortion>0.0</defaultPortion>
          <speed>	750	</speed>
          <gravity>9.81</gravity>
          <maxDistance>	720	</maxDistance>
          <piercingPower>180 140</piercingPower>
        </_90mm_c_p_90_42_mod_43>
        <_90mm_c_g_90_42_53>
          <defaultPortion>0.05</defaultPortion>
          <speed>	650	</speed>
          <gravity>9.81</gravity>
          <maxDistance>	720	</maxDistance>
          <piercingPower>45 45</piercingPower>
        </_90mm_c_g_90_42_53>
      </shots>
    </Cannone_da_90_42>
    <Cannone_da_90_53>
      <userString>#italy_vehicles:Cannone_da_90_53</userString>
      <tags>
      </tags>
      <level>	7	</level>
      <price>	78000	</price>
      <impulse>0.48</impulse>
      <recoil>
        <lodDist>MEDIUM</lodDist>
        <amplitude>0.38</amplitude>
        <recoilEffect>	main	</recoilEffect>
      </recoil>
      <effects>shot_90mm</effects>
      <reloadEffect>reload90mm_m41</reloadEffect>
      <pitchLimits>
        <minPitch>0.0 -20.0 1.0 -20.0</minPitch>
        <maxPitch>0.0 10.0 1.0 10.0</maxPitch>
      </pitchLimits>
      <turretYawLimits>-180 180</turretYawLimits>
      <rotationSpeed>35.0</rotationSpeed>
      <reloadTime>8.16</reloadTime>
      <maxAmmo>	40	</maxAmmo>
      <aimingTime>	2	</aimingTime>
      <weight>	1300	</weight>
      <maxHealth>	150	</maxHealth>
      <maxRegenHealth>	75	</maxRegenHealth>
      <repairCost>	7	</repairCost>
      <invisibilityFactorAtShot>0.1</invisibilityFactorAtShot>
      <shotDispersionRadius>0.4</shotDispersionRadius>
      <shotDispersionFactors>
        <turretRotation>0.12</turretRotation>
        <afterShot>3.5</afterShot>
        <whileGunDamaged>2.0</whileGunDamaged>
      </shotDispersionFactors>
      <shots>
        <_90mm_c_p_90_53_mod_09>
          <defaultPortion>0.95</defaultPortion>
          <speed>	758	</speed>
          <gravity>9.81</gravity>
          <maxDistance>	720	</maxDistance>
          <piercingPower>165 147</piercingPower>
        </_90mm_c_p_90_53_mod_09>
        <_90mm_c_p_90_42_mod_43>
          <defaultPortion>0.0</defaultPortion>
          <speed>	800	</speed>
          <gravity>9.81</gravity>
          <maxDistance>	720	</maxDistance>
          <piercingPower>195 153</piercingPower>
        </_90mm_c_p_90_42_mod_43>
        <_90mm_c_g_90_42_53>
          <defaultPortion>0.05</defaultPortion>
          <speed>	710	</speed>
          <gravity>9.81</gravity>
          <maxDistance>	720	</maxDistance>
          <piercingPower>45 45</piercingPower>
        </_90mm_c_g_90_42_53>
      </shots>
    </Cannone_da_90_53>
    <Cannone_da_90_74>
      <userString>#italy_vehicles:Cannone_da_90_74</userString>
      <tags>
      </tags>
      <level>	8	</level>
      <price>	122000	</price>
      <impulse>0.48</impulse>
      <recoil>
        <lodDist>MEDIUM</lodDist>
        <amplitude>0.38</amplitude>
        <recoilEffect>	main	</recoilEffect>
      </recoil>
      <effects>shot_90mm</effects>
      <reloadEffect>autoloader_reload85_107</reloadEffect>
      <pitchLimits>
        <minPitch>0.0 -20.0 1.0 -20.0</minPitch>
        <maxPitch>0.0 10.0 1.0 10.0</maxPitch>
      </pitchLimits>
      <turretYawLimits>-180 180</turretYawLimits>
      <rotationSpeed>35.0</rotationSpeed>
      <reloadTime>	8	</reloadTime>
      <maxAmmo>	40	</maxAmmo>
      <aimingTime>	2	</aimingTime>
      <weight>	1550	</weight>
      <maxHealth>	170	</maxHealth>
      <maxRegenHealth>	85	</maxRegenHealth>
      <repairCost>	7	</repairCost>
      <invisibilityFactorAtShot>0.1</invisibilityFactorAtShot>
      <shotDispersionRadius>0.4</shotDispersionRadius>
      <shotDispersionFactors>
        <turretRotation>0.12</turretRotation>
        <afterShot>3.5</afterShot>
        <whileGunDamaged>2.0</whileGunDamaged>
      </shotDispersionFactors>
      <shots>
        <_90mm_c_p_90_53_mod_09>
          <defaultPortion>0.95</defaultPortion>
          <speed>	1050	</speed>
          <gravity>9.81</gravity>
          <maxDistance>	720	</maxDistance>
          <piercingPower>212 193</piercingPower>
        </_90mm_c_p_90_53_mod_09>
        <_90mm_c_p_90_42_mod_43>
          <defaultPortion>0.0</defaultPortion>
          <speed>	1100	</speed>
          <gravity>9.81</gravity>
          <maxDistance>	720	</maxDistance>
          <piercingPower>259 228</piercingPower>
        </_90mm_c_p_90_42_mod_43>
        <_90mm_c_g_90_42_53>
          <defaultPortion>0.05</defaultPortion>
          <speed>	1000	</speed>
          <gravity>9.81</gravity>
          <maxDistance>	720	</maxDistance>
          <piercingPower>45 45</piercingPower>
        </_90mm_c_g_90_42_53>
      </shots>
    </Cannone_da_90_74>
    <Cannone_da_90_50_T119E1>
      <userString>#italy_vehicles:Cannone_da_90_50_T119E1</userString>
      <tags>
      </tags>
      <level>	8	</level>
      <price>	120000	</price>
      <notInShop>	true	</notInShop>
      <impulse>0.48</impulse>
      <recoil>
        <lodDist>MEDIUM</lodDist>
        <amplitude>0.38</amplitude>
        <recoilEffect>	main	</recoilEffect>
      </recoil>
      <effects>shot_90mm</effects>
      <reloadEffect>reload90mm_m41</reloadEffect>
      <pitchLimits>
        <minPitch>0.0 -20.0 1.0 -20.0</minPitch>
        <maxPitch>0.0 10.0 1.0 10.0</maxPitch>
      </pitchLimits>
      <turretYawLimits>-180 180</turretYawLimits>
      <rotationSpeed>35.0</rotationSpeed>
      <reloadTime>7.5</reloadTime>
      <maxAmmo>	61	</maxAmmo>
      <aimingTime>2.3</aimingTime>
      <weight>	1202	</weight>
      <maxHealth>	170	</maxHealth>
      <maxRegenHealth>	85	</maxRegenHealth>
      <repairCost>	7	</repairCost>
      <invisibilityFactorAtShot>0.1</invisibilityFactorAtShot>
      <shotDispersionRadius>0.34</shotDispersionRadius>
      <shotDispersionFactors>
        <turretRotation>0.12</turretRotation>
        <afterShot>3.5</afterShot>
        <whileGunDamaged>2.0</whileGunDamaged>
      </shotDispersionFactors>
      <shots>
        <_90mm_c_p_90_50_AP_T_T33E4>
          <defaultPortion>0.95</defaultPortion>
          <speed>	929	</speed>
          <gravity>9.81</gravity>
          <maxDistance>	720	</maxDistance>
          <piercingPower>212 193</piercingPower>
        </_90mm_c_p_90_50_AP_T_T33E4>
        <_90mm_c_p_90_50_HVAP_T_M332_T67>
          <defaultPortion>0.0</defaultPortion>
          <speed>	1250	</speed>
          <gravity>9.81</gravity>
          <maxDistance>	720	</maxDistance>
          <piercingPower>259 228</piercingPower>
        </_90mm_c_p_90_50_HVAP_T_M332_T67>
        <_90mm_c_g_90_50_HE_T_COMP_B_T91>
          <defaultPortion>0.05</defaultPortion>
          <speed>	732	</speed>
          <gravity>9.81</gravity>
          <maxDistance>	720	</maxDistance>
          <piercingPower>45 45</piercingPower>
        </_90mm_c_g_90_50_HE_T_COMP_B_T91>
      </shots>
    </Cannone_da_90_50_T119E1>
    <Cannone_da_90_Rh>
      <userString>#italy_vehicles:Cannone_da_90_Rh</userString>
      <tags>
      </tags>
      <level>	9	</level>
      <price>	140000	</price>
      <impulse>0.48</impulse>
      <recoil>
        <lodDist>MEDIUM</lodDist>
        <amplitude>0.38</amplitude>
        <recoilEffect>	main	</recoilEffect>
      </recoil>
      <effects>shot_90mm</effects>
      <reloadEffect>autoloader_reload85_107</reloadEffect>
      <pitchLimits>
        <minPitch>0.0 -20.0 1.0 -20.0</minPitch>
        <maxPitch>0.0 10.0 1.0 10.0</maxPitch>
      </pitchLimits>
      <turretYawLimits>-180 180</turretYawLimits>
      <rotationSpeed>35.0</rotationSpeed>
      <reloadTime>7.5</reloadTime>
      <maxAmmo>	61	</maxAmmo>
      <aimingTime>2.3</aimingTime>
      <weight>	1200	</weight>
      <maxHealth>	170	</maxHealth>
      <maxRegenHealth>	85	</maxRegenHealth>
      <repairCost>	7	</repairCost>
      <invisibilityFactorAtShot>0.1</invisibilityFactorAtShot>
      <shotDispersionRadius>0.34</shotDispersionRadius>
      <shotDispersionFactors>
        <turretRotation>0.12</turretRotation>
        <afterShot>3.5</afterShot>
        <whileGunDamaged>2.0</whileGunDamaged>
      </shotDispersionFactors>
      <shots>
        <_90mm_c_p_90_AP_Rh>
          <defaultPortion>0.95</defaultPortion>
          <speed>	900	</speed>
          <gravity>9.81</gravity>
          <maxDistance>	720	</maxDistance>
          <piercingPower>212 193</piercingPower>
        </_90mm_c_p_90_AP_Rh>
        <_90mm_c_p_90_APDS_Rh>
          <defaultPortion>0.0</defaultPortion>
          <speed>	1100	</speed>
          <gravity>9.81</gravity>
          <maxDistance>	720	</maxDistance>
          <piercingPower>259 228</piercingPower>
        </_90mm_c_p_90_APDS_Rh>
        <_90mm_c_g_90_HE_Rh>
          <defaultPortion>0.05</defaultPortion>
          <speed>	700	</speed>
          <gravity>9.81</gravity>
          <maxDistance>	720	</maxDistance>
          <piercingPower>45 45</piercingPower>
        </_90mm_c_g_90_HE_Rh>
      </shots>
    </Cannone_da_90_Rh>
    <Cannone_da_105_Rh_V1>
      <userString>#italy_vehicles:Cannone_da_105_Rh_V1</userString>
      <tags>
      </tags>
      <level>	10	</level>
      <price>	300000	</price>
      <impulse>0.48</impulse>
      <recoil>
        <lodDist>MEDIUM</lodDist>
        <amplitude>0.24</amplitude>
        <recoilEffect>	main	</recoilEffect>
      </recoil>
      <effects>shot_94mm</effects>
      <reloadEffect>autoloader_reload85_107</reloadEffect>
      <pitchLimits>
        <minPitch>0.0 -20.0 1.0 -20.0</minPitch>
        <maxPitch>0.0 10.0 1.0 10.0</maxPitch>
      </pitchLimits>
      <turretYawLimits>-180 180</turretYawLimits>
      <rotationSpeed>35.0</rotationSpeed>
      <reloadTime>7.5</reloadTime>
      <maxAmmo>	60	</maxAmmo>
      <aimingTime>	2	</aimingTime>
      <weight>	1400	</weight>
      <maxHealth>	208	</maxHealth>
      <maxRegenHealth>	104	</maxRegenHealth>
      <repairCost>	8	</repairCost>
      <invisibilityFactorAtShot>0.1</invisibilityFactorAtShot>
      <shotDispersionRadius>0.4</shotDispersionRadius>
      <shotDispersionFactors>
        <turretRotation>0.05</turretRotation>
        <afterShot>4.0</afterShot>
        <whileGunDamaged>2.0</whileGunDamaged>
      </shotDispersionFactors>
      <shots>
        <_105mm_c_p_105_APDS_Rh_V1>
          <defaultPortion>0.95</defaultPortion>
          <speed>	1450	</speed>
          <gravity>9.81</gravity>
          <maxDistance>	720	</maxDistance>
          <piercingPower>268 258</piercingPower>
        </_105mm_c_p_105_APDS_Rh_V1>
        <_105mm_c_g_105_c_c_HEAT_Rh_V1>
          <defaultPortion>0.0</defaultPortion>
          <speed>	925	</speed>
          <gravity>9.81</gravity>
          <maxDistance>	720	</maxDistance>
          <piercingPower>330 330</piercingPower>
        </_105mm_c_g_105_c_c_HEAT_Rh_V1>
        <_105mm_c_g_105_HESH_Rh_V1>
          <defaultPortion>0.05</defaultPortion>
          <speed>	732	</speed>
          <gravity>9.81</gravity>
          <maxDistance>	720	</maxDistance>
          <piercingPower>105 105</piercingPower>
        </_105mm_c_g_105_HESH_Rh_V1>
      </shots>
    </Cannone_da_105_Rh_V1>
    <Cannone_da_105_51_M68>
      <userString>#italy_vehicles:Cannone_da_105_51_M68</userString>
      <tags>
      </tags>
      <level>	10	</level>
      <price>	310000	</price>
      <notInShop>	true	</notInShop>
      <impulse>0.48</impulse>
      <recoil>
        <lodDist>MEDIUM</lodDist>
        <amplitude>0.24</amplitude>
        <recoilEffect>	main	</recoilEffect>
      </recoil>
      <effects>shot_94mm</effects>
      <reloadEffect>autoloader_reload85_107</reloadEffect>
      <pitchLimits>
        <minPitch>0.0 -20.0 1.0 -20.0</minPitch>
        <maxPitch>0.0 10.0 1.0 10.0</maxPitch>
      </pitchLimits>
      <turretYawLimits>-180 180</turretYawLimits>
      <rotationSpeed>35.0</rotationSpeed>
      <reloadTime>7.5</reloadTime>
      <maxAmmo>	60	</maxAmmo>
      <aimingTime>	2	</aimingTime>
      <weight>	1282	</weight>
      <maxHealth>	208	</maxHealth>
      <maxRegenHealth>	104	</maxRegenHealth>
      <repairCost>	8	</repairCost>
      <invisibilityFactorAtShot>0.1</invisibilityFactorAtShot>
      <shotDispersionRadius>0.4</shotDispersionRadius>
      <shotDispersionFactors>
        <turretRotation>0.05</turretRotation>
        <afterShot>4.0</afterShot>
        <whileGunDamaged>2.0</whileGunDamaged>
      </shotDispersionFactors>
      <shots>
        <_105mm_c_p_105_51_APDS_M352>
          <defaultPortion>0.95</defaultPortion>
          <speed>	1468	</speed>
          <gravity>9.81</gravity>
          <maxDistance>	720	</maxDistance>
          <piercingPower>268 258</piercingPower>
        </_105mm_c_p_105_51_APDS_M352>
        <_105mm_c_g_105_51_HEAT_M456>
          <defaultPortion>0.0</defaultPortion>
          <speed>	1173	</speed>
          <gravity>9.81</gravity>
          <maxDistance>	720	</maxDistance>
          <piercingPower>330 330</piercingPower>
        </_105mm_c_g_105_51_HEAT_M456>
        <_105mm_c_g_105_51_HESH_M353>
          <defaultPortion>0.05</defaultPortion>
          <speed>	732	</speed>
          <gravity>9.81</gravity>
          <maxDistance>	720	</maxDistance>
          <piercingPower>105 105</piercingPower>
        </_105mm_c_g_105_51_HESH_M353>
      </shots>
    </Cannone_da_105_51_M68>
	<Cannone_da_105_55>
      <userString>#italy_vehicles:Cannone_da_105_55</userString>
      <tags>
      </tags>
      <level>	9	</level>
      <price>	180000	</price>
      <notInShop>	true	</notInShop>
      <impulse>0.48</impulse>
      <recoil>
        <lodDist>MEDIUM</lodDist>
        <amplitude>0.24</amplitude>
        <recoilEffect>	main	</recoilEffect>
      </recoil>
      <effects>shot_100mm_auto</effects>
      <reloadEffect>autoloader_reload85_107</reloadEffect>
      <pitchLimits>
        <minPitch>0.0 -20.0 1.0 -20.0</minPitch>
        <maxPitch>0.0 10.0 1.0 10.0</maxPitch>
      </pitchLimits>
      <turretYawLimits>-180 180</turretYawLimits>
      <rotationSpeed>35.0</rotationSpeed>
      <reloadTime>7.5</reloadTime>
      <maxAmmo>	60	</maxAmmo>
      <aimingTime>	2	</aimingTime>
      <weight>	1282	</weight>
      <maxHealth>	208	</maxHealth>
      <maxRegenHealth>	104	</maxRegenHealth>
      <repairCost>	8	</repairCost>
      <invisibilityFactorAtShot>0.1</invisibilityFactorAtShot>
      <shotDispersionRadius>0.4</shotDispersionRadius>
      <shotDispersionFactors>
        <turretRotation>0.05</turretRotation>
        <afterShot>4.0</afterShot>
        <whileGunDamaged>2.0</whileGunDamaged>
      </shotDispersionFactors>
      <shots>
        <_105mm_c_p_105_55_AP_M352>
          <defaultPortion>0.95</defaultPortion>
          <speed>	1155	</speed>
          <gravity>9.81</gravity>
          <maxDistance>	720	</maxDistance>
          <piercingPower>218 198</piercingPower>
        </_105mm_c_p_105_55_AP_M352>
        <_105mm_c_g_105_55_HEAT_M456>
          <defaultPortion>0.0</defaultPortion>
          <speed>	800	</speed>
          <gravity>9.81</gravity>
          <maxDistance>	720	</maxDistance>
          <piercingPower>270 270</piercingPower>
        </_105mm_c_g_105_55_HEAT_M456>
        <_105mm_c_g_105_55_HESH_M353>
          <defaultPortion>0.05</defaultPortion>
          <speed>	800	</speed>
          <gravity>9.81</gravity>
          <maxDistance>	720	</maxDistance>
          <piercingPower>105 105</piercingPower>
        </_105mm_c_g_105_55_HESH_M353>
      </shots>
    </Cannone_da_105_55>
    <_120mm_Cannone_da_120_67_T53>
      <userString>#italy_vehicles:_120mm_Cannone_da_120_67_T53</userString>
      <tags>
      </tags>
      <level>	10	</level>
      <price>	310000	</price>
      <notInShop>	true	</notInShop>
      <impulse>0.48</impulse>
      <recoil>
        <lodDist>MEDIUM</lodDist>
        <amplitude>0.24</amplitude>
        <recoilEffect>	main	</recoilEffect>
      </recoil>
      <effects>shot_120mm_auto</effects>
      <reloadEffect>autoloader_reload85_107</reloadEffect>
      <pitchLimits>
        <minPitch>0.0 -20.0 1.0 -20.0</minPitch>
        <maxPitch>0.0 10.0 1.0 10.0</maxPitch>
      </pitchLimits>
      <turretYawLimits>-180 180</turretYawLimits>
      <rotationSpeed>	20	</rotationSpeed>
      <reloadTime>7.5</reloadTime>
      <maxAmmo>	60	</maxAmmo>
      <aimingTime>	2	</aimingTime>
      <weight>	1900	</weight>
      <maxHealth>	208	</maxHealth>
      <maxRegenHealth>	104	</maxRegenHealth>
      <repairCost>	8	</repairCost>
      <invisibilityFactorAtShot>0.1</invisibilityFactorAtShot>
      <shotDispersionRadius>0.4</shotDispersionRadius>
      <shotDispersionFactors>
        <turretRotation>0.05</turretRotation>
        <afterShot>4.0</afterShot>
        <whileGunDamaged>2.0</whileGunDamaged>
      </shotDispersionFactors>
      <shots>
        <_120mm_c_p_APCBC_T14E>
          <defaultPortion>0.95</defaultPortion>
          <speed>	960	</speed>
          <gravity>9.81</gravity>
          <maxDistance>	720	</maxDistance>
          <piercingPower>248 238</piercingPower>
        </_120mm_c_p_APCBC_T14E>
        <_120mm_c_p_HVAP_T17E>
          <defaultPortion>0.0</defaultPortion>
          <speed>	1219	</speed>
          <gravity>9.81</gravity>
          <maxDistance>	720	</maxDistance>
          <piercingPower>320 290</piercingPower>
        </_120mm_c_p_HVAP_T17E>
        <_120mm_a_e_T15HE>
          <defaultPortion>0.05</defaultPortion>
          <speed>	762	</speed>
          <gravity>9.81</gravity>
          <maxDistance>	720	</maxDistance>
          <piercingPower>60 60</piercingPower>
        </_120mm_a_e_T15HE>
      </shots>
    </_120mm_Cannone_da_120_67_T53>    
  </shared>
</guns.xml>