<?xml version="1.0" encoding="utf-8"?>
<root>
	<xmlns:xmlref>http://bwt/xmlref</xmlns:xmlref>
	<crew>
		<commander/>
		<gunner/>
		<driver/>
		<radioman/>
		<loader/>
	</crew>
	<supplySlots>2 1 1 6 6 6 7 8 8 8</supplySlots>
	<speedLimits>
		<forward>55</forward>
		<backward>20</backward>
	</speedLimits>
	<invisibility>
		<moving>
			0.121
			<!--BW_String-->
		</moving>
		<still>
			0.162
			<!--BW_String-->
		</still>
		<camouflageBonus>
			0.03
			<!--BW_String-->
		</camouflageBonus>
		<firePenalty>
			0.243
			<!--BW_String-->
		</firePenalty>
	</invisibility>
	<optDevsOverrides>
		<camouflageNet>
			<invisibilityBonus>
				0.1 0.125
				<!--BW_String-->
			</invisibilityBonus>
		</camouflageNet>
		<additionalInvisibilityDevice>
			<invisibilityBonus>
				0.06 0.08
				<!--BW_String-->
			</invisibilityBonus>
		</additionalInvisibilityDevice>
	</optDevsOverrides>
	<repairCost>
		6.09
		<!--BW_String-->
	</repairCost>
	<crewXpFactor>
		1.0
		<!--BW_String-->
	</crewXpFactor>
	<camouflage>
		<priceFactor>
			1.4
			<!--BW_String-->
		</priceFactor>
		<tiling>1 1 0 0</tiling>
		<exclusionMask/>
	</camouflage>
	<hull>
		<armor>
			<armor_1>85</armor_1>
			<armor_2>50</armor_2>
			<armor_3>50</armor_3>
			<armor_4>40</armor_4>
			<armor_5>40</armor_5>
			<armor_6>16</armor_6>
			<armor_7>16</armor_7>
			<armor_8>0</armor_8>
			<armor_11>40</armor_11>
			<armor_13>16</armor_13>
			<armor_14>25</armor_14>
			<armor_15>65</armor_15>
			<armor_16>
				5
				<vehicleDamageFactor>
					0.0
					<!--BW_String-->
				</vehicleDamageFactor>
			</armor_16>
		</armor>
		<primaryArmor>armor_1 armor_3 armor_4</primaryArmor>
		<weight>18775</weight>
		<maxHealth>960</maxHealth>
		<ammoBayHealth>
			<maxHealth>190</maxHealth>
			<maxRegenHealth>130</maxRegenHealth>
			<repairCost>
				1.0
				<!--BW_String-->
			</repairCost>
		</ammoBayHealth>
		<models>
			<undamaged>vehicles/german/G03_PzV_Panther/normal/lod0/Hull.model</undamaged>
			<destroyed>vehicles/german/G03_PzV_Panther/crash/lod0/Hull.model</destroyed>
			<exploded>vehicles/german/G03_PzV_Panther/crash/lod0/Hull.model</exploded>
		</models>
		<swinging>
			<lodDist>FAR</lodDist>
			<pitchParams>
				0.26 34.00 0.42 1.00 0.05 0.30
				<!--BW_String-->
			</pitchParams>
			<rollParams>
				1.00 0.26 34.00 0.42 1.00 0.05 0.30
				<!--BW_String-->
			</rollParams>
			<sensitivityToImpulse>
				0.48
				<!--BW_String-->
			</sensitivityToImpulse>
		</swinging>
		<exhaust>
			<pixie>gas_large</pixie>
			<nodes>HP_Track_Exhaus_1 HP_Track_Exhaus_2</nodes>
		</exhaust>
		<turretPositions>
			<turret>
				0.000000 0.723957 -0.265
				<!--BW_String-->
			</turret>
		</turretPositions>
		<hitTester>
			<collisionModelServer>vehicles/german/G03_PzV_Panther/collision/Hull.model</collisionModelServer>
			<collisionModelClient>vehicles/german/G03_PzV_Panther/collision_client/Hull.model</collisionModelClient>
		</hitTester>
		<hangarShadowTexture>vehicles/german/G03_PzV_Panther/PzV_Panther_HangarShadowMap.dds</hangarShadowTexture>
		<customization>
			<customizableVehicleAreas>
				<paint>HULL</paint>
				<camouflage>HULL</camouflage>
			</customizableVehicleAreas>
		</customization>
		<customizationSlots>
			<slot>
				<slotType>clan</slotType>
				<slotId>10000</slotId>
				<rayStart>
					-0.457764 0.677167 2.42992
					<!--BW_String-->
				</rayStart>
				<rayEnd>
					-0.457764 0.3528 2.19586
					<!--BW_String-->
				</rayEnd>
				<rayUp>
					0.000000 0.000000 -1
					<!--BW_String-->
				</rayUp>
				<size>
					0.32
					<!--BW_String-->
				</size>
				<hideIfDamaged>false</hideIfDamaged>
				<isUVProportional>true</isUVProportional>
			</slot>
		</customizationSlots>
		<camouflage>
			<tiling>
				1.6 1.6 0.7 0.7
				<!--BW_String-->
			</tiling>
			<density>
				94.6118 94.6764
				<!--BW_String-->
			</density>
			<aoTextureSize>1024 1024</aoTextureSize>
		</camouflage>
	</hull>
	<chassis>
		<Pz-V_Vetstaerktketten_IGR>
			<userString>#igr_vehicles:Pz-V_Vetstaerktketten_IGR</userString>
			<shortUserString>#igr_vehicles:Pz-V_Vetstaerktketten_IGR_short</shortUserString>
			<tags/>
			<level>7</level>
			<price>18200</price>
			<notInShop>true</notInShop>
			<armor>
				<leftTrack>25</leftTrack>
				<rightTrack>25</rightTrack>
			</armor>
			<weight>15000</weight>
			<maxLoad>48000</maxLoad>
			<terrainResistance>
				1 1.2 2.3
				<!--BW_String-->
			</terrainResistance>
			<brakeForce>45000</brakeForce>
			<rotationIsAroundCenter>true</rotationIsAroundCenter>
			<rotationSpeed>32</rotationSpeed>
			<shotDispersionFactors>
				<vehicleMovement>
					0.18
					<!--BW_String-->
				</vehicleMovement>
				<vehicleRotation>
					0.18
					<!--BW_String-->
				</vehicleRotation>
			</shotDispersionFactors>
			<bulkHealthFactor>
				3.0
				<!--BW_String-->
			</bulkHealthFactor>
			<maxHealth>160</maxHealth>
			<maxRegenHealth>120</maxRegenHealth>
			<repairCost>
				5.0
				<!--BW_String-->
			</repairCost>
			<models>
				<undamaged>vehicles/german/G03_PzV_Panther/normal/lod0/Chassis.model</undamaged>
				<destroyed>vehicles/german/G03_PzV_Panther/crash/lod0/Chassis.model</destroyed>
				<exploded>vehicles/german/G03_PzV_Panther/crash/lod0/Chassis.model</exploded>
			</models>
			<traces>
				<lodDist>FAR</lodDist>
				<bufferPrefs>mediumTank</bufferPrefs>
				<textureSet>germany_01</textureSet>
				<size>
					0.48 0.62
					<!--BW_String-->
				</size>
			</traces>
			<tracks>
				<lodDist>MEDIUM_TRACK</lodDist>
				<leftMaterial>track_mat_L_skinned</leftMaterial>
				<rightMaterial>track_mat_R_skinned</rightMaterial>
				<textureScale>
					-1.55
					<!--BW_String-->
				</textureScale>
			</tracks>
			<wheels>
				<lodDist>MEDIUM</lodDist>
				<wheel>
					<isLeft>true</isLeft>
					<isLeading>true</isLeading>
					<name>WD_L0</name>
					<radius>0.475738</radius>
					<syncAngle>
						21.1765
						<!--BW_String-->
					</syncAngle>
				</wheel>
				<wheel>
					<isLeft>true</isLeft>
					<isLeading>true</isLeading>
					<name>WD_L1</name>
					<radius>
						0.3435
						<!--BW_String-->
					</radius>
					<syncAngle>
						21.1765
						<!--BW_String-->
					</syncAngle>
				</wheel>
				<group>
					<isLeft>true</isLeft>
					<template>W_L</template>
					<radius>
						0.447
						<!--BW_String-->
					</radius>
					<startIndex>0</startIndex>
					<count>8</count>
				</group>
				<wheel>
					<isLeft>false</isLeft>
					<isLeading>true</isLeading>
					<name>WD_R0</name>
					<radius>0.475738</radius>
					<syncAngle>
						21.1765
						<!--BW_String-->
					</syncAngle>
				</wheel>
				<wheel>
					<isLeft>false</isLeft>
					<isLeading>true</isLeading>
					<name>WD_R1</name>
					<radius>
						0.3435
						<!--BW_String-->
					</radius>
					<syncAngle>
						21.1765
						<!--BW_String-->
					</syncAngle>
				</wheel>
				<group>
					<isLeft>false</isLeft>
					<template>W_R</template>
					<radius>
						0.447
						<!--BW_String-->
					</radius>
					<startIndex>0</startIndex>
					<count>8</count>
				</group>
			</wheels>
			<drivingWheels>WD_L0 WD_L1</drivingWheels>
			<effects>
				<lodDist>MEDIUM</lodDist>
				<mud>largeTankMud</mud>
			</effects>
			<wwsoundPC>treads_type_pc</wwsoundPC>
			<wwsoundNPC>trds_chf_npc</wwsoundNPC>
			<hullPosition>
				0.000000 1.23974 0.000000
				<!--BW_String-->
			</hullPosition>
			<hitTester>
				<collisionModelServer>vehicles/german/G03_PzV_Panther/collision/Chassis.model</collisionModelServer>
				<collisionModelClient>vehicles/german/G03_PzV_Panther/collision_client/Chassis.model</collisionModelClient>
			</hitTester>
			<topRightCarryingPoint>
				1.36878 1.95724
				<!--BW_String-->
			</topRightCarryingPoint>
			<maxClimbAngle>25</maxClimbAngle>
			<navmeshGirth>
				6.0
				<!--BW_String-->
			</navmeshGirth>
			<AODecals>
				<decal>
					<transform>
						<row0>4.527370 -0.000000 0.000000</row0>
						<row1>0.000000 1.859580 0.000000</row1>
						<row2>-0.000000 -0.000000 7.527150</row2>
						<row3>-0.000000 0.000000 -0.000000</row3>
					</transform>
				</decal>
			</AODecals>
			<splineDesc>
				<segmentModelLeft>vehicles/german/G03_PzV_Panther/track/segment.model</segmentModelLeft>
				<segmentModelRight>vehicles/german/G03_PzV_Panther/track/segment.model</segmentModelRight>
				<left>vehicles/german/G03_PzV_Panther/track/left.track</left>
				<right>vehicles/german/G03_PzV_Panther/track/right.track</right>
				<segmentLength>
					0.151
					<!--BW_String-->
				</segmentLength>
				<segmentOffset>
					0.21
					<!--BW_String-->
				</segmentOffset>
				<lodDist>SPLINE_TRACK</lodDist>
				<atlas>
					<UTiles>1</UTiles>
					<VTiles>1</VTiles>
				</atlas>
			</splineDesc>
			<trackThickness>
				-0.0702
				<!--BW_String-->
			</trackThickness>
			<trackNodes>
				<enable>true</enable>
				<linkBones>true</linkBones>
				<maxAmplitude>
					0.07
					<!--BW_String-->
				</maxAmplitude>
				<maxOffset>
					0.07
					<!--BW_String-->
				</maxOffset>
				<gravity>
					-9.8
					<!--BW_String-->
				</gravity>
				<elasticity>1200</elasticity>
				<damping>2</damping>
				<node>
					<isLeft>true</isLeft>
					<name>Track_VT_L0</name>
					<forwardElastK>
						2.4
						<!--BW_String-->
					</forwardElastK>
					<backwardElastK>
						0.55
						<!--BW_String-->
					</backwardElastK>
					<offset>
						-0.096
						<!--BW_String-->
					</offset>
					<rightSibling>Track_VT_L1</rightSibling>
				</node>
				<node>
					<isLeft>true</isLeft>
					<name>Track_VT_L1</name>
					<forwardElastK>2</forwardElastK>
					<backwardElastK>
						0.55
						<!--BW_String-->
					</backwardElastK>
					<offset>
						-0.132
						<!--BW_String-->
					</offset>
					<leftSibling>Track_VT_L0</leftSibling>
					<rightSibling>Track_VT_L2</rightSibling>
				</node>
				<node>
					<isLeft>true</isLeft>
					<name>Track_VT_L2</name>
					<forwardElastK>
						1.7
						<!--BW_String-->
					</forwardElastK>
					<backwardElastK>
						0.55
						<!--BW_String-->
					</backwardElastK>
					<offset>
						-0.14
						<!--BW_String-->
					</offset>
					<leftSibling>Track_VT_L1</leftSibling>
					<rightSibling>Track_VT_L3</rightSibling>
				</node>
				<node>
					<isLeft>true</isLeft>
					<name>Track_VT_L3</name>
					<forwardElastK>
						1.4
						<!--BW_String-->
					</forwardElastK>
					<backwardElastK>
						0.55
						<!--BW_String-->
					</backwardElastK>
					<offset>
						-0.14
						<!--BW_String-->
					</offset>
					<leftSibling>Track_VT_L2</leftSibling>
					<rightSibling>Track_VT_L4</rightSibling>
				</node>
				<node>
					<isLeft>true</isLeft>
					<name>Track_VT_L4</name>
					<forwardElastK>
						1.1
						<!--BW_String-->
					</forwardElastK>
					<backwardElastK>
						0.55
						<!--BW_String-->
					</backwardElastK>
					<offset>
						-0.14
						<!--BW_String-->
					</offset>
					<leftSibling>Track_VT_L3</leftSibling>
					<rightSibling>Track_VT_L5</rightSibling>
				</node>
				<node>
					<isLeft>true</isLeft>
					<name>Track_VT_L5</name>
					<forwardElastK>
						0.95
						<!--BW_String-->
					</forwardElastK>
					<backwardElastK>
						0.55
						<!--BW_String-->
					</backwardElastK>
					<offset>
						-0.129
						<!--BW_String-->
					</offset>
					<leftSibling>Track_VT_L4</leftSibling>
					<rightSibling>Track_VT_L6</rightSibling>
				</node>
				<node>
					<isLeft>true</isLeft>
					<name>Track_VT_L6</name>
					<forwardElastK>
						0.8
						<!--BW_String-->
					</forwardElastK>
					<backwardElastK>
						0.55
						<!--BW_String-->
					</backwardElastK>
					<offset>
						-0.116
						<!--BW_String-->
					</offset>
					<leftSibling>Track_VT_L5</leftSibling>
					<rightSibling>Track_VT_L7</rightSibling>
				</node>
				<node>
					<isLeft>true</isLeft>
					<name>Track_VT_L7</name>
					<forwardElastK>
						0.7
						<!--BW_String-->
					</forwardElastK>
					<backwardElastK>
						0.55
						<!--BW_String-->
					</backwardElastK>
					<offset>
						-0.099
						<!--BW_String-->
					</offset>
					<leftSibling>Track_VT_L6</leftSibling>
				</node>
				<node>
					<isLeft>false</isLeft>
					<name>Track_VT_R0</name>
					<forwardElastK>
						2.4
						<!--BW_String-->
					</forwardElastK>
					<backwardElastK>
						0.55
						<!--BW_String-->
					</backwardElastK>
					<offset>
						-0.096
						<!--BW_String-->
					</offset>
					<rightSibling>Track_VT_R1</rightSibling>
				</node>
				<node>
					<isLeft>false</isLeft>
					<name>Track_VT_R1</name>
					<forwardElastK>2</forwardElastK>
					<backwardElastK>
						0.55
						<!--BW_String-->
					</backwardElastK>
					<offset>
						-0.132
						<!--BW_String-->
					</offset>
					<leftSibling>Track_VT_R0</leftSibling>
					<rightSibling>Track_VT_R2</rightSibling>
				</node>
				<node>
					<isLeft>false</isLeft>
					<name>Track_VT_R2</name>
					<forwardElastK>
						1.7
						<!--BW_String-->
					</forwardElastK>
					<backwardElastK>
						0.55
						<!--BW_String-->
					</backwardElastK>
					<offset>
						-0.14
						<!--BW_String-->
					</offset>
					<leftSibling>Track_VT_R1</leftSibling>
					<rightSibling>Track_VT_R3</rightSibling>
				</node>
				<node>
					<isLeft>false</isLeft>
					<name>Track_VT_R3</name>
					<forwardElastK>
						1.4
						<!--BW_String-->
					</forwardElastK>
					<backwardElastK>
						0.55
						<!--BW_String-->
					</backwardElastK>
					<offset>
						-0.14
						<!--BW_String-->
					</offset>
					<leftSibling>Track_VT_R2</leftSibling>
					<rightSibling>Track_VT_R4</rightSibling>
				</node>
				<node>
					<isLeft>false</isLeft>
					<name>Track_VT_R4</name>
					<forwardElastK>
						1.1
						<!--BW_String-->
					</forwardElastK>
					<backwardElastK>
						0.55
						<!--BW_String-->
					</backwardElastK>
					<offset>
						-0.14
						<!--BW_String-->
					</offset>
					<leftSibling>Track_VT_R3</leftSibling>
					<rightSibling>Track_VT_R5</rightSibling>
				</node>
				<node>
					<isLeft>false</isLeft>
					<name>Track_VT_R5</name>
					<forwardElastK>
						0.95
						<!--BW_String-->
					</forwardElastK>
					<backwardElastK>
						0.55
						<!--BW_String-->
					</backwardElastK>
					<offset>
						-0.129
						<!--BW_String-->
					</offset>
					<leftSibling>Track_VT_R4</leftSibling>
					<rightSibling>Track_VT_R6</rightSibling>
				</node>
				<node>
					<isLeft>false</isLeft>
					<name>Track_VT_R6</name>
					<forwardElastK>
						0.8
						<!--BW_String-->
					</forwardElastK>
					<backwardElastK>
						0.55
						<!--BW_String-->
					</backwardElastK>
					<offset>
						-0.116
						<!--BW_String-->
					</offset>
					<leftSibling>Track_VT_R5</leftSibling>
					<rightSibling>Track_VT_R7</rightSibling>
				</node>
				<node>
					<isLeft>false</isLeft>
					<name>Track_VT_R7</name>
					<forwardElastK>
						0.7
						<!--BW_String-->
					</forwardElastK>
					<backwardElastK>
						0.55
						<!--BW_String-->
					</backwardElastK>
					<offset>
						-0.099
						<!--BW_String-->
					</offset>
					<leftSibling>Track_VT_R6</leftSibling>
				</node>
				<node>
					<isLeft>true</isLeft>
					<name>Track_VD_L0</name>
				</node>
				<node>
					<isLeft>true</isLeft>
					<name>Track_VD_L1</name>
				</node>
				<node>
					<isLeft>false</isLeft>
					<name>Track_VD_R0</name>
				</node>
				<node>
					<isLeft>false</isLeft>
					<name>Track_VD_R1</name>
				</node>
			</trackNodes>
			<groundNodes>
				<group>
					<template>Track_L</template>
					<startIndex>0</startIndex>
					<count>8</count>
					<isLeft>true</isLeft>
					<minOffset>
						-0.1
						<!--BW_String-->
					</minOffset>
					<maxOffset>
						0.1
						<!--BW_String-->
					</maxOffset>
				</group>
				<group>
					<template>Track_R</template>
					<startIndex>0</startIndex>
					<count>8</count>
					<isLeft>false</isLeft>
					<minOffset>
						-0.1
						<!--BW_String-->
					</minOffset>
					<maxOffset>
						0.1
						<!--BW_String-->
					</maxOffset>
				</group>
			</groundNodes>
			<physicalTracks>
				<left>
					<segmentsCount>88</segmentsCount>
					<segmentsOuterThickness>
						0.0445255
						<!--BW_String-->
					</segmentsOuterThickness>
					<segmentsInnerThickness>
						0.00290194
						<!--BW_String-->
					</segmentsInnerThickness>
					<segmentsPlaneOffset>
						-1.36878
						<!--BW_String-->
					</segmentsPlaneOffset>
					<springsLength>
						<backwardMovement>
							<back>0.154226</back>
							<top>0.148903</top>
							<front>0.142975</front>
							<bottom>0.122147</bottom>
						</backwardMovement>
						<forwardMovement>
							<back>0.146659</back>
							<top>0.139265</top>
							<front>0.152816</front>
							<bottom>0.122147</bottom>
						</forwardMovement>
					</springsLength>
					<mainSegment>
						<model>vehicles/german/G03_PzV_Panther/track/segment.model</model>
						<length>0.150998</length>
					</mainSegment>
					<collisionHull>
						<bottom/>
						<top>
							<part>
								<xStart>
									-2.97221
									<!--BW_String-->
								</xStart>
								<xStep>0.075499</xStep>
								<ySamples>
									1.24485 1.23265 1.26154 1.26954 1.27303 1.27461 1.27619 1.27778 1.27936 1.28244 1.28617 1.2899 1.29363 1.29736 1.3011 1.30483 1.30856 1.31229 1.31602 1.31975 1.32348 1.32721 1.33094 1.33467 1.3384 1.34213 1.34586 1.34959 1.35332 1.35705 1.36078 1.36451 1.36824 1.37197 1.3757 1.37943 1.38316 1.38689 1.39062 1.39435 1.39808 1.40181 1.40551 1.40918 1.41286 1.41653 1.4202 1.42387 1.42754 1.43122 1.43489 1.43856 1.44223 1.4459 1.44957 1.45325 1.45692 1.46059 1.46426 1.46793 1.47161 1.47528 1.47895 1.48262 1.48629 1.48997 1.49364 1.49731 1.50098 1.50465 1.48971 1.512 1.51567 1.53293 1.5588 1.56083 1.56286 1.56309 1.5466 1.5072 1.45606 1.40385 1.35001
									<!--BW_String-->
								</ySamples>
							</part>
						</top>
					</collisionHull>
					<bottomWheels>
						<wheel>WD_L1</wheel>
						<wheel>W_L7</wheel>
						<wheel>W_L6</wheel>
						<wheel>W_L5</wheel>
						<wheel>W_L4</wheel>
						<wheel>W_L3</wheel>
						<wheel>W_L2</wheel>
						<wheel>W_L1</wheel>
						<wheel>W_L0</wheel>
						<wheel>WD_L0</wheel>
					</bottomWheels>
					<snapWheels>
						<topFront>
							<wheelName>WD_L0</wheelName>
							<basePos>
								2.73251 0.93335
								<!--BW_String-->
							</basePos>
							<shiftVec>0.386679 0.116637</shiftVec>
							<jointIdx>11</jointIdx>
						</topFront>
						<topBack>
							<wheelName>WD_L1</wheelName>
							<basePos>
								-2.54681 0.744461
								<!--BW_String-->
							</basePos>
							<shiftVec>-0.276263 0.183829</shiftVec>
							<jointIdx>52</jointIdx>
						</topBack>
						<bottomBack>
							<wheelName>W_L7</wheelName>
							<basePos>
								-1.95959 0.471253
								<!--BW_String-->
							</basePos>
							<shiftVec>
								0.0737958 -0.449902
								<!--BW_String-->
							</shiftVec>
							<jointIdx>62</jointIdx>
						</bottomBack>
						<bottomFront>
							<wheelName>W_L0</wheelName>
							<basePos>
								1.95641 0.471254
								<!--BW_String-->
							</basePos>
							<shiftVec>
								0.0240723 -0.449257
								<!--BW_String-->
							</shiftVec>
							<jointIdx>0</jointIdx>
						</bottomFront>
					</snapWheels>
					<radiusOverrides>
						<wheel>
							<name>WD_L1</name>
							<radius>0.330458</radius>
						</wheel>
						<wheel>
							<name>WD_L0</name>
							<radius>0.402757</radius>
						</wheel>
					</radiusOverrides>
					<teethSyncs>
						<syncWithMainModel>true</syncWithMainModel>
						<segmentSyncPivotOffset>
							-1.369
							<!--BW_String-->
						</segmentSyncPivotOffset>
						<sync>
							<name>WD_L1</name>
							<startAngle>
								-568.577
								<!--BW_String-->
							</startAngle>
							<teethCount>17</teethCount>
						</sync>
						<sync>
							<name>WD_L0</name>
							<startAngle>
								-565.697
								<!--BW_String-->
							</startAngle>
							<teethCount>17</teethCount>
						</sync>
					</teethSyncs>
					<sourceCollisionHullPoints>
						<top>
							<range>
								<point>
									-1.3499 1.29773 -2.9722
									<!--BW_String-->
								</point>
								<point>
									-1.4599 1.28553 -2.8967
									<!--BW_String-->
								</point>
								<point>
									-1.3499 1.31442 -2.8212
									<!--BW_String-->
								</point>
								<point>
									-1.3499 1.32242 -2.7457
									<!--BW_String-->
								</point>
								<point>
									-1.3499 1.3259 -2.6702
									<!--BW_String-->
								</point>
								<point>
									-1.3499 1.32749 -2.5947
									<!--BW_String-->
								</point>
								<point>
									-1.3499 1.32907 -2.5192
									<!--BW_String-->
								</point>
								<point>
									-1.3499 1.33065 -2.4437
									<!--BW_String-->
								</point>
								<point>
									-1.3499 1.33223 -2.3682
									<!--BW_String-->
								</point>
								<point>
									-1.3499 1.33532 -2.29271
									<!--BW_String-->
								</point>
								<point>
									-1.34991 1.33905 -2.21721
									<!--BW_String-->
								</point>
								<point>
									-1.34991 1.34278 -2.14171
									<!--BW_String-->
								</point>
								<point>
									-1.34991 1.34651 -2.06621
									<!--BW_String-->
								</point>
								<point>
									-1.34991 1.35024 -1.99071
									<!--BW_String-->
								</point>
								<point>
									-1.34991 1.35397 -1.91521
									<!--BW_String-->
								</point>
								<point>
									-1.34991 1.3577 -1.83971
									<!--BW_String-->
								</point>
								<point>
									-1.34991 1.36143 -1.76421
									<!--BW_String-->
								</point>
								<point>
									-1.34991 1.36516 -1.68871
									<!--BW_String-->
								</point>
								<point>
									-1.34991 1.36889 -1.61321
									<!--BW_String-->
								</point>
								<point>
									-1.34991 1.37262 -1.53772
									<!--BW_String-->
								</point>
								<point>
									-1.34991 1.37635 -1.46222
									<!--BW_String-->
								</point>
								<point>
									-1.34991 1.38008 -1.38672
									<!--BW_String-->
								</point>
								<point>
									-1.34991 1.38381 -1.31122
									<!--BW_String-->
								</point>
								<point>
									-1.34991 1.38754 -1.23572
									<!--BW_String-->
								</point>
								<point>
									-1.34991 1.39127 -1.16022
									<!--BW_String-->
								</point>
								<point>
									-1.34992 1.395 -1.08472
									<!--BW_String-->
								</point>
								<point>
									-1.34992 1.39873 -1.00922
									<!--BW_String-->
								</point>
								<point>
									-1.34992 1.40246 -0.933724
									<!--BW_String-->
								</point>
								<point>
									-1.34992 1.40619 -0.858225
									<!--BW_String-->
								</point>
								<point>
									-1.34992 1.40992 -0.782726
									<!--BW_String-->
								</point>
								<point>
									-1.34992 1.41365 -0.707227
									<!--BW_String-->
								</point>
								<point>
									-1.34992 1.41738 -0.631728
									<!--BW_String-->
								</point>
								<point>
									-1.34992 1.42111 -0.556229
									<!--BW_String-->
								</point>
								<point>
									-1.34992 1.42484 -0.48073
									<!--BW_String-->
								</point>
								<point>
									-1.34992 1.42857 -0.405231
									<!--BW_String-->
								</point>
								<point>
									-1.34992 1.4323 -0.329732
									<!--BW_String-->
								</point>
								<point>
									-1.34992 1.43603 -0.254234
									<!--BW_String-->
								</point>
								<point>
									-1.34992 1.43976 -0.178735
									<!--BW_String-->
								</point>
								<point>
									-1.34992 1.44349 -0.103236
									<!--BW_String-->
								</point>
								<point>
									-1.34993 1.44722 -0.0277365
									<!--BW_String-->
								</point>
								<point>
									-1.34993 1.45095 0.0477621
									<!--BW_String-->
								</point>
								<point>
									-1.34993 1.45468 0.123261
									<!--BW_String-->
								</point>
								<point>
									-1.34993 1.45839 0.19876
									<!--BW_String-->
								</point>
								<point>
									-1.34993 1.46206 0.274259
									<!--BW_String-->
								</point>
								<point>
									-1.34993 1.46573 0.349758
									<!--BW_String-->
								</point>
								<point>
									-1.34993 1.4694 0.425257
									<!--BW_String-->
								</point>
								<point>
									-1.34993 1.47307 0.500756
									<!--BW_String-->
								</point>
								<point>
									-1.34993 1.47675 0.576255
									<!--BW_String-->
								</point>
								<point>
									-1.34993 1.48042 0.651754
									<!--BW_String-->
								</point>
								<point>
									-1.34993 1.48409 0.727253
									<!--BW_String-->
								</point>
								<point>
									-1.34993 1.48776 0.802752
									<!--BW_String-->
								</point>
								<point>
									-1.34993 1.49143 0.878251
									<!--BW_String-->
								</point>
								<point>
									-1.34993 1.49511 0.95375
									<!--BW_String-->
								</point>
								<point>
									-1.34993 1.49878 1.02925
									<!--BW_String-->
								</point>
								<point>
									-1.34994 1.50245 1.10475
									<!--BW_String-->
								</point>
								<point>
									-1.34994 1.50612 1.18025
									<!--BW_String-->
								</point>
								<point>
									-1.34994 1.50979 1.25575
									<!--BW_String-->
								</point>
								<point>
									-1.34994 1.51347 1.33124
									<!--BW_String-->
								</point>
								<point>
									-1.34994 1.51714 1.40674
									<!--BW_String-->
								</point>
								<point>
									-1.34994 1.52081 1.48224
									<!--BW_String-->
								</point>
								<point>
									-1.34994 1.52448 1.55774
									<!--BW_String-->
								</point>
								<point>
									-1.34994 1.52815 1.63324
									<!--BW_String-->
								</point>
								<point>
									-1.34994 1.53183 1.70874
									<!--BW_String-->
								</point>
								<point>
									-1.34994 1.5355 1.78424
									<!--BW_String-->
								</point>
								<point>
									-1.34994 1.53917 1.85974
									<!--BW_String-->
								</point>
								<point>
									-1.34994 1.54284 1.93524
									<!--BW_String-->
								</point>
								<point>
									-1.34994 1.54651 2.01073
									<!--BW_String-->
								</point>
								<point>
									-1.34994 1.55019 2.08623
									<!--BW_String-->
								</point>
								<point>
									-1.34994 1.55386 2.16173
									<!--BW_String-->
								</point>
								<point>
									-1.34995 1.55753 2.23723
									<!--BW_String-->
								</point>
								<point>
									-1.55995 1.54258 2.31273
									<!--BW_String-->
								</point>
								<point>
									-1.34995 1.56487 2.38823
									<!--BW_String-->
								</point>
								<point>
									-1.34995 1.56855 2.46373
									<!--BW_String-->
								</point>
								<point>
									-1.34995 1.5858 2.53923
									<!--BW_String-->
								</point>
								<point>
									-1.57995 1.61168 2.61473
									<!--BW_String-->
								</point>
								<point>
									-1.57995 1.6137 2.69022
									<!--BW_String-->
								</point>
								<point>
									-1.34995 1.61573 2.76572
									<!--BW_String-->
								</point>
								<point>
									-1.34995 1.61597 2.84122
									<!--BW_String-->
								</point>
								<point>
									-1.57995 1.59947 2.91672
									<!--BW_String-->
								</point>
								<point>
									-1.52995 1.56007 2.99222
									<!--BW_String-->
								</point>
								<point>
									-1.54995 1.50893 3.06772
									<!--BW_String-->
								</point>
								<point>
									-1.43995 1.45672 3.14322
									<!--BW_String-->
								</point>
								<point>
									-1.57995 1.40288 3.21872
									<!--BW_String-->
								</point>
							</range>
						</top>
						<bottom/>
					</sourceCollisionHullPoints>
				</left>
				<right>
					<segmentsCount>88</segmentsCount>
					<segmentsOuterThickness>
						0.0445422
						<!--BW_String-->
					</segmentsOuterThickness>
					<segmentsInnerThickness>
						0.00290188
						<!--BW_String-->
					</segmentsInnerThickness>
					<segmentsPlaneOffset>
						1.36878
						<!--BW_String-->
					</segmentsPlaneOffset>
					<springsLength>
						<backwardMovement>
							<back>0.154226</back>
							<top>0.148903</top>
							<front>0.142975</front>
							<bottom>0.122147</bottom>
						</backwardMovement>
						<forwardMovement>
							<back>0.146659</back>
							<top>0.139265</top>
							<front>0.152816</front>
							<bottom>0.122147</bottom>
						</forwardMovement>
					</springsLength>
					<mainSegment>
						<model>vehicles/german/G03_PzV_Panther/track/segment.model</model>
						<length>0.150998</length>
					</mainSegment>
					<collisionHull>
						<bottom/>
						<top>
							<part>
								<xStart>
									-2.97221
									<!--BW_String-->
								</xStart>
								<xStep>
									0.0754988
									<!--BW_String-->
								</xStep>
								<ySamples>
									1.24485 1.23079 1.26302 1.27152 1.2731 1.27468 1.27627 1.27785 1.27943 1.28249 1.28622 1.28995 1.29368 1.2974 1.30113 1.30486 1.30859 1.31232 1.31605 1.31978 1.32351 1.32723 1.33096 1.33469 1.33842 1.34215 1.34588 1.34961 1.35334 1.35706 1.36079 1.36452 1.36825 1.37198 1.37571 1.37944 1.38317 1.3869 1.39062 1.39435 1.39808 1.40181 1.40551 1.40918 1.41286 1.41653 1.4202 1.42387 1.42754 1.43122 1.43489 1.43856 1.44223 1.4459 1.44958 1.45325 1.45692 1.46059 1.46426 1.46793 1.47161 1.47528 1.47895 1.48262 1.48629 1.48997 1.49364 1.49731 1.50098 1.50465 1.48971 1.512 1.51567 1.53291 1.56004 1.56003 1.56003 1.56004 1.54557 1.52142 1.47197 1.40562
									<!--BW_String-->
								</ySamples>
							</part>
						</top>
					</collisionHull>
					<bottomWheels>
						<wheel>WD_R1</wheel>
						<wheel>W_R7</wheel>
						<wheel>W_R6</wheel>
						<wheel>W_R5</wheel>
						<wheel>W_R4</wheel>
						<wheel>W_R3</wheel>
						<wheel>W_R2</wheel>
						<wheel>W_R1</wheel>
						<wheel>W_R0</wheel>
						<wheel>WD_R0</wheel>
					</bottomWheels>
					<snapWheels>
						<topFront>
							<wheelName>WD_R0</wheelName>
							<basePos>
								2.73251 0.93335
								<!--BW_String-->
							</basePos>
							<shiftVec>0.387089 0.114882</shiftVec>
							<jointIdx>11</jointIdx>
						</topFront>
						<topBack>
							<wheelName>WD_R1</wheelName>
							<basePos>
								-2.54681 0.744461
								<!--BW_String-->
							</basePos>
							<shiftVec>-0.276815 0.186286</shiftVec>
							<jointIdx>52</jointIdx>
						</topBack>
						<bottomBack>
							<wheelName>W_R7</wheelName>
							<basePos>
								-1.95959 0.471223
								<!--BW_String-->
							</basePos>
							<shiftVec>
								0.0699991 -0.449902
								<!--BW_String-->
							</shiftVec>
							<jointIdx>62</jointIdx>
						</bottomBack>
						<bottomFront>
							<wheelName>W_R0</wheelName>
							<basePos>
								1.95641 0.471223
								<!--BW_String-->
							</basePos>
							<shiftVec>
								0.0214571 -0.44939
								<!--BW_String-->
							</shiftVec>
							<jointIdx>0</jointIdx>
						</bottomFront>
					</snapWheels>
					<radiusOverrides>
						<wheel>
							<name>WD_R1</name>
							<radius>
								0.33229
								<!--BW_String-->
							</radius>
						</wheel>
						<wheel>
							<name>WD_R0</name>
							<radius>0.402645</radius>
						</wheel>
					</radiusOverrides>
					<teethSyncs>
						<syncWithMainModel>true</syncWithMainModel>
						<segmentSyncPivotOffset>
							1.369
							<!--BW_String-->
						</segmentSyncPivotOffset>
						<sync>
							<name>WD_R1</name>
							<startAngle>
								-562.74
								<!--BW_String-->
							</startAngle>
							<teethCount>17</teethCount>
						</sync>
						<sync>
							<name>WD_R0</name>
							<startAngle>
								-565.696
								<!--BW_String-->
							</startAngle>
							<teethCount>17</teethCount>
						</sync>
					</teethSyncs>
					<sourceCollisionHullPoints>
						<top>
							<range>
								<point>
									1.34998 1.29778 -2.97218
									<!--BW_String-->
								</point>
								<point>
									1.44998 1.28371 -2.89668
									<!--BW_String-->
								</point>
								<point>
									1.34998 1.31595 -2.82118
									<!--BW_String-->
								</point>
								<point>
									1.34998 1.32444 -2.74568
									<!--BW_String-->
								</point>
								<point>
									1.34998 1.32602 -2.67018
									<!--BW_String-->
								</point>
								<point>
									1.34998 1.32761 -2.59469
									<!--BW_String-->
								</point>
								<point>
									1.34998 1.32919 -2.51919
									<!--BW_String-->
								</point>
								<point>
									1.34998 1.33077 -2.44369
									<!--BW_String-->
								</point>
								<point>
									1.34998 1.33235 -2.36819
									<!--BW_String-->
								</point>
								<point>
									1.34998 1.33541 -2.29269
									<!--BW_String-->
								</point>
								<point>
									1.34998 1.33914 -2.21719
									<!--BW_String-->
								</point>
								<point>
									1.34997 1.34287 -2.14169
									<!--BW_String-->
								</point>
								<point>
									1.34997 1.3466 -2.06619
									<!--BW_String-->
								</point>
								<point>
									1.34997 1.35033 -1.9907
									<!--BW_String-->
								</point>
								<point>
									1.34997 1.35406 -1.9152
									<!--BW_String-->
								</point>
								<point>
									1.34997 1.35778 -1.8397
									<!--BW_String-->
								</point>
								<point>
									1.34997 1.36151 -1.7642
									<!--BW_String-->
								</point>
								<point>
									1.34997 1.36524 -1.6887
									<!--BW_String-->
								</point>
								<point>
									1.34997 1.36897 -1.6132
									<!--BW_String-->
								</point>
								<point>
									1.34997 1.3727 -1.5377
									<!--BW_String-->
								</point>
								<point>
									1.34997 1.37643 -1.4622
									<!--BW_String-->
								</point>
								<point>
									1.34997 1.38016 -1.3867
									<!--BW_String-->
								</point>
								<point>
									1.34997 1.38389 -1.31121
									<!--BW_String-->
								</point>
								<point>
									1.34997 1.38761 -1.23571
									<!--BW_String-->
								</point>
								<point>
									1.34997 1.39134 -1.16021
									<!--BW_String-->
								</point>
								<point>
									1.34996 1.39507 -1.08471
									<!--BW_String-->
								</point>
								<point>
									1.34996 1.3988 -1.00921
									<!--BW_String-->
								</point>
								<point>
									1.34996 1.40253 -0.933712
									<!--BW_String-->
								</point>
								<point>
									1.34996 1.40626 -0.858213
									<!--BW_String-->
								</point>
								<point>
									1.34996 1.40999 -0.782715
									<!--BW_String-->
								</point>
								<point>
									1.34996 1.41372 -0.707215
									<!--BW_String-->
								</point>
								<point>
									1.34996 1.41744 -0.631717
									<!--BW_String-->
								</point>
								<point>
									1.34996 1.42117 -0.556218
									<!--BW_String-->
								</point>
								<point>
									1.34996 1.4249 -0.480719
									<!--BW_String-->
								</point>
								<point>
									1.34996 1.42863 -0.40522
									<!--BW_String-->
								</point>
								<point>
									1.34996 1.43236 -0.329722
									<!--BW_String-->
								</point>
								<point>
									1.34996 1.43609 -0.254223
									<!--BW_String-->
								</point>
								<point>
									1.34996 1.43982 -0.178724
									<!--BW_String-->
								</point>
								<point>
									1.34996 1.44355 -0.103225
									<!--BW_String-->
								</point>
								<point>
									1.34996 1.44727 -0.0277263
									<!--BW_String-->
								</point>
								<point>
									1.34995 1.451 0.0477727
									<!--BW_String-->
								</point>
								<point>
									1.34995 1.45473 0.123271
									<!--BW_String-->
								</point>
								<point>
									1.34995 1.45843 0.19877
									<!--BW_String-->
								</point>
								<point>
									1.34995 1.46211 0.274269
									<!--BW_String-->
								</point>
								<point>
									1.34995 1.46578 0.349768
									<!--BW_String-->
								</point>
								<point>
									1.34995 1.46945 0.425267
									<!--BW_String-->
								</point>
								<point>
									1.34995 1.47312 0.500765
									<!--BW_String-->
								</point>
								<point>
									1.34995 1.47679 0.576264
									<!--BW_String-->
								</point>
								<point>
									1.34995 1.48047 0.651763
									<!--BW_String-->
								</point>
								<point>
									1.34995 1.48414 0.727262
									<!--BW_String-->
								</point>
								<point>
									1.34995 1.48781 0.80276
									<!--BW_String-->
								</point>
								<point>
									1.34995 1.49148 0.878259
									<!--BW_String-->
								</point>
								<point>
									1.34995 1.49515 0.953758
									<!--BW_String-->
								</point>
								<point>
									1.34995 1.49883 1.02926
									<!--BW_String-->
								</point>
								<point>
									1.34995 1.5025 1.10476
									<!--BW_String-->
								</point>
								<point>
									1.34994 1.50617 1.18025
									<!--BW_String-->
								</point>
								<point>
									1.34994 1.50984 1.25575
									<!--BW_String-->
								</point>
								<point>
									1.34994 1.51351 1.33125
									<!--BW_String-->
								</point>
								<point>
									1.34994 1.51718 1.40675
									<!--BW_String-->
								</point>
								<point>
									1.34994 1.52086 1.48225
									<!--BW_String-->
								</point>
								<point>
									1.34994 1.52453 1.55775
									<!--BW_String-->
								</point>
								<point>
									1.34994 1.5282 1.63325
									<!--BW_String-->
								</point>
								<point>
									1.34994 1.53187 1.70875
									<!--BW_String-->
								</point>
								<point>
									1.34994 1.53554 1.78424
									<!--BW_String-->
								</point>
								<point>
									1.34994 1.53922 1.85974
									<!--BW_String-->
								</point>
								<point>
									1.34994 1.54289 1.93524
									<!--BW_String-->
								</point>
								<point>
									1.34994 1.54656 2.01074
									<!--BW_String-->
								</point>
								<point>
									1.34994 1.55023 2.08624
									<!--BW_String-->
								</point>
								<point>
									1.34994 1.5539 2.16174
									<!--BW_String-->
								</point>
								<point>
									1.34994 1.55758 2.23724
									<!--BW_String-->
								</point>
								<point>
									1.55993 1.54263 2.31274
									<!--BW_String-->
								</point>
								<point>
									1.34993 1.56492 2.38824
									<!--BW_String-->
								</point>
								<point>
									1.34993 1.56859 2.46373
									<!--BW_String-->
								</point>
								<point>
									1.34993 1.58583 2.53923
									<!--BW_String-->
								</point>
								<point>
									1.57993 1.61296 2.61473
									<!--BW_String-->
								</point>
								<point>
									1.57993 1.61296 2.69023
									<!--BW_String-->
								</point>
								<point>
									1.57993 1.61296 2.76573
									<!--BW_String-->
								</point>
								<point>
									1.57993 1.61296 2.84123
									<!--BW_String-->
								</point>
								<point>
									1.57993 1.5985 2.91673
									<!--BW_String-->
								</point>
								<point>
									1.57993 1.57435 2.99223
									<!--BW_String-->
								</point>
								<point>
									1.57993 1.5249 3.06773
									<!--BW_String-->
								</point>
								<point>
									1.57993 1.45855 3.14322
									<!--BW_String-->
								</point>
							</range>
						</top>
						<bottom/>
					</sourceCollisionHullPoints>
				</right>
			</physicalTracks>
			<customization>
				<customizableVehicleAreas>
					<paint>CHASSIS</paint>
					<camouflage/>
				</customizableVehicleAreas>
			</customization>
		</Pz-V_Vetstaerktketten_IGR>
	</chassis>
	<turrets0>
		<Pz-V_Shmallturm_IGR>
			<userString>#igr_vehicles:Pz-V_Shmallturm_IGR</userString>
			<shortUserString>#igr_vehicles:Pz-V_Shmallturm_IGR_short</shortUserString>
			<tags/>
			<level>7</level>
			<price>22300</price>
			<notInShop>true</notInShop>
			<armor>
				<armor_1>120</armor_1>
				<armor_3>60</armor_3>
				<armor_4>60</armor_4>
				<armor_5>40</armor_5>
				<armor_6>40</armor_6>
				<armor_7>120</armor_7>
				<armor_8>0</armor_8>
				<armor_9>60</armor_9>
				<armor_16>
					40
					<vehicleDamageFactor>
						0.0
						<!--BW_String-->
					</vehicleDamageFactor>
				</armor_16>
			</armor>
			<primaryArmor>armor_1 armor_3 armor_4</primaryArmor>
			<weight>7745</weight>
			<maxHealth>340</maxHealth>
			<rotationSpeed>30</rotationSpeed>
			<turretRotatorHealth>
				<maxHealth>130</maxHealth>
				<maxRegenHealth>65</maxRegenHealth>
				<repairCost>
					1.0
					<!--BW_String-->
				</repairCost>
			</turretRotatorHealth>
			<circularVisionRadius>380</circularVisionRadius>
			<surveyingDeviceHealth>
				<maxHealth>90</maxHealth>
				<maxRegenHealth>45</maxRegenHealth>
				<repairCost>
					1.0
					<!--BW_String-->
				</repairCost>
			</surveyingDeviceHealth>
			<invisibilityFactor>
				0.991
				<!--BW_String-->
			</invisibilityFactor>
			<guns>
				<_75mm_KwK45_L100_IGR>
					shared
					<maxAmmo>80</maxAmmo>
					<reloadTime>4</reloadTime>
					<shotDispersionRadius>
						0.32
						<!--BW_String-->
					</shotDispersionRadius>
					<armor>
						<armor_1>
							150
							<vehicleDamageFactor>
								0.0
								<!--BW_String-->
							</vehicleDamageFactor>
						</armor_1>
						<armor_2>
							60
							<vehicleDamageFactor>
								0.0
								<!--BW_String-->
							</vehicleDamageFactor>
						</armor_2>
						<armor_3>
							40
							<vehicleDamageFactor>
								0.0
								<!--BW_String-->
							</vehicleDamageFactor>
						</armor_3>
						<armor_4>
							0
							<vehicleDamageFactor>
								0.0
								<!--BW_String-->
							</vehicleDamageFactor>
						</armor_4>
						<armor_5>
							20
							<vehicleDamageFactor>
								0.0
								<!--BW_String-->
							</vehicleDamageFactor>
						</armor_5>
						<gun>20</gun>
					</armor>
					<aimingTime>
						2.3
						<!--BW_String-->
					</aimingTime>
					<invisibilityFactorAtShot>
						0.234
						<!--BW_String-->
					</invisibilityFactorAtShot>
					<shotDispersionFactors>
						<turretRotation>
							0.16
							<!--BW_String-->
						</turretRotation>
						<afterShot>
							3.5
							<!--BW_String-->
						</afterShot>
						<whileGunDamaged>
							2.0
							<!--BW_String-->
						</whileGunDamaged>
					</shotDispersionFactors>
					<pitchLimits>
						<minPitch>0 -20 1 -20</minPitch>
						<maxPitch>
							0 8 0.353005 8 0.416667 3 0.583333 3 0.646995 8 1 8
							<!--BW_String-->
						</maxPitch>
					</pitchLimits>
					<turretYawLimits>-180 180</turretYawLimits>
					<effects>shot_75mm_kwk</effects>
					<models>
						<undamaged>vehicles/german/G03_PzV_Panther/normal/lod0/Gun_04.model</undamaged>
						<destroyed>vehicles/german/G03_PzV_Panther/crash/lod0/Gun_04.model</destroyed>
						<exploded>vehicles/german/G03_PzV_Panther/crash/lod0/Gun_04.model</exploded>
					</models>
					<hitTester>
						<collisionModelServer>vehicles/german/G03_PzV_Panther/collision/Gun_04.model</collisionModelServer>
						<collisionModelClient>vehicles/german/G03_PzV_Panther/collision_client/Gun_04.model</collisionModelClient>
					</hitTester>
					<animateEmblemSlots>true</animateEmblemSlots>
					<customization>
						<customizableVehicleAreas>
							<paint>GUN GUN_2</paint>
							<camouflage>GUN</camouflage>
						</customizableVehicleAreas>
					</customization>
					<customizationSlots>
						<slot>
							<slotType>insigniaOnGun</slotType>
							<slotId>49000</slotId>
							<rayStart>
								-0.0141508 0.018093 5.78628
								<!--BW_String-->
							</rayStart>
							<rayEnd>
								0.0473115 -0.0684701 5.79007
								<!--BW_String-->
							</rayEnd>
							<rayUp>
								0.07 0.067 4
								<!--BW_String-->
							</rayUp>
							<size>
								0.498
								<!--BW_String-->
							</size>
							<hideIfDamaged>false</hideIfDamaged>
							<isUVProportional>true</isUVProportional>
						</slot>
					</customizationSlots>
					<camouflage>
						<tiling>
							0.7 0.7 0.000000 0.000000
							<!--BW_String-->
						</tiling>
						<density>
							91.1164 91.0225
							<!--BW_String-->
						</density>
						<aoTextureSize>512 512</aoTextureSize>
					</camouflage>
				</_75mm_KwK45_L100_IGR>
			</guns>
			<models>
				<undamaged>vehicles/german/G03_PzV_Panther/normal/lod0/Turret_02.model</undamaged>
				<destroyed>vehicles/german/G03_PzV_Panther/crash/lod0/Turret_02.model</destroyed>
				<exploded>vehicles/german/G03_PzV_Panther/crash/lod0/Turret_02.model</exploded>
			</models>
			<hitTester>
				<collisionModelServer>vehicles/german/G03_PzV_Panther/collision/Turret_02.model</collisionModelServer>
				<collisionModelClient>vehicles/german/G03_PzV_Panther/collision_client/Turret_02.model</collisionModelClient>
			</hitTester>
			<gunPosition>
				0.0058 0.4563 1.0316
				<!--BW_String-->
			</gunPosition>
			<showEmblemsOnGun>false</showEmblemsOnGun>
			<physicsShape>
				1.008 -0.015 1.028 0.000 0.658 0.126 0.924 0.286 0.402 0.509 0.290 0.500 0.268 0.571 0.000
				<!--BW_String-->
			</physicsShape>
			<wwturretRotatorSoundManual>tur_mech_trav</wwturretRotatorSoundManual>
			<customization>
				<customizableVehicleAreas>
					<paint>TURRET</paint>
					<camouflage>TURRET</camouflage>
				</customizableVehicleAreas>
			</customization>
			<customizationSlots>
				<slot>
					<slotType>player</slotType>
					<slotId>33000</slotId>
					<rayStart>-0.947902 0.434459 0.738366</rayStart>
					<rayEnd>-0.603051 0.274675 0.613679</rayEnd>
					<rayUp>
						0.000000 1 0.000000
						<!--BW_String-->
					</rayUp>
					<size>
						0.32
						<!--BW_String-->
					</size>
					<hideIfDamaged>true</hideIfDamaged>
					<isUVProportional>true</isUVProportional>
				</slot>
				<slot>
					<slotType>inscription</slotType>
					<slotId>34000</slotId>
					<rayStart>
						-1.14356 0.448953 0.178674
						<!--BW_String-->
					</rayStart>
					<rayEnd>
						-0.798685 0.289348 0.0538259
						<!--BW_String-->
					</rayEnd>
					<rayUp>
						0.000000 1 0.000000
						<!--BW_String-->
					</rayUp>
					<size>
						0.72
						<!--BW_String-->
					</size>
					<hideIfDamaged>false</hideIfDamaged>
					<isUVProportional>true</isUVProportional>
				</slot>
				<slot>
					<slotType>inscription</slotType>
					<slotId>34001</slotId>
					<rayStart>
						1.14356 0.448953 0.178674
						<!--BW_String-->
					</rayStart>
					<rayEnd>
						0.798685 0.289348 0.0538259
						<!--BW_String-->
					</rayEnd>
					<rayUp>
						0.000000 1 0.000000
						<!--BW_String-->
					</rayUp>
					<size>
						0.72
						<!--BW_String-->
					</size>
					<hideIfDamaged>false</hideIfDamaged>
					<isUVProportional>true</isUVProportional>
				</slot>
				<slot>
					<slotType>player</slotType>
					<slotId>33001</slotId>
					<rayStart>0.947902 0.434459 0.738366</rayStart>
					<rayEnd>0.603051 0.274675 0.613679</rayEnd>
					<rayUp>
						0.000000 1 0.000000
						<!--BW_String-->
					</rayUp>
					<size>
						0.32
						<!--BW_String-->
					</size>
					<hideIfDamaged>false</hideIfDamaged>
					<isMirrored>true</isMirrored>
					<isUVProportional>true</isUVProportional>
				</slot>
			</customizationSlots>
			<camouflage>
				<tiling>
					0.7 0.7 0.000000 0.000000
					<!--BW_String-->
				</tiling>
				<density>
					104.902 104.023
					<!--BW_String-->
				</density>
				<aoTextureSize>512 512</aoTextureSize>
			</camouflage>
		</Pz-V_Shmallturm_IGR>
	</turrets0>
	<engines>
		<Maybach_HL_230_TRM_P30_IGR>shared</Maybach_HL_230_TRM_P30_IGR>
	</engines>
	<fuelTanks>
		<Heavy>shared</Heavy>
	</fuelTanks>
	<radios>
		<FuG12_IGR>shared</FuG12_IGR>
	</radios>
	<physics>
		<detailed>
			<engines>
				<Maybach_HL_230_TRM_P30_IGR>
					<smplEnginePower>
						740.0968
						<!--BW_String-->
					</smplEnginePower>
					<smplFwMaxSpeed>55</smplFwMaxSpeed>
				</Maybach_HL_230_TRM_P30_IGR>
			</engines>
			<chassis>
				<Pz-V_Vetstaerktketten_IGR>
					<grounds>
						<soft>
							<rollingFriction>
								0.18515
								<!--BW_String-->
							</rollingFriction>
						</soft>
						<medium>
							<rollingFriction>
								0.0966
								<!--BW_String-->
							</rollingFriction>
						</medium>
						<firm>
							<rollingFriction>
								0.0805
								<!--BW_String-->
							</rollingFriction>
						</firm>
					</grounds>
				</Pz-V_Vetstaerktketten_IGR>
			</chassis>
		</detailed>
	</physics>
	<clientAdjustmentFactors>
		<armour>
			0.963500662
			<!--BW_String-->
		</armour>
	</clientAdjustmentFactors>
	<effects>
		<collision/>
		<damagedStateGroup>large</damagedStateGroup>
	</effects>
	<emblems>
		<default>15502</default>
		<lodDist>MEDIUM</lodDist>
		<alpha>
			0.88
			<!--BW_String-->
		</alpha>
	</emblems>
</root>
