<?xml version="1.0" encoding="utf-8"?>
<root>
	<xmlns:xmlref>http://bwt/xmlref</xmlns:xmlref>
	<crew>
		<commander>radioman</commander>
		<gunner/>
		<driver/>
		<loader/>
	</crew>
	<supplySlots>4 1 1 6 6 6 7 8 8 8</supplySlots>
	<speedLimits>
		<forward>65</forward>
		<backward>20</backward>
	</speedLimits>
	<invisibility>
		<moving>
			0.264
			<!--BW_String-->
		</moving>
		<still>
			0.441
			<!--BW_String-->
		</still>
		<camouflageBonus>
			0.04
			<!--BW_String-->
		</camouflageBonus>
		<firePenalty>
			0.662
			<!--BW_String-->
		</firePenalty>
	</invisibility>
	<optDevsOverrides>
		<camouflageNet>
			<invisibilityBonus>
				0.15 0.175
				<!--BW_String-->
			</invisibilityBonus>
		</camouflageNet>
		<additionalInvisibilityDevice>
			<invisibilityBonus>
				0.05 0.06
				<!--BW_String-->
			</invisibilityBonus>
		</additionalInvisibilityDevice>
	</optDevsOverrides>
	<repairCost>
		6.5
		<!--BW_String-->
	</repairCost>
	<premiumVehicleXPFactor>
		0.2
		<!--BW_String-->
	</premiumVehicleXPFactor>
	<crewXpFactor>
		1.5
		<!--BW_String-->
	</crewXpFactor>
	<camouflage>
		<priceFactor>
			1.4
			<!--BW_String-->
		</priceFactor>
		<tiling>1 1 0 0</tiling>
		<exclusionMask/>
	</camouflage>
	<hull>
		<fakeTurrets>
			<lobby>0</lobby>
			<battle>0</battle>
		</fakeTurrets>
		<armor>
			<armor_1>50</armor_1>
			<armor_2>50</armor_2>
			<armor_3>30</armor_3>
			<armor_4>30</armor_4>
			<armor_5>20</armor_5>
			<armor_6>30</armor_6>
			<armor_7>80</armor_7>
			<armor_8>0</armor_8>
			<armor_9>50</armor_9>
			<armor_10>50</armor_10>
			<armor_11>20</armor_11>
			<armor_12>30</armor_12>
			<armor_16>35</armor_16>
			<armor_17>30</armor_17>
		</armor>
		<primaryArmor>armor_1 armor_3 armor_4</primaryArmor>
		<weight>14700</weight>
		<maxHealth>664</maxHealth>
		<ammoBayHealth>
			<maxHealth>190</maxHealth>
			<maxRegenHealth>130</maxRegenHealth>
			<repairCost>
				1.0
				<!--BW_String-->
			</repairCost>
		</ammoBayHealth>
		<models>
			<undamaged>vehicles/german/G48_E-25/normal/lod0/Hull.model</undamaged>
			<destroyed>vehicles/german/G48_E-25/crash/lod0/Hull.model</destroyed>
			<exploded>vehicles/german/G48_E-25/crash/lod0/Hull.model</exploded>
		</models>
		<swinging>
			<lodDist>FAR</lodDist>
			<pitchParams>
				0.20 32.00 0.36 1.00 0.05 0.29
				<!--BW_String-->
			</pitchParams>
			<rollParams>
				1.00 0.20 32.00 0.36 1.00 0.05 0.29
				<!--BW_String-->
			</rollParams>
			<sensitivityToImpulse>
				0.3
				<!--BW_String-->
			</sensitivityToImpulse>
		</swinging>
		<exhaust>
			<pixie>gas_medium</pixie>
			<nodes>HP_Track_Exhaus_1 HP_Track_Exhaus_2</nodes>
		</exhaust>
		<turretPositions>
			<turret>
				0.197035 0.452159 1.6521
				<!--BW_String-->
			</turret>
		</turretPositions>
		<hitTester>
			<collisionModelServer>vehicles/german/G48_E-25/collision/Hull.model</collisionModelServer>
			<collisionModelClient>vehicles/german/G48_E-25/collision_client/Hull.model</collisionModelClient>
		</hitTester>
		<hangarShadowTexture>vehicles/german/G48_E-25/E-25_HangarShadowMap.dds</hangarShadowTexture>
		<customization>
			<customizableVehicleAreas>
				<paint/>
				<camouflage>HULL</camouflage>
			</customizableVehicleAreas>
		</customization>
		<customizationSlots>
			<slot>
				<slotType>clan</slotType>
				<slotId>10000</slotId>
				<rayStart>
					0.859982 0.563407 1.58053
					<!--BW_String-->
				</rayStart>
				<rayEnd>
					0.859982 0.409948 1.45227
					<!--BW_String-->
				</rayEnd>
				<rayUp>
					0.000000 0.000000 -1
					<!--BW_String-->
				</rayUp>
				<size>
					0.28
					<!--BW_String-->
				</size>
				<hideIfDamaged>false</hideIfDamaged>
				<isUVProportional>true</isUVProportional>
			</slot>
			<slot>
				<slotType>inscription</slotType>
				<slotId>14000</slotId>
				<rayStart>
					-0.522566 0.404494 1.77066
					<!--BW_String-->
				</rayStart>
				<rayEnd>
					-0.522566 0.251036 1.6424
					<!--BW_String-->
				</rayEnd>
				<rayUp>
					0.000000 0.000000 -1
					<!--BW_String-->
				</rayUp>
				<size>
					0.454
					<!--BW_String-->
				</size>
				<hideIfDamaged>true</hideIfDamaged>
				<isUVProportional>true</isUVProportional>
			</slot>
			<slot>
				<slotType>player</slotType>
				<slotId>13000</slotId>
				<rayStart>
					-1.00298 0.736779 -0.141544
					<!--BW_String-->
				</rayStart>
				<rayEnd>-0.879829 0.579194 -0.141544</rayEnd>
				<rayUp>0.787933 0.615761 -0.000000</rayUp>
				<size>
					0.24
					<!--BW_String-->
				</size>
				<hideIfDamaged>true</hideIfDamaged>
				<isUVProportional>true</isUVProportional>
			</slot>
			<slot>
				<slotType>player</slotType>
				<slotId>13001</slotId>
				<rayStart>
					1.00194 0.737593 -0.143421
					<!--BW_String-->
				</rayStart>
				<rayEnd>0.878786 0.580008 -0.143421</rayEnd>
				<rayUp>
					-0.787926 0.61577 -0.000000
					<!--BW_String-->
				</rayUp>
				<size>
					0.24
					<!--BW_String-->
				</size>
				<hideIfDamaged>true</hideIfDamaged>
				<isMirrored>true</isMirrored>
				<isUVProportional>true</isUVProportional>
			</slot>
		</customizationSlots>
		<camouflage>
			<tiling>
				1.24 0.595 0.000000 0.000000
				<!--BW_String-->
			</tiling>
			<density>
				103.101 103.111
				<!--BW_String-->
			</density>
			<aoTextureSize>1024 512</aoTextureSize>
		</camouflage>
	</hull>
	<chassis>
		<Chassis_E-25_IGR>
			<userString>#igr_vehicles:Chassis_E-25_IGR</userString>
			<tags/>
			<level>7</level>
			<price>12860</price>
			<notInShop>true</notInShop>
			<armor>
				<leftTrack>25</leftTrack>
				<rightTrack>25</rightTrack>
			</armor>
			<weight>9000</weight>
			<maxLoad>29000</maxLoad>
			<terrainResistance>
				1.2 1.3 2.3
				<!--BW_String-->
			</terrainResistance>
			<brakeForce>26000</brakeForce>
			<rotationIsAroundCenter>true</rotationIsAroundCenter>
			<rotationSpeed>44</rotationSpeed>
			<shotDispersionFactors>
				<vehicleMovement>
					0.18
					<!--BW_String-->
				</vehicleMovement>
				<vehicleRotation>
					0.18
					<!--BW_String-->
				</vehicleRotation>
			</shotDispersionFactors>
			<bulkHealthFactor>
				3.0
				<!--BW_String-->
			</bulkHealthFactor>
			<maxHealth>180</maxHealth>
			<maxRegenHealth>135</maxRegenHealth>
			<repairCost>
				0.5
				<!--BW_String-->
			</repairCost>
			<models>
				<undamaged>vehicles/german/G48_E-25/normal/lod0/Chassis.model</undamaged>
				<destroyed>vehicles/german/G48_E-25/crash/lod0/Chassis.model</destroyed>
				<exploded>vehicles/german/G48_E-25/crash/lod0/Chassis.model</exploded>
			</models>
			<traces>
				<lodDist>FAR</lodDist>
				<bufferPrefs>mediumTank</bufferPrefs>
				<textureSet>germany_01</textureSet>
				<size>
					0.38 0.57
					<!--BW_String-->
				</size>
			</traces>
			<tracks>
				<lodDist>MEDIUM_TRACK</lodDist>
				<leftMaterial>track_mat_L_skinned</leftMaterial>
				<rightMaterial>track_mat_R_skinned</rightMaterial>
				<textureScale>-3</textureScale>
			</tracks>
			<wheels>
				<lodDist>MEDIUM</lodDist>
				<wheel>
					<isLeft>true</isLeft>
					<isLeading>true</isLeading>
					<name>WD_L0</name>
					<radius>0.203505</radius>
					<syncAngle>
						22.5
						<!--BW_String-->
					</syncAngle>
				</wheel>
				<wheel>
					<isLeft>true</isLeft>
					<isLeading>true</isLeading>
					<name>WD_L1</name>
					<radius>0.273225</radius>
					<syncAngle>
						22.5
						<!--BW_String-->
					</syncAngle>
				</wheel>
				<wheel>
					<isLeft>false</isLeft>
					<isLeading>true</isLeading>
					<name>WD_R0</name>
					<radius>0.203505</radius>
					<syncAngle>
						22.5
						<!--BW_String-->
					</syncAngle>
				</wheel>
				<wheel>
					<isLeft>false</isLeft>
					<isLeading>true</isLeading>
					<name>WD_R1</name>
					<radius>0.273225</radius>
					<syncAngle>
						22.5
						<!--BW_String-->
					</syncAngle>
				</wheel>
				<group>
					<isLeft>true</isLeft>
					<template>W_L</template>
					<radius>
						0.4
						<!--BW_String-->
					</radius>
					<startIndex>0</startIndex>
					<count>5</count>
				</group>
				<group>
					<isLeft>false</isLeft>
					<template>W_R</template>
					<radius>
						0.4
						<!--BW_String-->
					</radius>
					<startIndex>0</startIndex>
					<count>5</count>
				</group>
			</wheels>
			<drivingWheels>WD_L0 WD_L1</drivingWheels>
			<effects>
				<lodDist>MEDIUM</lodDist>
				<mud>mediumTankMud</mud>
			</effects>
			<wwsoundPC>treads_type_pc</wwsoundPC>
			<wwsoundNPC>trds_chf_npc</wwsoundNPC>
			<hullPosition>0.000000 0.825956 0.000000</hullPosition>
			<hitTester>
				<collisionModelServer>vehicles/german/G48_E-25/collision/Chassis.model</collisionModelServer>
				<collisionModelClient>vehicles/german/G48_E-25/collision_client/Chassis.model</collisionModelClient>
			</hitTester>
			<topRightCarryingPoint>
				1.11593 1.17142
				<!--BW_String-->
			</topRightCarryingPoint>
			<maxClimbAngle>25</maxClimbAngle>
			<navmeshGirth>
				6.0
				<!--BW_String-->
			</navmeshGirth>
			<AODecals>
				<decal>
					<transform>
						<row0>3.977110 0.000000 0.000000</row0>
						<row1>-0.000000 1.140910 0.000000</row1>
						<row2>0.000000 0.000000 4.564100</row2>
						<row3>-0.000000 0.000000 -0.000000</row3>
					</transform>
				</decal>
			</AODecals>
			<splineDesc>
				<segmentModelLeft>vehicles/german/G48_E-25/track/segment.model</segmentModelLeft>
				<segmentModelRight>vehicles/german/G48_E-25/track/segment.model</segmentModelRight>
				<left>vehicles/german/G48_E-25/track/left.track</left>
				<right>vehicles/german/G48_E-25/track/right.track</right>
				<segmentLength>
					0.106
					<!--BW_String-->
				</segmentLength>
				<segmentOffset>
					0.05
					<!--BW_String-->
				</segmentOffset>
				<lodDist>SPLINE_TRACK</lodDist>
				<atlas>
					<UTiles>1</UTiles>
					<VTiles>1</VTiles>
				</atlas>
			</splineDesc>
			<groundNodes>
				<group>
					<template>Track_L</template>
					<startIndex>0</startIndex>
					<count>5</count>
					<isLeft>true</isLeft>
					<minOffset>
						-0.06
						<!--BW_String-->
					</minOffset>
					<maxOffset>
						0.06
						<!--BW_String-->
					</maxOffset>
				</group>
				<group>
					<template>Track_R</template>
					<startIndex>0</startIndex>
					<count>5</count>
					<isLeft>false</isLeft>
					<minOffset>
						-0.06
						<!--BW_String-->
					</minOffset>
					<maxOffset>
						0.06
						<!--BW_String-->
					</maxOffset>
				</group>
			</groundNodes>
			<trackThickness>
				-0.0143
				<!--BW_String-->
			</trackThickness>
			<trackNodes>
				<enable>true</enable>
				<linkBones>true</linkBones>
				<maxAmplitude>
					0.1
					<!--BW_String-->
				</maxAmplitude>
				<maxOffset>
					0.1
					<!--BW_String-->
				</maxOffset>
				<gravity>
					-9.8
					<!--BW_String-->
				</gravity>
				<elasticity>950</elasticity>
				<damping>2</damping>
				<node>
					<isLeft>false</isLeft>
					<name>Track_VD_R0</name>
				</node>
				<node>
					<isLeft>true</isLeft>
					<name>Track_VD_L0</name>
				</node>
				<node>
					<isLeft>true</isLeft>
					<name>Track_VD_L1</name>
				</node>
				<node>
					<isLeft>false</isLeft>
					<name>Track_VD_R1</name>
				</node>
				<node>
					<isLeft>false</isLeft>
					<name>Track_VT_R0</name>
					<forwardElastK>
						0.75
						<!--BW_String-->
					</forwardElastK>
					<backwardElastK>
						1.2
						<!--BW_String-->
					</backwardElastK>
					<rightSibling>Track_VT_R1</rightSibling>
				</node>
				<node>
					<isLeft>false</isLeft>
					<name>Track_VT_R1</name>
					<forwardElastK>
						0.75
						<!--BW_String-->
					</forwardElastK>
					<backwardElastK>
						1.4
						<!--BW_String-->
					</backwardElastK>
					<leftSibling>Track_VT_R0</leftSibling>
					<rightSibling>Track_VT_R2</rightSibling>
				</node>
				<node>
					<isLeft>false</isLeft>
					<name>Track_VT_R2</name>
					<forwardElastK>
						0.75
						<!--BW_String-->
					</forwardElastK>
					<backwardElastK>
						1.6
						<!--BW_String-->
					</backwardElastK>
					<leftSibling>Track_VT_R1</leftSibling>
					<rightSibling>Track_VT_R3</rightSibling>
				</node>
				<node>
					<isLeft>false</isLeft>
					<name>Track_VT_R3</name>
					<forwardElastK>
						0.75
						<!--BW_String-->
					</forwardElastK>
					<backwardElastK>
						1.8
						<!--BW_String-->
					</backwardElastK>
					<leftSibling>Track_VT_R2</leftSibling>
					<rightSibling>Track_VT_R4</rightSibling>
				</node>
				<node>
					<isLeft>false</isLeft>
					<name>Track_VT_R4</name>
					<forwardElastK>
						0.75
						<!--BW_String-->
					</forwardElastK>
					<backwardElastK>2</backwardElastK>
					<leftSibling>Track_VT_R3</leftSibling>
				</node>
				<node>
					<isLeft>true</isLeft>
					<name>Track_VT_L0</name>
					<forwardElastK>
						0.75
						<!--BW_String-->
					</forwardElastK>
					<backwardElastK>
						1.2
						<!--BW_String-->
					</backwardElastK>
					<rightSibling>Track_VT_L1</rightSibling>
				</node>
				<node>
					<isLeft>true</isLeft>
					<name>Track_VT_L1</name>
					<forwardElastK>
						0.75
						<!--BW_String-->
					</forwardElastK>
					<backwardElastK>
						1.4
						<!--BW_String-->
					</backwardElastK>
					<leftSibling>Track_VT_L0</leftSibling>
					<rightSibling>Track_VT_L2</rightSibling>
				</node>
				<node>
					<isLeft>true</isLeft>
					<name>Track_VT_L2</name>
					<forwardElastK>
						0.75
						<!--BW_String-->
					</forwardElastK>
					<backwardElastK>
						1.6
						<!--BW_String-->
					</backwardElastK>
					<leftSibling>Track_VT_L1</leftSibling>
					<rightSibling>Track_VT_L3</rightSibling>
				</node>
				<node>
					<isLeft>true</isLeft>
					<name>Track_VT_L3</name>
					<forwardElastK>
						0.75
						<!--BW_String-->
					</forwardElastK>
					<backwardElastK>
						1.8
						<!--BW_String-->
					</backwardElastK>
					<leftSibling>Track_VT_L2</leftSibling>
					<rightSibling>Track_VT_L4</rightSibling>
				</node>
				<node>
					<isLeft>true</isLeft>
					<name>Track_VT_L4</name>
					<forwardElastK>
						0.75
						<!--BW_String-->
					</forwardElastK>
					<backwardElastK>2</backwardElastK>
					<leftSibling>Track_VT_L3</leftSibling>
				</node>
			</trackNodes>
			<physicalTracks>
				<left>
					<segmentsCount>85</segmentsCount>
					<segmentsOuterThickness>
						0.0758848
						<!--BW_String-->
					</segmentsOuterThickness>
					<segmentsInnerThickness>
						-0.00378385
						<!--BW_String-->
					</segmentsInnerThickness>
					<segmentsPlaneOffset>
						-1.116
						<!--BW_String-->
					</segmentsPlaneOffset>
					<springsLength>
						<backwardMovement>
							<back>0.107904</back>
							<top>
								0.0967337
								<!--BW_String-->
							</top>
							<front>
								0.0981988
								<!--BW_String-->
							</front>
							<bottom>
								0.0438145
								<!--BW_String-->
							</bottom>
						</backwardMovement>
						<forwardMovement>
							<back>
								0.0983974
								<!--BW_String-->
							</back>
							<top>0.103856</top>
							<front>0.107513</front>
							<bottom>
								0.0438145
								<!--BW_String-->
							</bottom>
						</forwardMovement>
					</springsLength>
					<mainSegment>
						<model>vehicles/german/G48_E-25/track/segment.model</model>
						<length>0.106017</length>
					</mainSegment>
					<collisionHull>
						<bottom/>
						<top>
							<part>
								<xStart>
									-2.09532
									<!--BW_String-->
								</xStart>
								<xStep>
									0.0530085
									<!--BW_String-->
								</xStep>
								<ySamples>
									0.833633 0.856935 0.883735 0.912719 0.942065 0.971411 0.995435 0.995438 0.99544 0.995442 0.995444 0.995447 0.995449 0.995451 0.995453 0.995456 0.995458 0.99546 0.995462 0.995465 0.995467 0.99547 0.995472 0.995475 0.995478 0.99548 0.995483 0.995485 0.995488 0.99549 0.995493 0.995495 0.995497 0.995499 0.995502 0.995504 0.995506 0.995508 0.995511 0.995513 0.995515 0.995517 0.99552 0.995522 0.995524 0.995526 0.995529 0.995531 0.995533 0.995536 0.995538 0.99554 0.995543 0.995545 0.995547 0.99555 0.995552 0.995554 0.995557 0.995559 0.995561 0.995564 0.995566 0.995568 0.995571 0.995573 0.995575 0.995578 0.99558 0.995582 0.995585 0.995587 0.995589 0.985812 0.997397 0.999294 1.00119 1.00285 0.931948 0.825618
									<!--BW_String-->
								</ySamples>
							</part>
						</top>
					</collisionHull>
					<bottomWheels>
						<wheel>WD_L1</wheel>
						<wheel>W_L4</wheel>
						<wheel>W_L3</wheel>
						<wheel>W_L2</wheel>
						<wheel>W_L1</wheel>
						<wheel>W_L0</wheel>
						<wheel>WD_L0</wheel>
					</bottomWheels>
					<snapWheels>
						<topFront>
							<wheelName>WD_L0</wheelName>
							<basePos>
								1.79924 0.603018
								<!--BW_String-->
							</basePos>
							<shiftVec>0.183864 0.113129</shiftVec>
							<jointIdx>11</jointIdx>
						</topFront>
						<topBack>
							<wheelName>WD_L1</wheelName>
							<basePos>
								-1.82494 0.587889
								<!--BW_String-->
							</basePos>
							<shiftVec>
								-0.244583 0.0649264
								<!--BW_String-->
							</shiftVec>
							<jointIdx>51</jointIdx>
						</topBack>
						<bottomBack>
							<wheelName>W_L4</wheelName>
							<basePos>
								-1.1723 0.451255
								<!--BW_String-->
							</basePos>
							<shiftVec>
								-0.0201354 -0.395704
								<!--BW_String-->
							</shiftVec>
							<jointIdx>62</jointIdx>
						</bottomBack>
						<bottomFront>
							<wheelName>W_L0</wheelName>
							<basePos>
								1.1694 0.451256
								<!--BW_String-->
							</basePos>
							<shiftVec>
								0.0232117 -0.395536
								<!--BW_String-->
							</shiftVec>
							<jointIdx>0</jointIdx>
						</bottomFront>
					</snapWheels>
					<radiusOverrides>
						<wheel>
							<name>WD_L1</name>
							<radius>0.252164</radius>
						</wheel>
						<wheel>
							<name>WD_L0</name>
							<radius>0.214836</radius>
						</wheel>
					</radiusOverrides>
					<teethSyncs>
						<syncWithMainModel>true</syncWithMainModel>
						<segmentSyncPivotOffset>0.000000</segmentSyncPivotOffset>
						<sync>
							<name>WD_L1</name>
							<startAngle>
								-5.32282
								<!--BW_String-->
							</startAngle>
							<teethCount>16</teethCount>
						</sync>
						<sync>
							<name>WD_L0</name>
							<startAngle>
								-8.51779
								<!--BW_String-->
							</startAngle>
							<teethCount>16</teethCount>
						</sync>
					</teethSyncs>
					<sourceCollisionHullPoints>
						<top>
							<range>
								<point>
									-1.18088 0.940644 -2.09528
									<!--BW_String-->
								</point>
								<point>
									-1.18088 0.963945 -2.04227
									<!--BW_String-->
								</point>
								<point>
									-1.18088 0.990746 -1.98926
									<!--BW_String-->
								</point>
								<point>
									-1.17088 1.01973 -1.93625
									<!--BW_String-->
								</point>
								<point>
									-1.16088 1.04908 -1.88324
									<!--BW_String-->
								</point>
								<point>
									-1.15088 1.07842 -1.83024
									<!--BW_String-->
								</point>
								<point>
									-1.14088 1.10245 -1.77723
									<!--BW_String-->
								</point>
								<point>
									-1.14088 1.10245 -1.72422
									<!--BW_String-->
								</point>
								<point>
									-1.14088 1.10245 -1.67121
									<!--BW_String-->
								</point>
								<point>
									-1.14088 1.10245 -1.6182
									<!--BW_String-->
								</point>
								<point>
									-1.14088 1.10246 -1.56519
									<!--BW_String-->
								</point>
								<point>
									-1.14088 1.10246 -1.51218
									<!--BW_String-->
								</point>
								<point>
									-1.14088 1.10246 -1.45918
									<!--BW_String-->
								</point>
								<point>
									-1.18088 1.10246 -1.40617
									<!--BW_String-->
								</point>
								<point>
									-1.17088 1.10246 -1.35316
									<!--BW_String-->
								</point>
								<point>
									-1.22088 1.10247 -1.30015
									<!--BW_String-->
								</point>
								<point>
									-1.27088 1.10247 -1.24714
									<!--BW_String-->
								</point>
								<point>
									-1.32088 1.10247 -1.19413
									<!--BW_String-->
								</point>
								<point>
									-1.32088 1.10247 -1.14112
									<!--BW_String-->
								</point>
								<point>
									-1.32088 1.10247 -1.08811
									<!--BW_String-->
								</point>
								<point>
									-1.32088 1.10248 -1.03511
									<!--BW_String-->
								</point>
								<point>
									-1.32088 1.10248 -0.982098
									<!--BW_String-->
								</point>
								<point>
									-1.32088 1.10248 -0.929089
									<!--BW_String-->
								</point>
								<point>
									-1.32088 1.10248 -0.876081
									<!--BW_String-->
								</point>
								<point>
									-1.32088 1.10249 -0.823072
									<!--BW_String-->
								</point>
								<point>
									-1.32088 1.10249 -0.770064
									<!--BW_String-->
								</point>
								<point>
									-1.32088 1.10249 -0.717055
									<!--BW_String-->
								</point>
								<point>
									-1.32088 1.10249 -0.664047
									<!--BW_String-->
								</point>
								<point>
									-1.32088 1.1025 -0.611038
									<!--BW_String-->
								</point>
								<point>
									-1.32088 1.1025 -0.558029
									<!--BW_String-->
								</point>
								<point>
									-1.14088 1.1025 -0.505021
									<!--BW_String-->
								</point>
								<point>
									-1.14088 1.10251 -0.452013
									<!--BW_String-->
								</point>
								<point>
									-1.14088 1.10251 -0.399004
									<!--BW_String-->
								</point>
								<point>
									-1.14088 1.10251 -0.345995
									<!--BW_String-->
								</point>
								<point>
									-1.14088 1.10251 -0.292987
									<!--BW_String-->
								</point>
								<point>
									-1.14088 1.10251 -0.239978
									<!--BW_String-->
								</point>
								<point>
									-1.14088 1.10252 -0.18697
									<!--BW_String-->
								</point>
								<point>
									-1.14088 1.10252 -0.133961
									<!--BW_String-->
								</point>
								<point>
									-1.14088 1.10252 -0.0809531
									<!--BW_String-->
								</point>
								<point>
									-1.14088 1.10252 -0.0279446
									<!--BW_String-->
								</point>
								<point>
									-1.14088 1.10253 0.025064
									<!--BW_String-->
								</point>
								<point>
									-1.14088 1.10253 0.0780726
									<!--BW_String-->
								</point>
								<point>
									-1.14088 1.10253 0.131081
									<!--BW_String-->
								</point>
								<point>
									-1.14088 1.10253 0.18409
									<!--BW_String-->
								</point>
								<point>
									-1.14088 1.10254 0.237098
									<!--BW_String-->
								</point>
								<point>
									-1.14088 1.10254 0.290107
									<!--BW_String-->
								</point>
								<point>
									-1.14088 1.10254 0.343115
									<!--BW_String-->
								</point>
								<point>
									-1.14088 1.10254 0.396124
									<!--BW_String-->
								</point>
								<point>
									-1.14088 1.10254 0.449132
									<!--BW_String-->
								</point>
								<point>
									-1.14088 1.10255 0.502141
									<!--BW_String-->
								</point>
								<point>
									-1.14088 1.10255 0.55515
									<!--BW_String-->
								</point>
								<point>
									-1.14088 1.10255 0.608158
									<!--BW_String-->
								</point>
								<point>
									-1.14088 1.10255 0.661167
									<!--BW_String-->
								</point>
								<point>
									-1.14088 1.10256 0.714175
									<!--BW_String-->
								</point>
								<point>
									-1.14088 1.10256 0.767184
									<!--BW_String-->
								</point>
								<point>
									-1.14088 1.10256 0.820192
									<!--BW_String-->
								</point>
								<point>
									-1.14088 1.10256 0.873201
									<!--BW_String-->
								</point>
								<point>
									-1.14088 1.10257 0.92621
									<!--BW_String-->
								</point>
								<point>
									-1.14088 1.10257 0.979218
									<!--BW_String-->
								</point>
								<point>
									-1.14088 1.10257 1.03223
									<!--BW_String-->
								</point>
								<point>
									-1.14088 1.10257 1.08524
									<!--BW_String-->
								</point>
								<point>
									-1.14088 1.10257 1.13824
									<!--BW_String-->
								</point>
								<point>
									-1.14088 1.10258 1.19125
									<!--BW_String-->
								</point>
								<point>
									-1.14088 1.10258 1.24426
									<!--BW_String-->
								</point>
								<point>
									-1.14088 1.10258 1.29727
									<!--BW_String-->
								</point>
								<point>
									-1.14088 1.10258 1.35028
									<!--BW_String-->
								</point>
								<point>
									-1.14088 1.10259 1.40329
									<!--BW_String-->
								</point>
								<point>
									-1.14088 1.10259 1.4563
									<!--BW_String-->
								</point>
								<point>
									-1.14088 1.10259 1.5093
									<!--BW_String-->
								</point>
								<point>
									-1.14088 1.10259 1.56231
									<!--BW_String-->
								</point>
								<point>
									-1.14088 1.1026 1.61532
									<!--BW_String-->
								</point>
								<point>
									-1.14088 1.1026 1.66833
									<!--BW_String-->
								</point>
								<point>
									-1.14088 1.1026 1.72134
									<!--BW_String-->
								</point>
								<point>
									-1.14088 1.09282 1.77435
									<!--BW_String-->
								</point>
								<point>
									-1.30088 1.1044 1.82736
									<!--BW_String-->
								</point>
								<point>
									-1.14088 1.1063 1.88036
									<!--BW_String-->
								</point>
								<point>
									-1.14088 1.1082 1.93337
									<!--BW_String-->
								</point>
								<point>
									-1.14088 1.10986 1.98638
									<!--BW_String-->
								</point>
								<point>
									-1.32088 1.03896 2.03939
									<!--BW_String-->
								</point>
								<point>
									-1.32088 0.932626 2.0924
									<!--BW_String-->
								</point>
							</range>
						</top>
						<bottom/>
					</sourceCollisionHullPoints>
				</left>
				<right>
					<segmentsCount>85</segmentsCount>
					<segmentsOuterThickness>
						0.0759017
						<!--BW_String-->
					</segmentsOuterThickness>
					<segmentsInnerThickness>
						-0.00378378
						<!--BW_String-->
					</segmentsInnerThickness>
					<segmentsPlaneOffset>
						1.116
						<!--BW_String-->
					</segmentsPlaneOffset>
					<springsLength>
						<backwardMovement>
							<back>0.107904</back>
							<top>
								0.0967337
								<!--BW_String-->
							</top>
							<front>
								0.0981988
								<!--BW_String-->
							</front>
							<bottom>
								0.0438145
								<!--BW_String-->
							</bottom>
						</backwardMovement>
						<forwardMovement>
							<back>
								0.0983974
								<!--BW_String-->
							</back>
							<top>0.103856</top>
							<front>0.107513</front>
							<bottom>
								0.0438145
								<!--BW_String-->
							</bottom>
						</forwardMovement>
					</springsLength>
					<mainSegment>
						<model>vehicles/german/G48_E-25/track/segment.model</model>
						<length>0.106017</length>
					</mainSegment>
					<collisionHull>
						<bottom/>
						<top>
							<part>
								<xStart>
									-2.04231
									<!--BW_String-->
								</xStart>
								<xStep>
									0.0530085
									<!--BW_String-->
								</xStep>
								<ySamples>
									0.806158 0.868264 0.906782 0.945542 0.974987 0.995435 0.995438 0.99544 0.995442 0.995444 0.995447 0.995449 0.995451 0.995453 0.995456 0.995458 0.99546 0.995462 0.995465 0.995467 0.995469 0.995472 0.995474 0.995476 0.995479 0.995481 0.995483 0.995485 0.995488 0.99549 0.995492 0.995494 0.995497 0.995499 0.995502 0.995504 0.995506 0.995509 0.995511 0.995513 0.995516 0.995518 0.99552 0.995523 0.995525 0.995528 0.99553 0.995533 0.995535 0.995537 0.99554 0.995542 0.995544 0.995547 0.995549 0.995552 0.995554 0.995556 0.995559 0.995561 0.995564 0.995566 0.995569 0.995571 0.995573 0.995576 0.995578 0.99558 0.995582 0.995585 0.995587 0.995589 0.985812 0.994251 0.994234 0.994217 0.993959 0.993683 0.954548
									<!--BW_String-->
								</ySamples>
							</part>
						</top>
					</collisionHull>
					<bottomWheels>
						<wheel>WD_R1</wheel>
						<wheel>W_R4</wheel>
						<wheel>W_R3</wheel>
						<wheel>W_R2</wheel>
						<wheel>W_R1</wheel>
						<wheel>W_R0</wheel>
						<wheel>WD_R0</wheel>
					</bottomWheels>
					<snapWheels>
						<topFront>
							<wheelName>WD_R0</wheelName>
							<basePos>
								1.79924 0.603018
								<!--BW_String-->
							</basePos>
							<shiftVec>
								0.183875 0.11311
								<!--BW_String-->
							</shiftVec>
							<jointIdx>11</jointIdx>
						</topFront>
						<topBack>
							<wheelName>WD_R1</wheelName>
							<basePos>
								-1.82494 0.587889
								<!--BW_String-->
							</basePos>
							<shiftVec>
								-0.24458 0.0649333
								<!--BW_String-->
							</shiftVec>
							<jointIdx>51</jointIdx>
						</topBack>
						<bottomBack>
							<wheelName>W_R4</wheelName>
							<basePos>
								-1.1723 0.451231
								<!--BW_String-->
							</basePos>
							<shiftVec>-0.020149 -0.395704</shiftVec>
							<jointIdx>62</jointIdx>
						</bottomBack>
						<bottomFront>
							<wheelName>W_R0</wheelName>
							<basePos>
								1.1694 0.451231
								<!--BW_String-->
							</basePos>
							<shiftVec>
								0.0232021 -0.395536
								<!--BW_String-->
							</shiftVec>
							<jointIdx>0</jointIdx>
						</bottomFront>
					</snapWheels>
					<radiusOverrides>
						<wheel>
							<name>WD_R1</name>
							<radius>0.252163</radius>
						</wheel>
						<wheel>
							<name>WD_R0</name>
							<radius>0.214835</radius>
						</wheel>
					</radiusOverrides>
					<teethSyncs>
						<syncWithMainModel>true</syncWithMainModel>
						<segmentSyncPivotOffset>0.000000</segmentSyncPivotOffset>
						<sync>
							<name>WD_R1</name>
							<startAngle>
								-5.32283
								<!--BW_String-->
							</startAngle>
							<teethCount>16</teethCount>
						</sync>
						<sync>
							<name>WD_R0</name>
							<startAngle>
								-8.51782
								<!--BW_String-->
							</startAngle>
							<teethCount>16</teethCount>
						</sync>
					</teethSyncs>
					<sourceCollisionHullPoints>
						<top>
							<range>
								<point>
									1.3209 0.913215 -2.04227
									<!--BW_String-->
								</point>
								<point>
									1.3209 0.975322 -1.98926
									<!--BW_String-->
								</point>
								<point>
									1.3209 1.01384 -1.93626
									<!--BW_String-->
								</point>
								<point>
									1.3209 1.0526 -1.88325
									<!--BW_String-->
								</point>
								<point>
									1.3209 1.08204 -1.83024
									<!--BW_String-->
								</point>
								<point>
									1.1409 1.10249 -1.77723
									<!--BW_String-->
								</point>
								<point>
									1.1409 1.10249 -1.72422
									<!--BW_String-->
								</point>
								<point>
									1.1409 1.10249 -1.67121
									<!--BW_String-->
								</point>
								<point>
									1.1409 1.1025 -1.6182
									<!--BW_String-->
								</point>
								<point>
									1.1409 1.1025 -1.56519
									<!--BW_String-->
								</point>
								<point>
									1.1409 1.1025 -1.51219
									<!--BW_String-->
								</point>
								<point>
									1.1409 1.1025 -1.45918
									<!--BW_String-->
								</point>
								<point>
									1.1509 1.10251 -1.40617
									<!--BW_String-->
								</point>
								<point>
									1.2009 1.10251 -1.35316
									<!--BW_String-->
								</point>
								<point>
									1.2409 1.10251 -1.30015
									<!--BW_String-->
								</point>
								<point>
									1.3009 1.10251 -1.24714
									<!--BW_String-->
								</point>
								<point>
									1.3209 1.10252 -1.19414
									<!--BW_String-->
								</point>
								<point>
									1.3209 1.10252 -1.14113
									<!--BW_String-->
								</point>
								<point>
									1.3209 1.10252 -1.08812
									<!--BW_String-->
								</point>
								<point>
									1.3209 1.10252 -1.03511
									<!--BW_String-->
								</point>
								<point>
									1.3209 1.10253 -0.982101
									<!--BW_String-->
								</point>
								<point>
									1.3209 1.10253 -0.929093
									<!--BW_String-->
								</point>
								<point>
									1.3209 1.10253 -0.876084
									<!--BW_String-->
								</point>
								<point>
									1.3209 1.10253 -0.823075
									<!--BW_String-->
								</point>
								<point>
									1.3209 1.10254 -0.770067
									<!--BW_String-->
								</point>
								<point>
									1.3209 1.10254 -0.717058
									<!--BW_String-->
								</point>
								<point>
									1.3209 1.10254 -0.66405
									<!--BW_String-->
								</point>
								<point>
									1.3209 1.10254 -0.611041
									<!--BW_String-->
								</point>
								<point>
									1.3209 1.10254 -0.558033
									<!--BW_String-->
								</point>
								<point>
									1.3209 1.10255 -0.505024
									<!--BW_String-->
								</point>
								<point>
									1.3209 1.10255 -0.452016
									<!--BW_String-->
								</point>
								<point>
									1.3109 1.10255 -0.399007
									<!--BW_String-->
								</point>
								<point>
									1.2909 1.10255 -0.345998
									<!--BW_String-->
								</point>
								<point>
									1.2809 1.10256 -0.29299
									<!--BW_String-->
								</point>
								<point>
									1.2709 1.10256 -0.239981
									<!--BW_String-->
								</point>
								<point>
									1.2509 1.10256 -0.186973
									<!--BW_String-->
								</point>
								<point>
									1.2409 1.10256 -0.133964
									<!--BW_String-->
								</point>
								<point>
									1.2309 1.10256 -0.080956
									<!--BW_String-->
								</point>
								<point>
									1.2109 1.10257 -0.0279475
									<!--BW_String-->
								</point>
								<point>
									1.2009 1.10257 0.0250611
									<!--BW_String-->
								</point>
								<point>
									1.1909 1.10257 0.0780697
									<!--BW_String-->
								</point>
								<point>
									1.1709 1.10257 0.131078
									<!--BW_String-->
								</point>
								<point>
									1.1609 1.10257 0.184087
									<!--BW_String-->
								</point>
								<point>
									1.1509 1.10258 0.237095
									<!--BW_String-->
								</point>
								<point>
									1.1409 1.10258 0.290104
									<!--BW_String-->
								</point>
								<point>
									1.1409 1.10258 0.343112
									<!--BW_String-->
								</point>
								<point>
									1.1409 1.10258 0.396121
									<!--BW_String-->
								</point>
								<point>
									1.1409 1.10259 0.44913
									<!--BW_String-->
								</point>
								<point>
									1.1409 1.10259 0.502138
									<!--BW_String-->
								</point>
								<point>
									1.1409 1.10259 0.555147
									<!--BW_String-->
								</point>
								<point>
									1.1409 1.10259 0.608155
									<!--BW_String-->
								</point>
								<point>
									1.1409 1.1026 0.661164
									<!--BW_String-->
								</point>
								<point>
									1.1409 1.1026 0.714172
									<!--BW_String-->
								</point>
								<point>
									1.1409 1.1026 0.767181
									<!--BW_String-->
								</point>
								<point>
									1.1409 1.1026 0.82019
									<!--BW_String-->
								</point>
								<point>
									1.1409 1.1026 0.873198
									<!--BW_String-->
								</point>
								<point>
									1.1409 1.10261 0.926207
									<!--BW_String-->
								</point>
								<point>
									1.1409 1.10261 0.979215
									<!--BW_String-->
								</point>
								<point>
									1.1409 1.10261 1.03222
									<!--BW_String-->
								</point>
								<point>
									1.1409 1.10261 1.08523
									<!--BW_String-->
								</point>
								<point>
									1.1409 1.10262 1.13824
									<!--BW_String-->
								</point>
								<point>
									1.14091 1.10262 1.19125
									<!--BW_String-->
								</point>
								<point>
									1.14091 1.10262 1.24426
									<!--BW_String-->
								</point>
								<point>
									1.14091 1.10262 1.29727
									<!--BW_String-->
								</point>
								<point>
									1.14091 1.10263 1.35028
									<!--BW_String-->
								</point>
								<point>
									1.14091 1.10263 1.40328
									<!--BW_String-->
								</point>
								<point>
									1.15091 1.10263 1.45629
									<!--BW_String-->
								</point>
								<point>
									1.14091 1.10263 1.5093
									<!--BW_String-->
								</point>
								<point>
									1.14091 1.10264 1.56231
									<!--BW_String-->
								</point>
								<point>
									1.14091 1.10264 1.61532
									<!--BW_String-->
								</point>
								<point>
									1.14091 1.10264 1.66833
									<!--BW_String-->
								</point>
								<point>
									1.14091 1.10264 1.72134
									<!--BW_String-->
								</point>
								<point>
									1.14091 1.09286 1.77434
									<!--BW_String-->
								</point>
								<point>
									1.14091 1.1013 1.82735
									<!--BW_String-->
								</point>
								<point>
									1.14091 1.10129 1.88036
									<!--BW_String-->
								</point>
								<point>
									1.14091 1.10127 1.93337
									<!--BW_String-->
								</point>
								<point>
									1.14091 1.10101 1.98638
									<!--BW_String-->
								</point>
								<point>
									1.14091 1.10074 2.03939
									<!--BW_String-->
								</point>
								<point>
									1.14091 1.0616 2.09239
									<!--BW_String-->
								</point>
							</range>
						</top>
						<bottom/>
					</sourceCollisionHullPoints>
				</right>
			</physicalTracks>
			<customization>
				<customizableVehicleAreas>
					<paint/>
					<camouflage/>
				</customizableVehicleAreas>
			</customization>
		</Chassis_E-25_IGR>
	</chassis>
	<turrets0>
		<Turret_1_E-25_IGR>
			<userString>#igr_vehicles:Turret_1_E-25_IGR</userString>
			<tags>cannotDetach</tags>
			<level>7</level>
			<price>100</price>
			<notInShop>true</notInShop>
			<armor>
				<armor_1>0</armor_1>
			</armor>
			<weight>100</weight>
			<maxHealth>166</maxHealth>
			<rotationSpeed>44</rotationSpeed>
			<turretRotatorHealth>
				<maxHealth>100</maxHealth>
				<maxRegenHealth>50</maxRegenHealth>
				<repairCost>
					1.0
					<!--BW_String-->
				</repairCost>
			</turretRotatorHealth>
			<circularVisionRadius>360</circularVisionRadius>
			<surveyingDeviceHealth>
				<maxHealth>90</maxHealth>
				<maxRegenHealth>45</maxRegenHealth>
				<repairCost>
					1.0
					<!--BW_String-->
				</repairCost>
			</surveyingDeviceHealth>
			<guns>
				<_75mm_StuK42_L70A_IGR>
					shared
					<maxAmmo>60</maxAmmo>
					<armor>
						<armor_1>
							50
							<vehicleDamageFactor>
								0.0
								<!--BW_String-->
							</vehicleDamageFactor>
						</armor_1>
						<armor_2>
							25
							<vehicleDamageFactor>
								0.0
								<!--BW_String-->
							</vehicleDamageFactor>
						</armor_2>
						<armor_3>
							10
							<vehicleDamageFactor>
								0.0
								<!--BW_String-->
							</vehicleDamageFactor>
						</armor_3>
						<armor_4>
							0
							<vehicleDamageFactor>
								0.0
								<!--BW_String-->
							</vehicleDamageFactor>
						</armor_4>
						<armor_9>
							50
							<vehicleDamageFactor>
								0.0
								<!--BW_String-->
							</vehicleDamageFactor>
						</armor_9>
						<gun>20</gun>
					</armor>
					<invisibilityFactorAtShot>
						0.351
						<!--BW_String-->
					</invisibilityFactorAtShot>
					<shotDispersionRadius>
						0.3
						<!--BW_String-->
					</shotDispersionRadius>
					<reloadTime>3</reloadTime>
					<shotDispersionFactors>
						<turretRotation>
							0.08
							<!--BW_String-->
						</turretRotation>
						<afterShot>3</afterShot>
						<whileGunDamaged>
							2.0
							<!--BW_String-->
						</whileGunDamaged>
					</shotDispersionFactors>
					<aimingTime>
						1.5
						<!--BW_String-->
					</aimingTime>
					<pitchLimits>
						<minPitch>0 -15 1 -15</minPitch>
						<maxPitch>0 8 1 8</maxPitch>
					</pitchLimits>
					<turretYawLimits>-12 12</turretYawLimits>
					<effects>shot_75mm_kwk</effects>
					<models>
						<undamaged>vehicles/german/G48_E-25/normal/lod0/Gun_01.model</undamaged>
						<destroyed>vehicles/german/G48_E-25/crash/lod0/Gun_01.model</destroyed>
						<exploded>vehicles/german/G48_E-25/crash/lod0/Gun_01.model</exploded>
					</models>
					<hitTester>
						<collisionModelServer>vehicles/german/G48_E-25/collision/Gun_01.model</collisionModelServer>
						<collisionModelClient>vehicles/german/G48_E-25/collision_client/Gun_01.model</collisionModelClient>
					</hitTester>
					<animateEmblemSlots>true</animateEmblemSlots>
					<customization>
						<customizableVehicleAreas>
							<paint/>
							<camouflage>GUN</camouflage>
						</customizableVehicleAreas>
					</customization>
					<customizationSlots>
						<slot>
							<slotType>insigniaOnGun</slotType>
							<slotId>49000</slotId>
							<rayStart>
								0.00655747 -0.110762 3.14387
								<!--BW_String-->
							</rayStart>
							<rayEnd>
								0.391426 -0.224964 3.13868
								<!--BW_String-->
							</rayEnd>
							<rayUp>
								0.058 0.054 4
								<!--BW_String-->
							</rayUp>
							<size>
								0.487
								<!--BW_String-->
							</size>
							<hideIfDamaged>false</hideIfDamaged>
							<isUVProportional>true</isUVProportional>
						</slot>
					</customizationSlots>
					<camouflage>
						<tiling>
							0.58 0.25 0.000000 0.000000
							<!--BW_String-->
						</tiling>
						<density>
							105.642 102.199
							<!--BW_String-->
						</density>
						<aoTextureSize>512 256</aoTextureSize>
					</camouflage>
				</_75mm_StuK42_L70A_IGR>
			</guns>
			<models>
				<undamaged>vehicles/german/G48_E-25/normal/lod0/Turret_01.model</undamaged>
				<destroyed>vehicles/german/G48_E-25/crash/lod0/Turret_01.model</destroyed>
				<exploded>vehicles/german/G48_E-25/crash/lod0/Turret_01.model</exploded>
			</models>
			<hitTester>
				<collisionModelServer>vehicles/german/G48_E-25/collision/Turret_01.model</collisionModelServer>
				<collisionModelClient>vehicles/german/G48_E-25/collision_client/Turret_01.model</collisionModelClient>
			</hitTester>
			<gunPosition>0.000005 -0.108257 0.004047</gunPosition>
			<showEmblemsOnGun>false</showEmblemsOnGun>
			<physicsShape>
				1.000 0.000 1.000 0.000 1.000 0.000 0.500 0.100 0.500 0.500 0.500 0.500 0.600 0.100 0.500
				<!--BW_String-->
			</physicsShape>
			<wwturretRotatorSoundManual>tur_man_trav_07</wwturretRotatorSoundManual>
			<customization>
				<customizableVehicleAreas>
					<paint/>
					<camouflage/>
				</customizableVehicleAreas>
			</customization>
		</Turret_1_E-25_IGR>
	</turrets0>
	<engines>
		<Maybach_HL_230_TRM_P30_A_IGR>shared</Maybach_HL_230_TRM_P30_A_IGR>
	</engines>
	<fuelTanks>
		<Heavy>shared</Heavy>
	</fuelTanks>
	<radios>
		<FuG7A_IGR>shared</FuG7A_IGR>
	</radios>
	<physics>
		<detailed>
			<engines>
				<Maybach_HL_230_TRM_P30_A_IGR>
					<smplEnginePower>
						740.0968
						<!--BW_String-->
					</smplEnginePower>
					<smplFwMaxSpeed>65</smplFwMaxSpeed>
				</Maybach_HL_230_TRM_P30_A_IGR>
			</engines>
			<chassis>
				<Chassis_E-25_IGR>
					<grounds>
						<soft>
							<rollingFriction>
								0.18515
								<!--BW_String-->
							</rollingFriction>
						</soft>
						<medium>
							<rollingFriction>
								0.10465
								<!--BW_String-->
							</rollingFriction>
						</medium>
						<firm>
							<rollingFriction>
								0.0966
								<!--BW_String-->
							</rollingFriction>
						</firm>
					</grounds>
				</Chassis_E-25_IGR>
			</chassis>
		</detailed>
	</physics>
	<clientAdjustmentFactors>
		<armour>
			0.894766878
			<!--BW_String-->
		</armour>
	</clientAdjustmentFactors>
	<effects>
		<collision/>
		<damagedStateGroup>medium</damagedStateGroup>
	</effects>
	<emblems>
		<default>15502</default>
		<lodDist>MEDIUM</lodDist>
		<alpha>
			0.9
			<!--BW_String-->
		</alpha>
	</emblems>
</root>
