<?xml version="1.0" encoding="utf-8"?>
<root>
	<xmlns:xmlref>http://bwt/xmlref</xmlns:xmlref>
	<crew>
		<commander/>
		<gunner/>
		<driver/>
		<radioman/>
		<loader/>
	</crew>
	<supplySlots>1 6 8 8 8</supplySlots>
	<speedLimits>
		<forward>42</forward>
		<backward>18</backward>
	</speedLimits>
	<invisibility>
		<moving>
			0.195
			<!--BW_String-->
		</moving>
		<still>
			0.26
			<!--BW_String-->
		</still>
		<camouflageBonus>
			0.03
			<!--BW_String-->
		</camouflageBonus>
		<firePenalty>
			0.39
			<!--BW_String-->
		</firePenalty>
	</invisibility>
	<optDevsOverrides>
		<camouflageNet>
			<invisibilityBonus>
				0.1 0.125
				<!--BW_String-->
			</invisibilityBonus>
		</camouflageNet>
		<additionalInvisibilityDevice>
			<invisibilityBonus>
				0.06 0.08
				<!--BW_String-->
			</invisibilityBonus>
		</additionalInvisibilityDevice>
	</optDevsOverrides>
	<repairCost>
		4.50
		<!--BW_String-->
	</repairCost>
	<crewXpFactor>
		1.0
		<!--BW_String-->
	</crewXpFactor>
	<camouflage>
		<priceFactor>
			0.4
			<!--BW_String-->
		</priceFactor>
		<tiling>1 1 0 0</tiling>
		<exclusionMask/>
	</camouflage>
	<hull>
		<armor>
			<armor_1>30</armor_1>
			<armor_2>30</armor_2>
			<armor_3>20</armor_3>
			<armor_4>20</armor_4>
			<armor_5>20</armor_5>
			<armor_6>20</armor_6>
			<armor_7>30</armor_7>
			<armor_8>11</armor_8>
			<armor_9>10</armor_9>
			<armor_10>8</armor_10>
			<armor_11>
				14.5
				<!--BW_String-->
			</armor_11>
			<armor_12>30</armor_12>
			<armor_13>30</armor_13>
			<armor_14>0</armor_14>
			<armor_15>30</armor_15>
			<armor_16>10</armor_16>
		</armor>
		<primaryArmor>armor_1 armor_3 armor_4</primaryArmor>
		<weight>9320</weight>
		<maxHealth>432</maxHealth>
		<ammoBayHealth>
			<maxHealth>125</maxHealth>
			<maxRegenHealth>85</maxRegenHealth>
			<repairCost>
				1.0
				<!--BW_String-->
			</repairCost>
		</ammoBayHealth>
		<models>
			<undamaged>vehicles/german/G80_Pz_IV_AusfD/normal/lod0/Hull.model</undamaged>
			<destroyed>vehicles/german/G80_Pz_IV_AusfD/crash/lod0/Hull.model</destroyed>
			<exploded>vehicles/german/G80_Pz_IV_AusfD/crash/lod0/Hull.model</exploded>
		</models>
		<swinging>
			<lodDist>FAR</lodDist>
			<pitchParams>
				0.28 34.00 0.34 1.00 0.05 0.30
				<!--BW_String-->
			</pitchParams>
			<rollParams>
				1.00 0.28 34.00 0.34 1.00 0.05 0.30
				<!--BW_String-->
			</rollParams>
			<sensitivityToImpulse>
				0.74
				<!--BW_String-->
			</sensitivityToImpulse>
		</swinging>
		<exhaust>
			<pixie>gas_medium</pixie>
			<nodes>HP_Track_Exhaus_1</nodes>
		</exhaust>
		<turretPositions>
			<turret>
				-0.0521 0.728108 -0.2103
				<!--BW_String-->
			</turret>
		</turretPositions>
		<hitTester>
			<collisionModelServer>vehicles/german/G80_Pz_IV_AusfD/collision/Hull.model</collisionModelServer>
			<collisionModelClient>vehicles/german/G80_Pz_IV_AusfD/collision_client/Hull.model</collisionModelClient>
		</hitTester>
		<hangarShadowTexture>vehicles/german/G80_Pz_IV_AusfD/Pz_IV_AusfD_HangarShadowMap.dds</hangarShadowTexture>
		<customization>
			<customizableVehicleAreas>
				<paint/>
				<camouflage>HULL</camouflage>
			</customizableVehicleAreas>
		</customization>
		<customizationSlots>
			<slot>
				<slotType>clan</slotType>
				<slotId>10000</slotId>
				<rayStart>
					-0.795824 0.4762 1.84978
					<!--BW_String-->
				</rayStart>
				<rayEnd>
					-0.795824 0.4762 1.64978
					<!--BW_String-->
				</rayEnd>
				<rayUp>
					0.000000 1 0.000000
					<!--BW_String-->
				</rayUp>
				<size>
					0.28
					<!--BW_String-->
				</size>
				<hideIfDamaged>false</hideIfDamaged>
				<isUVProportional>true</isUVProportional>
			</slot>
			<slot>
				<slotType>inscription</slotType>
				<slotId>14000</slotId>
				<rayStart>
					-1.44117 0.520025 -0.0315464
					<!--BW_String-->
				</rayStart>
				<rayEnd>
					-1.04117 0.520025 -0.0315464
					<!--BW_String-->
				</rayEnd>
				<rayUp>
					0.000000 1 0.000000
					<!--BW_String-->
				</rayUp>
				<size>
					0.78
					<!--BW_String-->
				</size>
				<hideIfDamaged>true</hideIfDamaged>
				<isUVProportional>true</isUVProportional>
			</slot>
		</customizationSlots>
		<camouflage>
			<tiling>
				2.5 2.5 0.000000 0.000000
				<!--BW_String-->
			</tiling>
			<density>
				100.364 100.511
				<!--BW_String-->
			</density>
			<aoTextureSize>1024 1024</aoTextureSize>
		</camouflage>
	</hull>
	<chassis>
		<Chassis_Pz_IV_AusfD_bootcamp>
			<userString>#germany_vehicles:Chassis_Pz_IV_AusfD</userString>
			<tags/>
			<level>3</level>
			<price>2000</price>
			<notInShop>true</notInShop>
			<armor>
				<leftTrack>15</leftTrack>
				<rightTrack>15</rightTrack>
			</armor>
			<weight>7000</weight>
			<maxLoad>20500</maxLoad>
			<terrainResistance>
				1.1 1.5 2.5
				<!--BW_String-->
			</terrainResistance>
			<brakeForce>20000</brakeForce>
			<rotationIsAroundCenter>false</rotationIsAroundCenter>
			<rotationSpeed>35</rotationSpeed>
			<shotDispersionFactors>
				<vehicleMovement>
					0.32
					<!--BW_String-->
				</vehicleMovement>
				<vehicleRotation>
					0.32
					<!--BW_String-->
				</vehicleRotation>
			</shotDispersionFactors>
			<bulkHealthFactor>
				3.0
				<!--BW_String-->
			</bulkHealthFactor>
			<maxHealth>70</maxHealth>
			<maxRegenHealth>55</maxRegenHealth>
			<repairCost>
				5.0
				<!--BW_String-->
			</repairCost>
			<models>
				<undamaged>vehicles/german/G80_Pz_IV_AusfD/normal/lod0/Chassis.model</undamaged>
				<destroyed>vehicles/german/G80_Pz_IV_AusfD/crash/lod0/Chassis.model</destroyed>
				<exploded>vehicles/german/G80_Pz_IV_AusfD/crash/lod0/Chassis.model</exploded>
			</models>
			<traces>
				<lodDist>FAR</lodDist>
				<bufferPrefs>mediumTank</bufferPrefs>
				<textureSet>germany_01</textureSet>
				<size>
					0.44 0.42
					<!--BW_String-->
				</size>
			</traces>
			<tracks>
				<lodDist>MEDIUM_TRACK</lodDist>
				<leftMaterial>track_mat_L_skinned</leftMaterial>
				<rightMaterial>track_mat_R_skinned</rightMaterial>
				<textureScale>
					-2.6
					<!--BW_String-->
				</textureScale>
			</tracks>
			<wheels>
				<lodDist>MEDIUM</lodDist>
				<wheel>
					<isLeft>true</isLeft>
					<isLeading>true</isLeading>
					<name>WD_L0</name>
					<radius>0.391037</radius>
					<syncAngle>
						18.9474
						<!--BW_String-->
					</syncAngle>
				</wheel>
				<group>
					<isLeft>true</isLeft>
					<template>WD_L</template>
					<radius>0.125452</radius>
					<startIndex>1</startIndex>
					<count>4</count>
				</group>
				<wheel>
					<isLeft>true</isLeft>
					<isLeading>true</isLeading>
					<name>WD_L5</name>
					<radius>0.339241</radius>
					<syncAngle>
						18.9474
						<!--BW_String-->
					</syncAngle>
				</wheel>
				<group>
					<isLeft>true</isLeft>
					<template>W_L</template>
					<radius>
						0.235
						<!--BW_String-->
					</radius>
					<startIndex>0</startIndex>
					<count>8</count>
				</group>
				<wheel>
					<isLeft>false</isLeft>
					<isLeading>true</isLeading>
					<name>WD_R0</name>
					<radius>0.391037</radius>
					<syncAngle>
						18.9474
						<!--BW_String-->
					</syncAngle>
				</wheel>
				<group>
					<isLeft>false</isLeft>
					<template>WD_R</template>
					<radius>0.125452</radius>
					<startIndex>1</startIndex>
					<count>4</count>
				</group>
				<wheel>
					<isLeft>false</isLeft>
					<isLeading>true</isLeading>
					<name>WD_R5</name>
					<radius>0.339241</radius>
					<syncAngle>
						18.9474
						<!--BW_String-->
					</syncAngle>
				</wheel>
				<group>
					<isLeft>false</isLeft>
					<template>W_R</template>
					<radius>
						0.235
						<!--BW_String-->
					</radius>
					<startIndex>0</startIndex>
					<count>8</count>
				</group>
			</wheels>
			<drivingWheels>WD_L0 WD_L5</drivingWheels>
			<effects>
				<lodDist>MEDIUM</lodDist>
				<mud>mediumTankMud</mud>
			</effects>
			<wwsoundPC>treads_type_pc</wwsoundPC>
			<wwsoundNPC>trds_chf_npc</wwsoundNPC>
			<hullPosition>0.000000 0.958992 0.000000</hullPosition>
			<hitTester>
				<collisionModelServer>vehicles/german/G80_Pz_IV_AusfD/collision/Chassis.model</collisionModelServer>
				<collisionModelClient>vehicles/german/G80_Pz_IV_AusfD/collision_client/Chassis.model</collisionModelClient>
			</hitTester>
			<topRightCarryingPoint>
				1.20314 1.75961
				<!--BW_String-->
			</topRightCarryingPoint>
			<maxClimbAngle>25</maxClimbAngle>
			<navmeshGirth>
				6.0
				<!--BW_String-->
			</navmeshGirth>
			<AODecals>
				<decal>
					<transform>
						<row0>4.078360 -0.000000 -0.000000</row0>
						<row1>-0.000000 1.453270 -0.000000</row1>
						<row2>-0.000000 -0.000000 6.697190</row2>
						<row3>0.000000 -0.000000 0.000000</row3>
					</transform>
				</decal>
			</AODecals>
			<groundNodes>
				<group>
					<template>Track_L</template>
					<startIndex>0</startIndex>
					<count>8</count>
					<isLeft>true</isLeft>
					<minOffset>
						-0.06
						<!--BW_String-->
					</minOffset>
					<maxOffset>
						0.01
						<!--BW_String-->
					</maxOffset>
				</group>
				<group>
					<template>Track_R</template>
					<startIndex>0</startIndex>
					<count>8</count>
					<isLeft>false</isLeft>
					<minOffset>
						-0.06
						<!--BW_String-->
					</minOffset>
					<maxOffset>
						0.01
						<!--BW_String-->
					</maxOffset>
				</group>
			</groundNodes>
			<splineDesc>
				<segmentModelLeft>vehicles/german/G80_Pz_IV_AusfD/track/segment.model</segmentModelLeft>
				<segmentModelRight>vehicles/german/G80_Pz_IV_AusfD/track/segment.model</segmentModelRight>
				<left>vehicles/german/G80_Pz_IV_AusfD/track/left.track</left>
				<right>vehicles/german/G80_Pz_IV_AusfD/track/right.track</right>
				<segmentLength>
					0.114
					<!--BW_String-->
				</segmentLength>
				<segmentOffset>
					0.103
					<!--BW_String-->
				</segmentOffset>
				<lodDist>SPLINE_TRACK</lodDist>
				<atlas>
					<UTiles>1</UTiles>
					<VTiles>1</VTiles>
				</atlas>
			</splineDesc>
			<trackThickness>
				-0.004
				<!--BW_String-->
			</trackThickness>
			<trackNodes>
				<enable>true</enable>
				<linkBones>false</linkBones>
				<maxAmplitude>
					0.05
					<!--BW_String-->
				</maxAmplitude>
				<maxOffset>
					0.05
					<!--BW_String-->
				</maxOffset>
				<gravity>
					-9.8
					<!--BW_String-->
				</gravity>
				<elasticity>1300</elasticity>
				<damping>2</damping>
				<node>
					<isLeft>true</isLeft>
					<name>Track_VT_L0</name>
					<forwardElastK>
						2.5
						<!--BW_String-->
					</forwardElastK>
					<backwardElastK>
						0.7
						<!--BW_String-->
					</backwardElastK>
					<offset>
						-0.05
						<!--BW_String-->
					</offset>
				</node>
				<node>
					<isLeft>false</isLeft>
					<name>Track_VD_R0</name>
					<forwardElastK>1</forwardElastK>
					<backwardElastK>2</backwardElastK>
				</node>
				<node>
					<isLeft>true</isLeft>
					<name>Track_VT_L1</name>
					<forwardElastK>2</forwardElastK>
					<backwardElastK>
						0.7
						<!--BW_String-->
					</backwardElastK>
					<offset>
						-0.05
						<!--BW_String-->
					</offset>
				</node>
				<node>
					<isLeft>true</isLeft>
					<name>Track_VT_L2</name>
					<forwardElastK>
						1.6
						<!--BW_String-->
					</forwardElastK>
					<backwardElastK>
						0.7
						<!--BW_String-->
					</backwardElastK>
					<offset>
						-0.05
						<!--BW_String-->
					</offset>
				</node>
				<node>
					<isLeft>true</isLeft>
					<name>Track_VT_L3</name>
					<forwardElastK>
						1.5
						<!--BW_String-->
					</forwardElastK>
					<backwardElastK>
						0.7
						<!--BW_String-->
					</backwardElastK>
					<offset>
						-0.05
						<!--BW_String-->
					</offset>
				</node>
				<node>
					<isLeft>true</isLeft>
					<name>Track_VT_L4</name>
					<forwardElastK>
						1.4
						<!--BW_String-->
					</forwardElastK>
					<backwardElastK>
						0.7
						<!--BW_String-->
					</backwardElastK>
					<offset>
						-0.05
						<!--BW_String-->
					</offset>
				</node>
				<node>
					<isLeft>true</isLeft>
					<name>Track_VD_L0</name>
					<forwardElastK>1</forwardElastK>
					<backwardElastK>2</backwardElastK>
				</node>
				<node>
					<isLeft>true</isLeft>
					<name>Track_VD_L1</name>
					<forwardElastK>
						1.5
						<!--BW_String-->
					</forwardElastK>
					<backwardElastK>
						1.5
						<!--BW_String-->
					</backwardElastK>
				</node>
				<node>
					<isLeft>false</isLeft>
					<name>Track_VD_R1</name>
					<forwardElastK>
						1.5
						<!--BW_String-->
					</forwardElastK>
					<backwardElastK>
						1.5
						<!--BW_String-->
					</backwardElastK>
				</node>
				<node>
					<isLeft>false</isLeft>
					<name>Track_VT_R0</name>
					<forwardElastK>
						2.5
						<!--BW_String-->
					</forwardElastK>
					<backwardElastK>
						0.7
						<!--BW_String-->
					</backwardElastK>
					<offset>
						-0.05
						<!--BW_String-->
					</offset>
				</node>
				<node>
					<isLeft>false</isLeft>
					<name>Track_VT_R1</name>
					<forwardElastK>2</forwardElastK>
					<backwardElastK>
						0.7
						<!--BW_String-->
					</backwardElastK>
					<offset>
						-0.05
						<!--BW_String-->
					</offset>
				</node>
				<node>
					<isLeft>false</isLeft>
					<name>Track_VT_R2</name>
					<forwardElastK>
						1.6
						<!--BW_String-->
					</forwardElastK>
					<backwardElastK>
						0.7
						<!--BW_String-->
					</backwardElastK>
					<offset>
						-0.05
						<!--BW_String-->
					</offset>
				</node>
				<node>
					<isLeft>false</isLeft>
					<name>Track_VT_R3</name>
					<forwardElastK>
						1.5
						<!--BW_String-->
					</forwardElastK>
					<backwardElastK>
						0.7
						<!--BW_String-->
					</backwardElastK>
					<offset>
						-0.05
						<!--BW_String-->
					</offset>
				</node>
				<node>
					<isLeft>false</isLeft>
					<name>Track_VT_R4</name>
					<forwardElastK>
						1.4
						<!--BW_String-->
					</forwardElastK>
					<backwardElastK>
						0.7
						<!--BW_String-->
					</backwardElastK>
					<offset>
						-0.05
						<!--BW_String-->
					</offset>
				</node>
			</trackNodes>
			<physicalTracks>
				<left>
					<segmentsCount>107</segmentsCount>
					<segmentsOuterThickness>
						0.0532513
						<!--BW_String-->
					</segmentsOuterThickness>
					<segmentsInnerThickness>
						-0.00718872
						<!--BW_String-->
					</segmentsInnerThickness>
					<segmentsPlaneOffset>
						-1.203
						<!--BW_String-->
					</segmentsPlaneOffset>
					<springsLength>
						<backwardMovement>
							<back>0.114206</back>
							<top>0.111778</top>
							<front>0.107687</front>
							<bottom>
								0.0523961
								<!--BW_String-->
							</bottom>
						</backwardMovement>
						<forwardMovement>
							<back>0.108125</back>
							<top>0.103704</top>
							<front>0.117576</front>
							<bottom>
								0.0523961
								<!--BW_String-->
							</bottom>
						</forwardMovement>
					</springsLength>
					<mainSegment>
						<model>vehicles/german/G80_Pz_IV_AusfD/track/segment.model</model>
						<length>0.111802</length>
					</mainSegment>
					<collisionHull>
						<bottom>
							<part>
								<xStart>
									-1.91629
									<!--BW_String-->
								</xStart>
								<xStep>
									0.00999999
									<!--BW_String-->
								</xStep>
								<ySamples>
									0.496761 0.496761 0.496761 0.496761 0.496761 0.496761 0.496761
									<!--BW_String-->
								</ySamples>
							</part>
							<part>
								<xStart>
									-1.85629
									<!--BW_String-->
								</xStart>
								<xStep>
									0.0559011
									<!--BW_String-->
								</xStep>
								<ySamples>
									0.566761 0.56787
									<!--BW_String-->
								</ySamples>
							</part>
							<part>
								<xStart>
									-1.80039
									<!--BW_String-->
								</xStart>
								<xStep>
									0.00999999
									<!--BW_String-->
								</xStep>
								<ySamples>
									0.56787 0.55787 0.54787 0.53787 0.52787 0.51787 0.50787
									<!--BW_String-->
								</ySamples>
							</part>
							<part>
								<xStart>
									-1.35728
									<!--BW_String-->
								</xStart>
								<xStep>
									0.00999999
									<!--BW_String-->
								</xStep>
								<ySamples>
									0.554903 0.554903 0.554903 0.554903 0.554903 0.554903 0.554903
									<!--BW_String-->
								</ySamples>
							</part>
							<part>
								<xStart>
									-1.29728
									<!--BW_String-->
								</xStart>
								<xStep>
									0.0559009
									<!--BW_String-->
								</xStep>
								<ySamples>0.624903 0.624903</ySamples>
							</part>
							<part>
								<xStart>
									-1.24138
									<!--BW_String-->
								</xStart>
								<xStep>
									0.00999999
									<!--BW_String-->
								</xStep>
								<ySamples>
									0.624903 0.614903 0.604903 0.594903 0.584903 0.574903 0.564903
									<!--BW_String-->
								</ySamples>
							</part>
							<part>
								<xStart>-0.351068</xStart>
								<xStep>
									0.01
									<!--BW_String-->
								</xStep>
								<ySamples>
									0.554903 0.554903 0.554903 0.554903 0.554903 0.554903 0.554903
									<!--BW_String-->
								</ySamples>
							</part>
							<part>
								<xStart>-0.291068</xStart>
								<xStep>0.055901</xStep>
								<ySamples>0.624903 0.624903</ySamples>
							</part>
							<part>
								<xStart>-0.235167</xStart>
								<xStep>
									0.01
									<!--BW_String-->
								</xStep>
								<ySamples>
									0.624903 0.614903 0.604903 0.594903 0.584903 0.574903 0.564903
									<!--BW_String-->
								</ySamples>
							</part>
							<part>
								<xStart>0.655149</xStart>
								<xStep>
									0.01
									<!--BW_String-->
								</xStep>
								<ySamples>
									0.554903 0.554903 0.554903 0.554903 0.554903 0.554903 0.554903
									<!--BW_String-->
								</ySamples>
							</part>
							<part>
								<xStart>0.715149</xStart>
								<xStep>
									0.0559006
									<!--BW_String-->
								</xStep>
								<ySamples>0.624903 0.624903</ySamples>
							</part>
							<part>
								<xStart>0.771049</xStart>
								<xStep>
									0.01
									<!--BW_String-->
								</xStep>
								<ySamples>
									0.624903 0.614903 0.604903 0.594903 0.584903 0.574903 0.564903
									<!--BW_String-->
								</ySamples>
							</part>
							<part>
								<xStart>
									1.88497
									<!--BW_String-->
								</xStart>
								<xStep>
									0.00999999
									<!--BW_String-->
								</xStep>
								<ySamples>
									0.796814 0.796814 0.796814 0.796814 0.796814 0.796814 0.796814
									<!--BW_String-->
								</ySamples>
							</part>
							<part>
								<xStart>
									1.94497
									<!--BW_String-->
								</xStart>
								<xStep>
									0.0559008
									<!--BW_String-->
								</xStep>
								<ySamples>
									0.866814 0.655718 0.522067 0.456838 0.414215
									<!--BW_String-->
								</ySamples>
							</part>
							<part>
								<xStart>
									2.16857
									<!--BW_String-->
								</xStart>
								<xStep>
									0.00999999
									<!--BW_String-->
								</xStep>
								<ySamples>
									0.414215 0.408209 0.402619 0.397424 0.392606 0.388148 0.384038
									<!--BW_String-->
								</ySamples>
							</part>
							<part>
								<xStart>
									2.22037
									<!--BW_String-->
								</xStart>
								<xStep>
									0.00999999
									<!--BW_String-->
								</xStep>
								<ySamples>
									0.387382 0.383333 0.379617 0.376222 0.373141 0.370365 0.367886
									<!--BW_String-->
								</ySamples>
							</part>
							<part>
								<xStart>
									2.28037
									<!--BW_String-->
								</xStart>
								<xStep>
									0.0559009
									<!--BW_String-->
								</xStep>
								<ySamples>
									0.367886 0.359276 0.359209 0.367682 0.385324 0.41367 0.456028
									<!--BW_String-->
								</ySamples>
							</part>
							<part>
								<xStart>
									2.61578
									<!--BW_String-->
								</xStart>
								<xStep>
									0.00999999
									<!--BW_String-->
								</xStep>
								<ySamples>
									0.456028 0.465564 0.475853 0.486989 0.499096 0.512336 0.526932
									<!--BW_String-->
								</ySamples>
							</part>
						</bottom>
						<top>
							<part>
								<xStart>
									-2.86251
									<!--BW_String-->
								</xStart>
								<xStep>
									0.0559009
									<!--BW_String-->
								</xStep>
								<ySamples>
									1.01726 1.05155 1.08468 1.11615 1.14692 1.17768 1.20845 1.21224 1.21223 1.21221 1.21219 1.21217 1.21216 1.21214 1.21212 1.2121 1.21208 1.21207 1.21205 1.21203 1.21201 1.212 1.21198 1.21196 1.21194 1.21193 1.21191 1.21189 1.21187 1.21186 1.21184 1.21182 1.2118 1.21179 1.21177 1.21175 1.21173 1.21171 1.2117 1.21168 1.21167 1.21165 1.21164 1.21162 1.2116 1.21159 1.21157 1.21155 1.21153 1.21151 1.21149 1.21148 1.21146 1.21144 1.21142 1.2114 1.21139 1.21137 1.21135 1.21133 1.21131 1.2113 1.21128 1.21126 1.21124 1.21122 1.21121 1.21119 1.21117 1.21115 1.21113 1.21111 1.21109 1.21108 1.21106 1.21104 1.20849 1.211 1.21098 1.21097 1.21095 1.21093 1.21091 1.21089 1.21087 1.21085 1.21084 1.21082 1.2108 1.21078 1.21075 1.21073 1.20407 1.19519 1.18692 1.1702 1.15232 1.13504 1.11408 1.0815 1.00901
									<!--BW_String-->
								</ySamples>
							</part>
						</top>
					</collisionHull>
					<bottomWheels>
						<wheel>WD_L5</wheel>
						<wheel>W_L7</wheel>
						<wheel>W_L6</wheel>
						<wheel>W_L5</wheel>
						<wheel>W_L4</wheel>
						<wheel>W_L3</wheel>
						<wheel>W_L2</wheel>
						<wheel>W_L1</wheel>
						<wheel>W_L0</wheel>
						<wheel>WD_L0</wheel>
					</bottomWheels>
					<snapWheels>
						<topFront>
							<wheelName>WD_L0</wheelName>
							<basePos>
								2.36467 0.729363
								<!--BW_String-->
							</basePos>
							<shiftVec>
								0.345584 0.0770234
								<!--BW_String-->
							</shiftVec>
							<jointIdx>11</jointIdx>
						</topFront>
						<topBack>
							<wheelName>WD_L5</wheelName>
							<basePos>
								-2.50202 0.584851
								<!--BW_String-->
							</basePos>
							<shiftVec>-0.313051 0.141917</shiftVec>
							<jointIdx>62</jointIdx>
						</topBack>
						<bottomBack>
							<wheelName>W_L7</wheelName>
							<basePos>
								-1.75989 0.266866
								<!--BW_String-->
							</basePos>
							<shiftVec>
								0.0210217 -0.227869
								<!--BW_String-->
							</shiftVec>
							<jointIdx>75</jointIdx>
						</bottomBack>
						<bottomFront>
							<wheelName>W_L0</wheelName>
							<basePos>
								1.76126 0.261579
								<!--BW_String-->
							</basePos>
							<shiftVec>
								0.072639 -0.21592
								<!--BW_String-->
							</shiftVec>
							<jointIdx>0</jointIdx>
						</bottomFront>
					</snapWheels>
					<radiusOverrides>
						<wheel>
							<name>WD_L5</name>
							<radius>0.342989</radius>
						</wheel>
						<wheel>
							<name>WD_L4</name>
							<radius>
								0.14
								<!--BW_String-->
							</radius>
						</wheel>
						<wheel>
							<name>WD_L3</name>
							<radius>
								0.14
								<!--BW_String-->
							</radius>
						</wheel>
						<wheel>
							<name>WD_L2</name>
							<radius>
								0.14
								<!--BW_String-->
							</radius>
						</wheel>
						<wheel>
							<name>WD_L1</name>
							<radius>
								0.14
								<!--BW_String-->
							</radius>
						</wheel>
						<wheel>
							<name>WD_L0</name>
							<radius>0.353357</radius>
						</wheel>
					</radiusOverrides>
					<teethSyncs>
						<syncWithMainModel>true</syncWithMainModel>
						<segmentSyncPivotOffset>0.000000</segmentSyncPivotOffset>
						<sync>
							<name>WD_L5</name>
							<startAngle>
								-16.1857
								<!--BW_String-->
							</startAngle>
							<teethCount>19</teethCount>
						</sync>
						<sync>
							<name>WD_L0</name>
							<startAngle>
								-19.3032
								<!--BW_String-->
							</startAngle>
							<teethCount>19</teethCount>
						</sync>
					</teethSyncs>
					<sourceCollisionHullPoints>
						<top>
							<range>
								<point>
									-1.068 1.08638 -2.86245
									<!--BW_String-->
								</point>
								<point>
									-1.068 1.12067 -2.80655
									<!--BW_String-->
								</point>
								<point>
									-1.068 1.1538 -2.75064
									<!--BW_String-->
								</point>
								<point>
									-1.27801 1.18526 -2.69474
									<!--BW_String-->
								</point>
								<point>
									-1.27801 1.21603 -2.63884
									<!--BW_String-->
								</point>
								<point>
									-1.27801 1.24679 -2.58294
									<!--BW_String-->
								</point>
								<point>
									-1.27801 1.27756 -2.52704
									<!--BW_String-->
								</point>
								<point>
									-1.06801 1.28136 -2.47114
									<!--BW_String-->
								</point>
								<point>
									-1.06801 1.28135 -2.41524
									<!--BW_String-->
								</point>
								<point>
									-1.06801 1.28133 -2.35934
									<!--BW_String-->
								</point>
								<point>
									-1.06801 1.28131 -2.30344
									<!--BW_String-->
								</point>
								<point>
									-1.06801 1.28129 -2.24754
									<!--BW_String-->
								</point>
								<point>
									-1.06801 1.28127 -2.19164
									<!--BW_String-->
								</point>
								<point>
									-1.06801 1.28126 -2.13573
									<!--BW_String-->
								</point>
								<point>
									-1.06801 1.28124 -2.07983
									<!--BW_String-->
								</point>
								<point>
									-1.08801 1.28122 -2.02393
									<!--BW_String-->
								</point>
								<point>
									-1.09801 1.2812 -1.96803
									<!--BW_String-->
								</point>
								<point>
									-1.11801 1.28118 -1.91213
									<!--BW_String-->
								</point>
								<point>
									-1.13801 1.28117 -1.85623
									<!--BW_String-->
								</point>
								<point>
									-1.14801 1.28115 -1.80033
									<!--BW_String-->
								</point>
								<point>
									-1.16801 1.28113 -1.74443
									<!--BW_String-->
								</point>
								<point>
									-1.18801 1.28111 -1.68853
									<!--BW_String-->
								</point>
								<point>
									-1.19801 1.28109 -1.63263
									<!--BW_String-->
								</point>
								<point>
									-1.21801 1.28108 -1.57673
									<!--BW_String-->
								</point>
								<point>
									-1.23801 1.28106 -1.52082
									<!--BW_String-->
								</point>
								<point>
									-1.25801 1.28104 -1.46492
									<!--BW_String-->
								</point>
								<point>
									-1.26801 1.28102 -1.40902
									<!--BW_String-->
								</point>
								<point>
									-1.27801 1.28101 -1.35312
									<!--BW_String-->
								</point>
								<point>
									-1.27801 1.28099 -1.29722
									<!--BW_String-->
								</point>
								<point>
									-1.27801 1.28097 -1.24132
									<!--BW_String-->
								</point>
								<point>
									-1.27801 1.28095 -1.18542
									<!--BW_String-->
								</point>
								<point>
									-1.27801 1.28094 -1.12952
									<!--BW_String-->
								</point>
								<point>
									-1.27801 1.28092 -1.07362
									<!--BW_String-->
								</point>
								<point>
									-1.27801 1.2809 -1.01772
									<!--BW_String-->
								</point>
								<point>
									-1.27801 1.28088 -0.961815
									<!--BW_String-->
								</point>
								<point>
									-1.27801 1.28086 -0.905914
									<!--BW_String-->
								</point>
								<point>
									-1.27801 1.28085 -0.850013
									<!--BW_String-->
								</point>
								<point>
									-1.27801 1.28083 -0.794112
									<!--BW_String-->
								</point>
								<point>
									-1.27801 1.28081 -0.738211
									<!--BW_String-->
								</point>
								<point>
									-1.27801 1.2808 -0.68231
									<!--BW_String-->
								</point>
								<point>
									-1.27801 1.28078 -0.626409
									<!--BW_String-->
								</point>
								<point>
									-1.27801 1.28077 -0.570508
									<!--BW_String-->
								</point>
								<point>
									-1.27801 1.28075 -0.514608
									<!--BW_String-->
								</point>
								<point>
									-1.27801 1.28073 -0.458707
									<!--BW_String-->
								</point>
								<point>
									-1.26801 1.28072 -0.402806
									<!--BW_String-->
								</point>
								<point>
									-1.26801 1.2807 -0.346905
									<!--BW_String-->
								</point>
								<point>
									-1.25801 1.28068 -0.291004
									<!--BW_String-->
								</point>
								<point>
									-1.25801 1.28067 -0.235103
									<!--BW_String-->
								</point>
								<point>
									-1.26801 1.28065 -0.179202
									<!--BW_String-->
								</point>
								<point>
									-1.27801 1.28063 -0.123301
									<!--BW_String-->
								</point>
								<point>
									-1.27801 1.28061 -0.0674003
									<!--BW_String-->
								</point>
								<point>
									-1.27801 1.28059 -0.0114992
									<!--BW_String-->
								</point>
								<point>
									-1.27801 1.28057 0.0444018
									<!--BW_String-->
								</point>
								<point>
									-1.27801 1.28056 0.100302
									<!--BW_String-->
								</point>
								<point>
									-1.27801 1.28054 0.156203
									<!--BW_String-->
								</point>
								<point>
									-1.27801 1.28052 0.212104
									<!--BW_String-->
								</point>
								<point>
									-1.27801 1.2805 0.268006
									<!--BW_String-->
								</point>
								<point>
									-1.27801 1.28048 0.323906
									<!--BW_String-->
								</point>
								<point>
									-1.27801 1.28047 0.379807
									<!--BW_String-->
								</point>
								<point>
									-1.27801 1.28045 0.435708
									<!--BW_String-->
								</point>
								<point>
									-1.27801 1.28043 0.491609
									<!--BW_String-->
								</point>
								<point>
									-1.27801 1.28041 0.54751
									<!--BW_String-->
								</point>
								<point>
									-1.27801 1.28039 0.603411
									<!--BW_String-->
								</point>
								<point>
									-1.27801 1.28038 0.659312
									<!--BW_String-->
								</point>
								<point>
									-1.27801 1.28036 0.715213
									<!--BW_String-->
								</point>
								<point>
									-1.27801 1.28034 0.771114
									<!--BW_String-->
								</point>
								<point>
									-1.26801 1.28032 0.827015
									<!--BW_String-->
								</point>
								<point>
									-1.27801 1.2803 0.882916
									<!--BW_String-->
								</point>
								<point>
									-1.27801 1.28028 0.938817
									<!--BW_String-->
								</point>
								<point>
									-1.27801 1.28027 0.994717
									<!--BW_String-->
								</point>
								<point>
									-1.27801 1.28025 1.05062
									<!--BW_String-->
								</point>
								<point>
									-1.27801 1.28023 1.10652
									<!--BW_String-->
								</point>
								<point>
									-1.27801 1.28021 1.16242
									<!--BW_String-->
								</point>
								<point>
									-1.27801 1.28019 1.21832
									<!--BW_String-->
								</point>
								<point>
									-1.27801 1.28018 1.27422
									<!--BW_String-->
								</point>
								<point>
									-1.27801 1.28016 1.33012
									<!--BW_String-->
								</point>
								<point>
									-1.27801 1.27761 1.38602
									<!--BW_String-->
								</point>
								<point>
									-1.27801 1.28012 1.44192
									<!--BW_String-->
								</point>
								<point>
									-1.27801 1.2801 1.49783
									<!--BW_String-->
								</point>
								<point>
									-1.27801 1.28008 1.55373
									<!--BW_String-->
								</point>
								<point>
									-1.27801 1.28007 1.60963
									<!--BW_String-->
								</point>
								<point>
									-1.27801 1.28005 1.66553
									<!--BW_String-->
								</point>
								<point>
									-1.27801 1.28003 1.72143
									<!--BW_String-->
								</point>
								<point>
									-1.27801 1.28001 1.77733
									<!--BW_String-->
								</point>
								<point>
									-1.27801 1.27999 1.83323
									<!--BW_String-->
								</point>
								<point>
									-1.27801 1.27997 1.88913
									<!--BW_String-->
								</point>
								<point>
									-1.27801 1.27996 1.94503
									<!--BW_String-->
								</point>
								<point>
									-1.27801 1.27994 2.00093
									<!--BW_String-->
								</point>
								<point>
									-1.27801 1.27992 2.05683
									<!--BW_String-->
								</point>
								<point>
									-1.27801 1.2799 2.11274
									<!--BW_String-->
								</point>
								<point>
									-1.27801 1.27987 2.16864
									<!--BW_String-->
								</point>
								<point>
									-1.27801 1.27985 2.22454
									<!--BW_String-->
								</point>
								<point>
									-1.06801 1.2732 2.28044
									<!--BW_String-->
								</point>
								<point>
									-1.12801 1.26432 2.33634
									<!--BW_String-->
								</point>
								<point>
									-1.22801 1.25604 2.39224
									<!--BW_String-->
								</point>
								<point>
									-1.16801 1.23932 2.44814
									<!--BW_String-->
								</point>
								<point>
									-1.08801 1.22144 2.50404
									<!--BW_String-->
								</point>
								<point>
									-1.06801 1.20417 2.55994
									<!--BW_String-->
								</point>
								<point>
									-1.27801 1.1832 2.61584
									<!--BW_String-->
								</point>
								<point>
									-1.27801 1.15062 2.67175
									<!--BW_String-->
								</point>
								<point>
									-1.27801 1.07813 2.72765
									<!--BW_String-->
								</point>
							</range>
						</top>
						<bottom>
							<range>
								<point>
									-1.06799 0.529558 -1.85623
									<!--BW_String-->
								</point>
								<point>
									-1.06799 0.530667 -1.80033
									<!--BW_String-->
								</point>
							</range>
							<range>
								<point>
									-1.068 0.943551 -1.57672
									<!--BW_String-->
								</point>
							</range>
							<range>
								<point>
									-1.07799 0.5877 -1.29722
									<!--BW_String-->
								</point>
								<point>
									-1.06799 0.587701 -1.24132
									<!--BW_String-->
								</point>
							</range>
							<range>
								<point>
									-1.068 0.980256 -0.570508
									<!--BW_String-->
								</point>
							</range>
							<range>
								<point>
									-1.06799 0.587702 -0.291003
									<!--BW_String-->
								</point>
								<point>
									-1.06799 0.587702 -0.235102
									<!--BW_String-->
								</point>
							</range>
							<range>
								<point>
									-1.068 0.997076 0.435709
									<!--BW_String-->
								</point>
							</range>
							<range>
								<point>
									-1.06799 0.587704 0.715214
									<!--BW_String-->
								</point>
								<point>
									-1.06799 0.587704 0.771115
									<!--BW_String-->
								</point>
							</range>
							<range>
								<point>
									-1.06801 1.00677 1.44193
									<!--BW_String-->
								</point>
							</range>
							<range>
								<point>
									-1.06799 0.587706 1.72143
									<!--BW_String-->
								</point>
							</range>
							<range>
								<point>
									-1.068 0.829618 1.94503
									<!--BW_String-->
								</point>
								<point>
									-1.068 0.925696 2.00094
									<!--BW_String-->
								</point>
								<point>
									-1.068 0.946766 2.05684
									<!--BW_String-->
								</point>
								<point>
									-1.068 0.944014 2.11274
									<!--BW_String-->
								</point>
								<point>
									-1.078 0.878294 2.16864
									<!--BW_String-->
								</point>
							</range>
							<range>
								<point>
									-1.068 0.767338 2.28044
									<!--BW_String-->
								</point>
								<point>
									-1.068 0.83089 2.33634
									<!--BW_String-->
								</point>
								<point>
									-1.068 0.832658 2.39224
									<!--BW_String-->
								</point>
								<point>
									-1.06801 1.0123 2.44814
									<!--BW_String-->
								</point>
								<point>
									-1.06801 0.989512 2.50404
									<!--BW_String-->
								</point>
								<point>
									-1.06801 0.951966 2.55994
									<!--BW_String-->
								</point>
								<point>
									-1.068 0.88416 2.61584
									<!--BW_String-->
								</point>
							</range>
						</bottom>
					</sourceCollisionHullPoints>
				</left>
				<right>
					<segmentsCount>107</segmentsCount>
					<segmentsOuterThickness>
						0.0532767
						<!--BW_String-->
					</segmentsOuterThickness>
					<segmentsInnerThickness>
						-0.00718866
						<!--BW_String-->
					</segmentsInnerThickness>
					<segmentsPlaneOffset>
						1.203
						<!--BW_String-->
					</segmentsPlaneOffset>
					<springsLength>
						<backwardMovement>
							<back>0.114206</back>
							<top>0.111778</top>
							<front>0.107687</front>
							<bottom>
								0.0523961
								<!--BW_String-->
							</bottom>
						</backwardMovement>
						<forwardMovement>
							<back>0.108125</back>
							<top>0.103704</top>
							<front>0.117576</front>
							<bottom>
								0.0523961
								<!--BW_String-->
							</bottom>
						</forwardMovement>
					</springsLength>
					<mainSegment>
						<model>vehicles/german/G80_Pz_IV_AusfD/track/segment.model</model>
						<length>0.111804</length>
					</mainSegment>
					<collisionHull>
						<bottom>
							<part>
								<xStart>
									-1.91621
									<!--BW_String-->
								</xStart>
								<xStep>
									0.00999999
									<!--BW_String-->
								</xStep>
								<ySamples>
									0.504868 0.504868 0.504868 0.504868 0.504868 0.504868 0.504868
									<!--BW_String-->
								</ySamples>
							</part>
							<part>
								<xStart>
									-1.85621
									<!--BW_String-->
								</xStart>
								<xStep>
									0.0559019
									<!--BW_String-->
								</xStep>
								<ySamples>0.574868 0.567859</ySamples>
							</part>
							<part>
								<xStart>
									-1.80031
									<!--BW_String-->
								</xStart>
								<xStep>
									0.00999999
									<!--BW_String-->
								</xStep>
								<ySamples>
									0.567859 0.557859 0.547859 0.537859 0.527859 0.517859 0.507859
									<!--BW_String-->
								</ySamples>
							</part>
							<part>
								<xStart>
									-1.35719
									<!--BW_String-->
								</xStart>
								<xStep>
									0.00999999
									<!--BW_String-->
								</xStep>
								<ySamples>
									0.554903 0.554903 0.554903 0.554903 0.554903 0.554903 0.554903
									<!--BW_String-->
								</ySamples>
							</part>
							<part>
								<xStart>
									-1.29719
									<!--BW_String-->
								</xStart>
								<xStep>0.055902</xStep>
								<ySamples>0.624903 0.624903</ySamples>
							</part>
							<part>
								<xStart>
									-1.24129
									<!--BW_String-->
								</xStart>
								<xStep>
									0.00999999
									<!--BW_String-->
								</xStep>
								<ySamples>
									0.624903 0.614903 0.604903 0.594903 0.584903 0.574903 0.564903
									<!--BW_String-->
								</ySamples>
							</part>
							<part>
								<xStart>-0.350951</xStart>
								<xStep>
									0.01
									<!--BW_String-->
								</xStep>
								<ySamples>
									0.554903 0.554903 0.554903 0.554903 0.554903 0.554903 0.554903
									<!--BW_String-->
								</ySamples>
							</part>
							<part>
								<xStart>-0.290951</xStart>
								<xStep>
									0.0559025
									<!--BW_String-->
								</xStep>
								<ySamples>0.624903 0.624903</ySamples>
							</part>
							<part>
								<xStart>-0.235049</xStart>
								<xStep>
									0.01
									<!--BW_String-->
								</xStep>
								<ySamples>
									0.624903 0.614903 0.604903 0.594903 0.584903 0.574903 0.564903
									<!--BW_String-->
								</ySamples>
							</part>
							<part>
								<xStart>0.655287</xStart>
								<xStep>
									0.01
									<!--BW_String-->
								</xStep>
								<ySamples>
									0.554903 0.554903 0.554903 0.554903 0.554903 0.554903 0.554903
									<!--BW_String-->
								</ySamples>
							</part>
							<part>
								<xStart>0.715287</xStart>
								<xStep>0.055902</xStep>
								<ySamples>0.624903 0.624903</ySamples>
							</part>
							<part>
								<xStart>0.771189</xStart>
								<xStep>
									0.01
									<!--BW_String-->
								</xStep>
								<ySamples>
									0.624903 0.614903 0.604903 0.594903 0.584903 0.574903 0.564903
									<!--BW_String-->
								</ySamples>
							</part>
							<part>
								<xStart>
									1.66153
									<!--BW_String-->
								</xStart>
								<xStep>
									0.00999999
									<!--BW_String-->
								</xStep>
								<ySamples>
									0.554903 0.554903 0.554903 0.554903 0.554903 0.554903 0.554903
									<!--BW_String-->
								</ySamples>
							</part>
							<part>
								<xStart>
									1.72152
									<!--BW_String-->
								</xStart>
								<xStep>0.055902</xStep>
								<ySamples>0.624903 0.624903</ySamples>
							</part>
							<part>
								<xStart>
									1.77743
									<!--BW_String-->
								</xStart>
								<xStep>
									0.00999999
									<!--BW_String-->
								</xStep>
								<ySamples>
									0.624903 0.614903 0.604903 0.594903 0.584903 0.574903 0.564903
									<!--BW_String-->
								</ySamples>
							</part>
							<part>
								<xStart>
									1.88513
									<!--BW_String-->
								</xStart>
								<xStep>
									0.00999999
									<!--BW_String-->
								</xStep>
								<ySamples>
									0.83371 0.83371 0.83371 0.83371 0.83371 0.83371 0.83371
									<!--BW_String-->
								</ySamples>
							</part>
							<part>
								<xStart>
									1.94513
									<!--BW_String-->
								</xStart>
								<xStep>
									0.0559021
									<!--BW_String-->
								</xStep>
								<ySamples>
									0.90371 0.654908 0.52182 0.456683 0.41411 0.385613 0.367846 0.359263 0.359223 0.367723 0.385396 0.41378 0.456192
									<!--BW_String-->
								</ySamples>
							</part>
							<part>
								<xStart>
									2.61596
									<!--BW_String-->
								</xStart>
								<xStep>
									0.00999999
									<!--BW_String-->
								</xStep>
								<ySamples>
									0.456192 0.465741 0.476044 0.487196 0.499322 0.512584 0.527207
									<!--BW_String-->
								</ySamples>
							</part>
						</bottom>
						<top>
							<part>
								<xStart>
									-2.86245
									<!--BW_String-->
								</xStart>
								<xStep>
									0.0559021
									<!--BW_String-->
								</xStep>
								<ySamples>
									1.01185 1.05128 1.08669 1.11736 1.14783 1.17824 1.20855 1.21248 1.21248 1.21248 1.21244 1.2124 1.21236 1.21233 1.2123 1.21228 1.21226 1.21224 1.21222 1.2122 1.2107 1.21216 1.21214 1.21211 1.21208 1.21206 1.21203 1.212 1.21198 1.21195 1.21193 1.2119 1.21187 1.21185 1.21184 1.21182 1.21181 1.2118 1.21179 1.21177 1.21176 1.21174 1.21172 1.21171 1.21169 1.21167 1.21165 1.21163 1.21161 1.21159 1.21157 1.21155 1.21152 1.2115 1.21148 1.21146 1.21144 1.21142 1.2114 1.21138 1.21135 1.21132 1.21129 1.21128 1.21126 1.21123 1.21121 1.21119 1.21118 1.21116 1.21114 1.21111 1.2111 1.21108 1.2113 1.21161 1.2117 1.21182 1.21198 1.21212 1.21223 1.21221 1.2122 1.21218 1.21216 1.21214 1.21212 1.21163 1.21114 1.21076 1.21075 1.21073 1.20423 1.19707 1.18817 1.17134 1.15346 1.13545 1.1149 1.0814 1.00761
									<!--BW_String-->
								</ySamples>
							</part>
						</top>
					</collisionHull>
					<bottomWheels>
						<wheel>WD_R5</wheel>
						<wheel>W_R7</wheel>
						<wheel>W_R6</wheel>
						<wheel>W_R5</wheel>
						<wheel>W_R4</wheel>
						<wheel>W_R3</wheel>
						<wheel>W_R2</wheel>
						<wheel>W_R1</wheel>
						<wheel>W_R0</wheel>
						<wheel>WD_R0</wheel>
					</bottomWheels>
					<snapWheels>
						<topFront>
							<wheelName>WD_R0</wheelName>
							<basePos>
								2.36467 0.729363
								<!--BW_String-->
							</basePos>
							<shiftVec>
								0.345588 0.0770077
								<!--BW_String-->
							</shiftVec>
							<jointIdx>11</jointIdx>
						</topFront>
						<topBack>
							<wheelName>WD_R5</wheelName>
							<basePos>
								-2.50202 0.584851
								<!--BW_String-->
							</basePos>
							<shiftVec>-0.313051 0.141922</shiftVec>
							<jointIdx>62</jointIdx>
						</topBack>
						<bottomBack>
							<wheelName>W_R7</wheelName>
							<basePos>
								-1.75989 0.266825
								<!--BW_String-->
							</basePos>
							<shiftVec>0.021006 -0.227869</shiftVec>
							<jointIdx>75</jointIdx>
						</bottomBack>
						<bottomFront>
							<wheelName>W_R0</wheelName>
							<basePos>
								1.76126 0.261539
								<!--BW_String-->
							</basePos>
							<shiftVec>
								0.0726361 -0.215921
								<!--BW_String-->
							</shiftVec>
							<jointIdx>0</jointIdx>
						</bottomFront>
					</snapWheels>
					<radiusOverrides>
						<wheel>
							<name>WD_R5</name>
							<radius>0.342991</radius>
						</wheel>
						<wheel>
							<name>WD_R4</name>
							<radius>
								0.14
								<!--BW_String-->
							</radius>
						</wheel>
						<wheel>
							<name>WD_R3</name>
							<radius>
								0.14
								<!--BW_String-->
							</radius>
						</wheel>
						<wheel>
							<name>WD_R2</name>
							<radius>
								0.14
								<!--BW_String-->
							</radius>
						</wheel>
						<wheel>
							<name>WD_R1</name>
							<radius>
								0.14
								<!--BW_String-->
							</radius>
						</wheel>
						<wheel>
							<name>WD_R0</name>
							<radius>0.353357</radius>
						</wheel>
					</radiusOverrides>
					<teethSyncs>
						<syncWithMainModel>true</syncWithMainModel>
						<segmentSyncPivotOffset>0.000000</segmentSyncPivotOffset>
						<sync>
							<name>WD_R5</name>
							<startAngle>
								-16.1857
								<!--BW_String-->
							</startAngle>
							<teethCount>19</teethCount>
						</sync>
						<sync>
							<name>WD_R0</name>
							<startAngle>
								-19.3032
								<!--BW_String-->
							</startAngle>
							<teethCount>19</teethCount>
						</sync>
					</teethSyncs>
					<sourceCollisionHullPoints>
						<top>
							<range>
								<point>
									1.27804 1.08103 -2.86238
									<!--BW_String-->
								</point>
								<point>
									1.27804 1.12046 -2.80648
									<!--BW_String-->
								</point>
								<point>
									1.27804 1.15587 -2.75058
									<!--BW_String-->
								</point>
								<point>
									1.27803 1.18654 -2.69467
									<!--BW_String-->
								</point>
								<point>
									1.27803 1.21701 -2.63877
									<!--BW_String-->
								</point>
								<point>
									1.27803 1.24742 -2.58287
									<!--BW_String-->
								</point>
								<point>
									1.06803 1.27773 -2.52697
									<!--BW_String-->
								</point>
								<point>
									1.27803 1.28166 -2.47107
									<!--BW_String-->
								</point>
								<point>
									1.27803 1.28166 -2.41516
									<!--BW_String-->
								</point>
								<point>
									1.27803 1.28166 -2.35926
									<!--BW_String-->
								</point>
								<point>
									1.27803 1.28162 -2.30336
									<!--BW_String-->
								</point>
								<point>
									1.27803 1.28159 -2.24746
									<!--BW_String-->
								</point>
								<point>
									1.27803 1.28155 -2.19155
									<!--BW_String-->
								</point>
								<point>
									1.27803 1.28151 -2.13565
									<!--BW_String-->
								</point>
								<point>
									1.27803 1.28149 -2.07975
									<!--BW_String-->
								</point>
								<point>
									1.27803 1.28146 -2.02385
									<!--BW_String-->
								</point>
								<point>
									1.27803 1.28144 -1.96795
									<!--BW_String-->
								</point>
								<point>
									1.27803 1.28142 -1.91204
									<!--BW_String-->
								</point>
								<point>
									1.27803 1.2814 -1.85614
									<!--BW_String-->
								</point>
								<point>
									1.27803 1.28139 -1.80024
									<!--BW_String-->
								</point>
								<point>
									1.27803 1.27988 -1.74434
									<!--BW_String-->
								</point>
								<point>
									1.27803 1.28135 -1.68844
									<!--BW_String-->
								</point>
								<point>
									1.27803 1.28132 -1.63253
									<!--BW_String-->
								</point>
								<point>
									1.27803 1.28129 -1.57663
									<!--BW_String-->
								</point>
								<point>
									1.27803 1.28127 -1.52073
									<!--BW_String-->
								</point>
								<point>
									1.27803 1.28124 -1.46483
									<!--BW_String-->
								</point>
								<point>
									1.27803 1.28121 -1.40893
									<!--BW_String-->
								</point>
								<point>
									1.27803 1.28119 -1.35302
									<!--BW_String-->
								</point>
								<point>
									1.27803 1.28116 -1.29712
									<!--BW_String-->
								</point>
								<point>
									1.27803 1.28114 -1.24122
									<!--BW_String-->
								</point>
								<point>
									1.27803 1.28111 -1.18532
									<!--BW_String-->
								</point>
								<point>
									1.27803 1.28108 -1.12942
									<!--BW_String-->
								</point>
								<point>
									1.27803 1.28106 -1.07351
									<!--BW_String-->
								</point>
								<point>
									1.27803 1.28103 -1.01761
									<!--BW_String-->
								</point>
								<point>
									1.27803 1.28102 -0.961709
									<!--BW_String-->
								</point>
								<point>
									1.27803 1.28101 -0.905807
									<!--BW_String-->
								</point>
								<point>
									1.27803 1.281 -0.849905
									<!--BW_String-->
								</point>
								<point>
									1.27803 1.28098 -0.794003
									<!--BW_String-->
								</point>
								<point>
									1.27803 1.28097 -0.7381
									<!--BW_String-->
								</point>
								<point>
									1.27803 1.28096 -0.682198
									<!--BW_String-->
								</point>
								<point>
									1.27803 1.28095 -0.626296
									<!--BW_String-->
								</point>
								<point>
									1.27803 1.28093 -0.570394
									<!--BW_String-->
								</point>
								<point>
									1.27803 1.28091 -0.514492
									<!--BW_String-->
								</point>
								<point>
									1.27803 1.28089 -0.45859
									<!--BW_String-->
								</point>
								<point>
									1.27803 1.28087 -0.402688
									<!--BW_String-->
								</point>
								<point>
									1.27803 1.28085 -0.346786
									<!--BW_String-->
								</point>
								<point>
									1.27803 1.28083 -0.290884
									<!--BW_String-->
								</point>
								<point>
									1.27803 1.28081 -0.234981
									<!--BW_String-->
								</point>
								<point>
									1.27803 1.28079 -0.179079
									<!--BW_String-->
								</point>
								<point>
									1.27803 1.28077 -0.123177
									<!--BW_String-->
								</point>
								<point>
									1.27803 1.28075 -0.0672751
									<!--BW_String-->
								</point>
								<point>
									1.27803 1.28073 -0.011373
									<!--BW_String-->
								</point>
								<point>
									1.27803 1.28071 0.0445294
									<!--BW_String-->
								</point>
								<point>
									1.27803 1.28069 0.100431
									<!--BW_String-->
								</point>
								<point>
									1.27803 1.28067 0.156333
									<!--BW_String-->
								</point>
								<point>
									1.27803 1.28065 0.212235
									<!--BW_String-->
								</point>
								<point>
									1.27803 1.28063 0.268137
									<!--BW_String-->
								</point>
								<point>
									1.27803 1.28061 0.32404
									<!--BW_String-->
								</point>
								<point>
									1.27803 1.28059 0.379942
									<!--BW_String-->
								</point>
								<point>
									1.27803 1.28057 0.435844
									<!--BW_String-->
								</point>
								<point>
									1.27803 1.28054 0.491746
									<!--BW_String-->
								</point>
								<point>
									1.27803 1.28051 0.547648
									<!--BW_String-->
								</point>
								<point>
									1.26803 1.28048 0.60355
									<!--BW_String-->
								</point>
								<point>
									1.24803 1.28046 0.659452
									<!--BW_String-->
								</point>
								<point>
									1.22803 1.28044 0.715354
									<!--BW_String-->
								</point>
								<point>
									1.21803 1.28042 0.771256
									<!--BW_String-->
								</point>
								<point>
									1.19803 1.2804 0.827158
									<!--BW_String-->
								</point>
								<point>
									1.17803 1.28038 0.883061
									<!--BW_String-->
								</point>
								<point>
									1.15803 1.28036 0.938963
									<!--BW_String-->
								</point>
								<point>
									1.13803 1.28034 0.994865
									<!--BW_String-->
								</point>
								<point>
									1.11803 1.28032 1.05077
									<!--BW_String-->
								</point>
								<point>
									1.10803 1.2803 1.10667
									<!--BW_String-->
								</point>
								<point>
									1.08803 1.28028 1.16257
									<!--BW_String-->
								</point>
								<point>
									1.06803 1.28026 1.21847
									<!--BW_String-->
								</point>
								<point>
									1.06803 1.28049 1.27438
									<!--BW_String-->
								</point>
								<point>
									1.06803 1.28079 1.33028
									<!--BW_String-->
								</point>
								<point>
									1.06803 1.28088 1.38618
									<!--BW_String-->
								</point>
								<point>
									1.06803 1.281 1.44208
									<!--BW_String-->
								</point>
								<point>
									1.06803 1.28117 1.49798
									<!--BW_String-->
								</point>
								<point>
									1.06803 1.28131 1.55389
									<!--BW_String-->
								</point>
								<point>
									1.06803 1.28142 1.60979
									<!--BW_String-->
								</point>
								<point>
									1.06803 1.2814 1.66569
									<!--BW_String-->
								</point>
								<point>
									1.06803 1.28138 1.72159
									<!--BW_String-->
								</point>
								<point>
									1.06803 1.28136 1.77749
									<!--BW_String-->
								</point>
								<point>
									1.06803 1.28135 1.8334
									<!--BW_String-->
								</point>
								<point>
									1.06803 1.28133 1.8893
									<!--BW_String-->
								</point>
								<point>
									1.27803 1.28131 1.9452
									<!--BW_String-->
								</point>
								<point>
									1.27803 1.28082 2.0011
									<!--BW_String-->
								</point>
								<point>
									1.27803 1.28033 2.057
									<!--BW_String-->
								</point>
								<point>
									1.27803 1.27995 2.11291
									<!--BW_String-->
								</point>
								<point>
									1.27803 1.27994 2.16881
									<!--BW_String-->
								</point>
								<point>
									1.27803 1.27992 2.22471
									<!--BW_String-->
								</point>
								<point>
									1.27803 1.27342 2.28061
									<!--BW_String-->
								</point>
								<point>
									1.06803 1.26626 2.33651
									<!--BW_String-->
								</point>
								<point>
									1.27803 1.25736 2.39242
									<!--BW_String-->
								</point>
								<point>
									1.27803 1.24053 2.44832
									<!--BW_String-->
								</point>
								<point>
									1.06803 1.22264 2.50422
									<!--BW_String-->
								</point>
								<point>
									1.06803 1.20464 2.56012
									<!--BW_String-->
								</point>
								<point>
									1.06803 1.18408 2.61603
									<!--BW_String-->
								</point>
								<point>
									1.27803 1.15059 2.67193
									<!--BW_String-->
								</point>
								<point>
									1.27803 1.0768 2.72783
									<!--BW_String-->
								</point>
							</range>
						</top>
						<bottom>
							<range>
								<point>
									1.06805 0.537724 -1.85614
									<!--BW_String-->
								</point>
								<point>
									1.06805 0.530715 -1.80024
									<!--BW_String-->
								</point>
							</range>
							<range>
								<point>
									1.06804 0.944191 -1.57663
									<!--BW_String-->
								</point>
							</range>
							<range>
								<point>
									1.06805 0.587759 -1.29712
									<!--BW_String-->
								</point>
								<point>
									1.06805 0.587759 -1.24122
									<!--BW_String-->
								</point>
							</range>
							<range>
								<point>
									1.06804 0.980903 -0.570394
									<!--BW_String-->
								</point>
							</range>
							<range>
								<point>
									1.06805 0.587761 -0.290883
									<!--BW_String-->
								</point>
								<point>
									1.06805 0.587761 -0.23498
									<!--BW_String-->
								</point>
							</range>
							<range>
								<point>
									1.06804 0.997727 0.435844
									<!--BW_String-->
								</point>
							</range>
							<range>
								<point>
									1.06805 0.587763 0.715355
									<!--BW_String-->
								</point>
								<point>
									1.06805 0.587763 0.771257
									<!--BW_String-->
								</point>
							</range>
							<range>
								<point>
									1.06803 1.00743 1.44208
									<!--BW_String-->
								</point>
							</range>
							<range>
								<point>
									1.06805 0.587764 1.72159
									<!--BW_String-->
								</point>
								<point>
									1.06805 0.587764 1.7775
									<!--BW_String-->
								</point>
							</range>
							<range>
								<point>
									1.06804 0.866572 1.9452
									<!--BW_String-->
								</point>
								<point>
									1.06804 0.936228 2.0011
									<!--BW_String-->
								</point>
								<point>
									1.06804 0.955757 2.05701
									<!--BW_String-->
								</point>
								<point>
									1.06804 0.952986 2.11291
									<!--BW_String-->
								</point>
								<point>
									1.07804 0.878046 2.16881
									<!--BW_String-->
								</point>
								<point>
									1.06804 0.934643 2.22471
									<!--BW_String-->
								</point>
								<point>
									1.06803 0.966051 2.28061
									<!--BW_String-->
								</point>
								<point>
									1.06803 0.980064 2.33652
									<!--BW_String-->
								</point>
								<point>
									1.06803 0.980851 2.39242
									<!--BW_String-->
								</point>
								<point>
									1.06803 1.01577 2.44832
									<!--BW_String-->
								</point>
								<point>
									1.06803 0.993728 2.50422
									<!--BW_String-->
								</point>
								<point>
									1.06803 0.956122 2.56012
									<!--BW_String-->
								</point>
								<point>
									1.06804 0.891543 2.61603
									<!--BW_String-->
								</point>
							</range>
						</bottom>
					</sourceCollisionHullPoints>
				</right>
			</physicalTracks>
			<customization>
				<customizableVehicleAreas>
					<paint/>
					<camouflage/>
				</customizableVehicleAreas>
			</customization>
		</Chassis_Pz_IV_AusfD_bootcamp>
	</chassis>
	<turrets0>
		<Turret_1_Pz_IV_AusfD_bootcamp>
			<userString>#germany_vehicles:Turret_1_Pz_IV_AusfD</userString>
			<tags/>
			<level>3</level>
			<price>2200</price>
			<notInShop>true</notInShop>
			<armor>
				<armor_1>30</armor_1>
				<armor_2>30</armor_2>
				<armor_3>
					14.5
					<!--BW_String-->
				</armor_3>
				<armor_4>
					14.5
					<!--BW_String-->
				</armor_4>
				<armor_5>
					14.5
					<!--BW_String-->
				</armor_5>
				<armor_6>30</armor_6>
				<armor_7>30</armor_7>
				<armor_8>
					14.5
					<!--BW_String-->
				</armor_8>
				<armor_9>
					14.5
					<!--BW_String-->
				</armor_9>
				<armor_10>10</armor_10>
				<armor_11>30</armor_11>
				<armor_12>10</armor_12>
				<armor_13>0</armor_13>
				<armor_14>10</armor_14>
				<armor_15>
					14.5
					<!--BW_String-->
				</armor_15>
				<armor_16>8</armor_16>
			</armor>
			<primaryArmor>armor_1 armor_3 armor_4</primaryArmor>
			<weight>1800</weight>
			<maxHealth>78</maxHealth>
			<rotationSpeed>44</rotationSpeed>
			<turretRotatorHealth>
				<maxHealth>80</maxHealth>
				<maxRegenHealth>40</maxRegenHealth>
				<repairCost>
					1.0
					<!--BW_String-->
				</repairCost>
			</turretRotatorHealth>
			<circularVisionRadius>330</circularVisionRadius>
			<surveyingDeviceHealth>
				<maxHealth>60</maxHealth>
				<maxRegenHealth>30</maxRegenHealth>
				<repairCost>
					1.0
					<!--BW_String-->
				</repairCost>
			</surveyingDeviceHealth>
			<guns>
				<_50mm_KwK_38_L42_bootcamp>
					shared
					<maxAmmo>110</maxAmmo>
					<armor>
						<armor_1>
							30
							<vehicleDamageFactor>
								0.0
								<!--BW_String-->
							</vehicleDamageFactor>
						</armor_1>
						<armor_2>
							14.5
							<!--BW_String-->
							<vehicleDamageFactor>
								0.0
								<!--BW_String-->
							</vehicleDamageFactor>
						</armor_2>
						<gun>10</gun>
					</armor>
					<pitchLimits>
						<minPitch>0 -20 1 -20</minPitch>
						<maxPitch>0 10 1 10</maxPitch>
					</pitchLimits>
					<shotDispersionRadius>
						0.46
						<!--BW_String-->
					</shotDispersionRadius>
					<reloadTime>
						2.1
						<!--BW_String-->
					</reloadTime>
					<aimingTime>2</aimingTime>
					<invisibilityFactorAtShot>
						0.29
						<!--BW_String-->
					</invisibilityFactorAtShot>
					<effects>shot_50mm_kwk</effects>
					<models>
						<undamaged>vehicles/german/G80_Pz_IV_AusfD/normal/lod0/Gun_01.model</undamaged>
						<destroyed>vehicles/german/G80_Pz_IV_AusfD/crash/lod0/Gun_01.model</destroyed>
						<exploded>vehicles/german/G80_Pz_IV_AusfD/crash/lod0/Gun_01.model</exploded>
					</models>
					<hitTester>
						<collisionModelServer>vehicles/german/G80_Pz_IV_AusfD/collision/Gun_01.model</collisionModelServer>
						<collisionModelClient>vehicles/german/G80_Pz_IV_AusfD/collision_client/Gun_01.model</collisionModelClient>
					</hitTester>
					<customization>
						<customizableVehicleAreas>
							<paint/>
							<camouflage>GUN</camouflage>
						</customizableVehicleAreas>
					</customization>
					<camouflage>
						<tiling>
							1.4 0.7 0.000000 0.000000
							<!--BW_String-->
						</tiling>
						<density>
							82.0787 81.9473
							<!--BW_String-->
						</density>
						<aoTextureSize>512 256</aoTextureSize>
					</camouflage>
				</_50mm_KwK_38_L42_bootcamp>
			</guns>
			<models>
				<undamaged>vehicles/german/G80_Pz_IV_AusfD/normal/lod0/Turret_01.model</undamaged>
				<destroyed>vehicles/german/G80_Pz_IV_AusfD/crash/lod0/Turret_01.model</destroyed>
				<exploded>vehicles/german/G80_Pz_IV_AusfD/crash/lod0/Turret_01.model</exploded>
			</models>
			<hitTester>
				<collisionModelServer>vehicles/german/G80_Pz_IV_AusfD/collision/Turret_01.model</collisionModelServer>
				<collisionModelClient>vehicles/german/G80_Pz_IV_AusfD/collision_client/Turret_01.model</collisionModelClient>
			</hitTester>
			<gunPosition>
				0.04609 0.3621 0.904955
				<!--BW_String-->
			</gunPosition>
			<showEmblemsOnGun>false</showEmblemsOnGun>
			<physicsShape>
				0.967 -0.013 1.000 0.000 0.545 0.179 0.758 0.529 0.125 0.500 0.332 0.500 0.130 0.558 0.233
				<!--BW_String-->
			</physicsShape>
			<wwturretRotatorSoundManual>tur_mech_trav</wwturretRotatorSoundManual>
			<customization>
				<customizableVehicleAreas>
					<paint/>
					<camouflage>TURRET</camouflage>
				</customizableVehicleAreas>
			</customization>
			<customizationSlots>
				<slot>
					<slotType>player</slotType>
					<slotId>33000</slotId>
					<rayStart>
						-1.02298 0.432471 0.681424
						<!--BW_String-->
					</rayStart>
					<rayEnd>-0.663714 0.257622 0.662503</rayEnd>
					<rayUp>
						0.000000 1 0.000000
						<!--BW_String-->
					</rayUp>
					<size>
						0.24
						<!--BW_String-->
					</size>
					<hideIfDamaged>true</hideIfDamaged>
					<isUVProportional>true</isUVProportional>
				</slot>
				<slot>
					<slotType>player</slotType>
					<slotId>33001</slotId>
					<rayStart>
						1.02298 0.432471 0.681424
						<!--BW_String-->
					</rayStart>
					<rayEnd>0.663714 0.257622 0.662503</rayEnd>
					<rayUp>
						0.000000 1 0.000000
						<!--BW_String-->
					</rayUp>
					<size>
						0.24
						<!--BW_String-->
					</size>
					<hideIfDamaged>true</hideIfDamaged>
					<isMirrored>true</isMirrored>
					<isUVProportional>true</isUVProportional>
				</slot>
			</customizationSlots>
			<camouflage>
				<tiling>
					1.12 1.12 0.000000 0.000000
					<!--BW_String-->
				</tiling>
				<density>
					119.017 119.229
					<!--BW_String-->
				</density>
				<aoTextureSize>512 512</aoTextureSize>
			</camouflage>
		</Turret_1_Pz_IV_AusfD_bootcamp>
	</turrets0>
	<engines>
		<Maybach_HL_120_TR_bootcamp>shared</Maybach_HL_120_TR_bootcamp>
	</engines>
	<fuelTanks>
		<Medium>shared</Medium>
	</fuelTanks>
	<radios>
		<FuG2_bootcamp>shared</FuG2_bootcamp>
	</radios>
	<physics>
		<detailed>
			<engines>
				<Maybach_HL_120_TR_bootcamp>
					<smplEnginePower>
						370.0484
						<!--BW_String-->
					</smplEnginePower>
					<smplFwMaxSpeed>42</smplFwMaxSpeed>
				</Maybach_HL_120_TR_bootcamp>
			</engines>
			<chassis>
				<Chassis_Pz_IV_AusfD_bootcamp>
					<grounds>
						<soft>
							<rollingFriction>
								0.20125
								<!--BW_String-->
							</rollingFriction>
						</soft>
						<medium>
							<rollingFriction>
								0.12075
								<!--BW_String-->
							</rollingFriction>
						</medium>
						<firm>
							<rollingFriction>
								0.08855
								<!--BW_String-->
							</rollingFriction>
						</firm>
					</grounds>
				</Chassis_Pz_IV_AusfD_bootcamp>
			</chassis>
		</detailed>
	</physics>
	<clientAdjustmentFactors>
		<armour>
			0.80569684
			<!--BW_String-->
		</armour>
	</clientAdjustmentFactors>
	<effects>
		<collision/>
		<damagedStateGroup>medium</damagedStateGroup>
	</effects>
	<emblems>
		<default>15502</default>
		<lodDist>MEDIUM</lodDist>
		<alpha>
			0.92
			<!--BW_String-->
		</alpha>
	</emblems>
</root>
