<?xml version="1.0" encoding="utf-8"?>
<root>
	<xmlns:xmlref>http://bwt/xmlref</xmlns:xmlref>
	<crew>
		<commander>radioman</commander>
		<gunner/>
		<driver/>
		<loader/>
	</crew>
	<supplySlots>5 1 1 6 6 6 7 8 8 8</supplySlots>
	<speedLimits>
		<forward>50</forward>
		<backward>15</backward>
	</speedLimits>
	<invisibility>
		<moving>
			0.057
			<!--BW_String-->
		</moving>
		<still>
			0.113
			<!--BW_String-->
		</still>
		<camouflageBonus>
			0.02
			<!--BW_String-->
		</camouflageBonus>
		<firePenalty>
			0.17
			<!--BW_String-->
		</firePenalty>
	</invisibility>
	<optDevsOverrides>
		<camouflageNet>
			<invisibilityBonus>
				0.05 0.075
				<!--BW_String-->
			</invisibilityBonus>
		</camouflageNet>
		<additionalInvisibilityDevice>
			<invisibilityBonus>
				0.03 0.04
				<!--BW_String-->
			</invisibilityBonus>
		</additionalInvisibilityDevice>
	</optDevsOverrides>
	<repairCost>
		11.2
		<!--BW_String-->
	</repairCost>
	<premiumVehicleXPFactor>
		0.05
		<!--BW_String-->
	</premiumVehicleXPFactor>
	<crewXpFactor>
		1.5
		<!--BW_String-->
	</crewXpFactor>
	<camouflage>
		<priceFactor>
			2.0
			<!--BW_String-->
		</priceFactor>
		<tiling>1 1 0 0</tiling>
		<exclusionMask/>
	</camouflage>
	<hull>
		<armor>
			<armor_1>140</armor_1>
			<armor_2>155</armor_2>
			<armor_3>120</armor_3>
			<armor_4>60</armor_4>
			<armor_5>25</armor_5>
			<armor_6>20</armor_6>
			<armor_7>80</armor_7>
			<armor_8>0</armor_8>
			<armor_9>
				30
				<vehicleDamageFactor>
					0.0
					<!--BW_String-->
				</vehicleDamageFactor>
			</armor_9>
			<armor_10>80</armor_10>
		</armor>
		<primaryArmor>armor_1 armor_3 armor_4</primaryArmor>
		<weight>20525</weight>
		<maxHealth>1760</maxHealth>
		<ammoBayHealth>
			<maxHealth>240</maxHealth>
			<maxRegenHealth>160</maxRegenHealth>
			<repairCost>
				1.0
				<!--BW_String-->
			</repairCost>
		</ammoBayHealth>
		<models>
			<undamaged>vehicles/chinese/Ch41_WZ_111_QL/normal/lod0/Hull.model</undamaged>
			<destroyed>vehicles/chinese/Ch41_WZ_111_QL/crash/lod0/Hull.model</destroyed>
			<exploded>vehicles/chinese/Ch41_WZ_111_QL/crash/lod0/Hull.model</exploded>
		</models>
		<swinging>
			<lodDist>FAR</lodDist>
			<pitchParams>
				0.26 36.00 0.48 1.00 0.05 0.32
				<!--BW_String-->
			</pitchParams>
			<rollParams>
				1.00 0.26 36.00 0.48 1.00 0.05 0.32
				<!--BW_String-->
			</rollParams>
			<sensitivityToImpulse>
				0.28
				<!--BW_String-->
			</sensitivityToImpulse>
		</swinging>
		<exhaust>
			<pixie>diesel_large</pixie>
			<nodes>HP_Track_Exhaus_1 HP_Track_Exhaus_2</nodes>
		</exhaust>
		<turretPositions>
			<turret>
				-0.00492 0.572297 0.703463
				<!--BW_String-->
			</turret>
		</turretPositions>
		<hitTester>
			<collisionModelServer>vehicles/chinese/Ch41_WZ_111_QL/collision/Hull.model</collisionModelServer>
			<collisionModelClient>vehicles/chinese/Ch41_WZ_111_QL/collision_client/Hull.model</collisionModelClient>
		</hitTester>
		<hangarShadowTexture>vehicles/chinese/Ch41_WZ_111_QL/WZ_111_QL_HangarShadowMap.dds</hangarShadowTexture>
		<customization>
			<customizableVehicleAreas>
				<paint/>
				<camouflage/>
			</customizableVehicleAreas>
		</customization>
		<customizationSlots>
			<slot>
				<slotType>clan</slotType>
				<slotId>10000</slotId>
				<rayStart>
					0.447762 0.439983 2.82016
					<!--BW_String-->
				</rayStart>
				<rayEnd>
					0.40081 0.25283 2.71871
					<!--BW_String-->
				</rayEnd>
				<rayUp>
					-0.29967 0.0495677 -0.952754
					<!--BW_String-->
				</rayUp>
				<size>
					0.268
					<!--BW_String-->
				</size>
				<hideIfDamaged>false</hideIfDamaged>
				<isUVProportional>true</isUVProportional>
			</slot>
		</customizationSlots>
		<camouflage>
			<density>
				107.022 107.185
				<!--BW_String-->
			</density>
			<aoTextureSize>1024 1024</aoTextureSize>
		</camouflage>
	</hull>
	<chassis>
		<Chassis_Ch41_WZ_111_QL>
			<userString>#china_vehicles:Chassis_Ch41_WZ_111_QL</userString>
			<tags/>
			<level>10</level>
			<price>61350</price>
			<notInShop>true</notInShop>
			<armor>
				<leftTrack>20</leftTrack>
				<rightTrack>20</rightTrack>
			</armor>
			<weight>10000</weight>
			<maxLoad>55000</maxLoad>
			<terrainResistance>
				1.1 1.2 2.5
				<!--BW_String-->
			</terrainResistance>
			<brakeForce>50000</brakeForce>
			<rotationIsAroundCenter>false</rotationIsAroundCenter>
			<rotationSpeed>36</rotationSpeed>
			<shotDispersionFactors>
				<vehicleMovement>
					0.15
					<!--BW_String-->
				</vehicleMovement>
				<vehicleRotation>
					0.15
					<!--BW_String-->
				</vehicleRotation>
			</shotDispersionFactors>
			<bulkHealthFactor>
				3.0
				<!--BW_String-->
			</bulkHealthFactor>
			<maxHealth>250</maxHealth>
			<maxRegenHealth>190</maxRegenHealth>
			<repairCost>
				5.0
				<!--BW_String-->
			</repairCost>
			<models>
				<undamaged>vehicles/chinese/Ch41_WZ_111_QL/normal/lod0/Chassis.model</undamaged>
				<destroyed>vehicles/chinese/Ch41_WZ_111_QL/crash/lod0/Chassis.model</destroyed>
				<exploded>vehicles/chinese/Ch41_WZ_111_QL/crash/lod0/Chassis.model</exploded>
			</models>
			<traces>
				<lodDist>FAR</lodDist>
				<bufferPrefs>largeTank</bufferPrefs>
				<textureSet>ussr_01</textureSet>
				<size>
					0.64 0.7
					<!--BW_String-->
				</size>
			</traces>
			<tracks>
				<lodDist>MEDIUM_TRACK</lodDist>
				<leftMaterial>track_mat_L_skinned</leftMaterial>
				<rightMaterial>track_mat_R_skinned</rightMaterial>
				<textureScale>-2</textureScale>
			</tracks>
			<AODecals>
				<decal>
					<transform>
						<row0>4.834590 0.000000 0.000000</row0>
						<row1>-0.000000 1.342020 0.000000</row1>
						<row2>0.000000 -0.000000 8.400620</row2>
						<row3>0.000020 -0.000000 -0.000053</row3>
					</transform>
				</decal>
			</AODecals>
			<wheels>
				<lodDist>MEDIUM</lodDist>
				<wheel>
					<isLeft>false</isLeft>
					<isLeading>true</isLeading>
					<name>WD_R0</name>
					<radius>0.294181</radius>
					<syncAngle>
						25.7143
						<!--BW_String-->
					</syncAngle>
				</wheel>
				<group>
					<isLeft>false</isLeft>
					<template>WD_R</template>
					<radius>
						0.0709469
						<!--BW_String-->
					</radius>
					<startIndex>1</startIndex>
					<count>4</count>
				</group>
				<wheel>
					<isLeft>false</isLeft>
					<isLeading>true</isLeading>
					<name>WD_R5</name>
					<radius>0.408699</radius>
					<syncAngle>
						25.7143
						<!--BW_String-->
					</syncAngle>
				</wheel>
				<group>
					<isLeft>false</isLeft>
					<template>W_R</template>
					<radius>0.299863</radius>
					<startIndex>0</startIndex>
					<count>7</count>
				</group>
				<wheel>
					<isLeft>true</isLeft>
					<isLeading>true</isLeading>
					<name>WD_L0</name>
					<radius>0.294181</radius>
					<syncAngle>
						25.7143
						<!--BW_String-->
					</syncAngle>
				</wheel>
				<group>
					<isLeft>true</isLeft>
					<template>WD_L</template>
					<radius>
						0.0709469
						<!--BW_String-->
					</radius>
					<startIndex>1</startIndex>
					<count>4</count>
				</group>
				<wheel>
					<isLeft>true</isLeft>
					<isLeading>true</isLeading>
					<name>WD_L5</name>
					<radius>0.408699</radius>
					<syncAngle>
						25.7143
						<!--BW_String-->
					</syncAngle>
				</wheel>
				<group>
					<isLeft>true</isLeft>
					<template>W_L</template>
					<radius>0.299863</radius>
					<startIndex>0</startIndex>
					<count>7</count>
				</group>
			</wheels>
			<drivingWheels>WD_L0 WD_L5</drivingWheels>
			<effects>
				<lodDist>MEDIUM</lodDist>
				<mud>largeTankMud</mud>
			</effects>
			<wwsoundPC>treads_type_pc</wwsoundPC>
			<wwsoundNPC>trds_med_npc</wwsoundNPC>
			<hullPosition>0.000000 0.957083 0.000000</hullPosition>
			<hitTester>
				<collisionModelServer>vehicles/chinese/Ch41_WZ_111_QL/collision/Chassis.model</collisionModelServer>
				<collisionModelClient>vehicles/chinese/Ch41_WZ_111_QL/collision_client/Chassis.model</collisionModelClient>
			</hitTester>
			<topRightCarryingPoint>
				1.34521 2.42754
				<!--BW_String-->
			</topRightCarryingPoint>
			<maxClimbAngle>25</maxClimbAngle>
			<navmeshGirth>
				6.0
				<!--BW_String-->
			</navmeshGirth>
			<groundNodes>
				<group>
					<template>Track_L</template>
					<startIndex>0</startIndex>
					<count>7</count>
					<isLeft>true</isLeft>
					<minOffset>
						-0.1
						<!--BW_String-->
					</minOffset>
					<maxOffset>
						0.1
						<!--BW_String-->
					</maxOffset>
				</group>
				<group>
					<template>Track_R</template>
					<startIndex>0</startIndex>
					<count>7</count>
					<isLeft>false</isLeft>
					<minOffset>
						-0.1
						<!--BW_String-->
					</minOffset>
					<maxOffset>
						0.1
						<!--BW_String-->
					</maxOffset>
				</group>
			</groundNodes>
			<splineDesc>
				<segmentModelLeft>vehicles/chinese/Ch41_WZ_111_QL/track/segment.model</segmentModelLeft>
				<segmentModelRight>vehicles/chinese/Ch41_WZ_111_QL/track/segment.model</segmentModelRight>
				<left>vehicles/chinese/Ch41_WZ_111_QL/track/left.track</left>
				<right>vehicles/chinese/Ch41_WZ_111_QL/track/right.track</right>
				<segmentLength>
					0.155
					<!--BW_String-->
				</segmentLength>
				<segmentOffset>
					0.14
					<!--BW_String-->
				</segmentOffset>
				<lodDist>SPLINE_TRACK</lodDist>
				<atlas>
					<UTiles>1</UTiles>
					<VTiles>1</VTiles>
				</atlas>
			</splineDesc>
			<trackThickness>
				-0.0237
				<!--BW_String-->
			</trackThickness>
			<trackNodes>
				<enable>true</enable>
				<linkBones>false</linkBones>
				<maxAmplitude>
					0.05
					<!--BW_String-->
				</maxAmplitude>
				<maxOffset>
					0.05
					<!--BW_String-->
				</maxOffset>
				<gravity>
					-9.8
					<!--BW_String-->
				</gravity>
				<elasticity>1300</elasticity>
				<damping>2</damping>
				<node>
					<isLeft>true</isLeft>
					<name>Track_VD_L0</name>
					<forwardElastK>1</forwardElastK>
					<backwardElastK>1</backwardElastK>
				</node>
				<node>
					<isLeft>false</isLeft>
					<name>Track_VD_R0</name>
					<forwardElastK>1</forwardElastK>
					<backwardElastK>1</backwardElastK>
				</node>
				<node>
					<isLeft>true</isLeft>
					<name>Track_VD_L1</name>
					<forwardElastK>2</forwardElastK>
					<backwardElastK>
						1.5
						<!--BW_String-->
					</backwardElastK>
				</node>
				<node>
					<isLeft>false</isLeft>
					<name>Track_VD_R1</name>
					<forwardElastK>2</forwardElastK>
					<backwardElastK>
						1.5
						<!--BW_String-->
					</backwardElastK>
				</node>
				<node>
					<isLeft>true</isLeft>
					<name>Track_VT_L0</name>
					<forwardElastK>
						0.75
						<!--BW_String-->
					</forwardElastK>
					<backwardElastK>1</backwardElastK>
					<offset>
						-0.107
						<!--BW_String-->
					</offset>
				</node>
				<node>
					<isLeft>true</isLeft>
					<name>Track_VT_L1</name>
					<forwardElastK>
						0.75
						<!--BW_String-->
					</forwardElastK>
					<backwardElastK>
						1.3
						<!--BW_String-->
					</backwardElastK>
					<offset>
						-0.107
						<!--BW_String-->
					</offset>
				</node>
				<node>
					<isLeft>true</isLeft>
					<name>Track_VT_L2</name>
					<forwardElastK>
						0.75
						<!--BW_String-->
					</forwardElastK>
					<backwardElastK>
						1.7
						<!--BW_String-->
					</backwardElastK>
					<offset>
						-0.073
						<!--BW_String-->
					</offset>
				</node>
				<node>
					<isLeft>true</isLeft>
					<name>Track_VT_L3</name>
					<forwardElastK>
						0.75
						<!--BW_String-->
					</forwardElastK>
					<backwardElastK>
						2.1
						<!--BW_String-->
					</backwardElastK>
					<offset>
						-0.124
						<!--BW_String-->
					</offset>
				</node>
				<node>
					<isLeft>true</isLeft>
					<name>Track_VT_L4</name>
					<forwardElastK>
						0.75
						<!--BW_String-->
					</forwardElastK>
					<backwardElastK>
						2.5
						<!--BW_String-->
					</backwardElastK>
					<offset>
						-0.107
						<!--BW_String-->
					</offset>
				</node>
				<node>
					<isLeft>false</isLeft>
					<name>Track_VT_R0</name>
					<forwardElastK>
						0.75
						<!--BW_String-->
					</forwardElastK>
					<backwardElastK>1</backwardElastK>
					<offset>
						-0.107
						<!--BW_String-->
					</offset>
				</node>
				<node>
					<isLeft>false</isLeft>
					<name>Track_VT_R1</name>
					<forwardElastK>
						0.75
						<!--BW_String-->
					</forwardElastK>
					<backwardElastK>
						1.3
						<!--BW_String-->
					</backwardElastK>
					<offset>
						-0.107
						<!--BW_String-->
					</offset>
				</node>
				<node>
					<isLeft>false</isLeft>
					<name>Track_VT_R2</name>
					<forwardElastK>
						0.75
						<!--BW_String-->
					</forwardElastK>
					<backwardElastK>
						1.7
						<!--BW_String-->
					</backwardElastK>
					<offset>
						-0.073
						<!--BW_String-->
					</offset>
				</node>
				<node>
					<isLeft>false</isLeft>
					<name>Track_VT_R3</name>
					<forwardElastK>
						0.75
						<!--BW_String-->
					</forwardElastK>
					<backwardElastK>
						2.1
						<!--BW_String-->
					</backwardElastK>
					<offset>
						-0.124
						<!--BW_String-->
					</offset>
				</node>
				<node>
					<isLeft>false</isLeft>
					<name>Track_VT_R4</name>
					<forwardElastK>
						0.75
						<!--BW_String-->
					</forwardElastK>
					<backwardElastK>
						2.5
						<!--BW_String-->
					</backwardElastK>
					<offset>
						-0.107
						<!--BW_String-->
					</offset>
				</node>
			</trackNodes>
			<physicalTracks>
				<left>
					<segmentsCount>98</segmentsCount>
					<segmentsOuterThickness>
						0.0614132
						<!--BW_String-->
					</segmentsOuterThickness>
					<segmentsInnerThickness>
						-0.0173292
						<!--BW_String-->
					</segmentsInnerThickness>
					<segmentsPlaneOffset>
						-1.34522
						<!--BW_String-->
					</segmentsPlaneOffset>
					<springsLength>
						<backwardMovement>
							<back>0.157866</back>
							<top>
								0.14131
								<!--BW_String-->
							</top>
							<front>0.147109</front>
							<bottom>0.121245</bottom>
						</backwardMovement>
						<forwardMovement>
							<back>0.147575</back>
							<top>0.152151</top>
							<front>0.157067</front>
							<bottom>0.121245</bottom>
						</forwardMovement>
					</springsLength>
					<mainSegment>
						<model>vehicles/chinese/Ch41_WZ_111_5A/track/segment.model</model>
						<length>
							0.155
							<!--BW_String-->
						</length>
					</mainSegment>
					<collisionHull>
						<bottom>
							<part>
								<xStart>
									-2.22765
									<!--BW_String-->
								</xStart>
								<xStep>
									0.00999999
									<!--BW_String-->
								</xStep>
								<ySamples>
									0.964987 0.93005 0.914315 0.903373 0.895189 0.888957 0.884269
									<!--BW_String-->
								</ySamples>
							</part>
							<part>
								<xStart>
									-2.16765
									<!--BW_String-->
								</xStart>
								<xStep>
									0.0774999
									<!--BW_String-->
								</xStep>
								<ySamples>0.884269 0.886929</ySamples>
							</part>
							<part>
								<xStart>
									-2.09015
									<!--BW_String-->
								</xStart>
								<xStep>
									0.00999999
									<!--BW_String-->
								</xStep>
								<ySamples>
									0.886929 0.892512 0.899855 0.909562 0.922978 0.944923 1.07001
									<!--BW_String-->
								</ySamples>
							</part>
							<part>
								<xStart>-0.677651</xStart>
								<xStep>
									0.01
									<!--BW_String-->
								</xStep>
								<ySamples>
									1.04653 1.04653 1.04653 0.931492 0.915242 0.904051 0.895703
									<!--BW_String-->
								</ySamples>
							</part>
							<part>
								<xStart>-0.617651</xStart>
								<xStep>
									0.0774999
									<!--BW_String-->
								</xStep>
								<ySamples>
									0.895703 0.879713 1.00767
									<!--BW_String-->
								</ySamples>
							</part>
							<part>
								<xStart>-0.462651</xStart>
								<xStep>
									0.01
									<!--BW_String-->
								</xStep>
								<ySamples>
									1.00767 0.997666 0.987666 0.977666 0.967666 0.957666 0.947666
									<!--BW_String-->
								</ySamples>
							</part>
							<part>
								<xStart>
									0.0973489
									<!--BW_String-->
								</xStart>
								<xStep>
									0.01
									<!--BW_String-->
								</xStep>
								<ySamples>
									0.989702 0.989702 0.989702 0.989702 0.95375 0.926896 0.912235
									<!--BW_String-->
								</ySamples>
							</part>
							<part>
								<xStart>0.157349</xStart>
								<xStep>
									0.0775001
									<!--BW_String-->
								</xStep>
								<ySamples>0.912235 0.877441 0.921662</ySamples>
							</part>
							<part>
								<xStart>0.312349</xStart>
								<xStep>
									0.01
									<!--BW_String-->
								</xStep>
								<ySamples>
									0.921662 0.942389 0.987703 0.977703 0.967703 0.957703 0.947703
									<!--BW_String-->
								</ySamples>
							</part>
							<part>
								<xStart>
									1.33735
									<!--BW_String-->
								</xStart>
								<xStep>
									0.00999999
									<!--BW_String-->
								</xStep>
								<ySamples>
									0.790216 0.790216 0.790216 0.790216 0.790216 0.790216 0.790216
									<!--BW_String-->
								</ySamples>
							</part>
							<part>
								<xStart>
									1.39735
									<!--BW_String-->
								</xStart>
								<xStep>
									0.0775003
									<!--BW_String-->
								</xStep>
								<ySamples>0.860216 0.860799</ySamples>
							</part>
							<part>
								<xStart>
									1.47485
									<!--BW_String-->
								</xStart>
								<xStep>
									0.00999999
									<!--BW_String-->
								</xStep>
								<ySamples>
									0.860799 0.850799 0.840799 0.830799 0.820799 0.810799 0.800799
									<!--BW_String-->
								</ySamples>
							</part>
							<part>
								<xStart>
									1.64735
									<!--BW_String-->
								</xStart>
								<xStep>
									0.00999999
									<!--BW_String-->
								</xStep>
								<ySamples>
									0.950187 0.950187 0.950187 0.950187 0.950187 0.950187 0.927619
									<!--BW_String-->
								</ySamples>
							</part>
							<part>
								<xStart>
									1.70735
									<!--BW_String-->
								</xStart>
								<xStep>
									0.0774999
									<!--BW_String-->
								</xStep>
								<ySamples>0.927619 0.877631 0.908213</ySamples>
							</part>
							<part>
								<xStart>
									1.86235
									<!--BW_String-->
								</xStart>
								<xStep>
									0.00999999
									<!--BW_String-->
								</xStep>
								<ySamples>
									0.908213 0.921048 0.941252 0.990052 0.980051 0.970051 0.960051
									<!--BW_String-->
								</ySamples>
							</part>
						</bottom>
						<top>
							<part>
								<xStart>
									-3.56265
									<!--BW_String-->
								</xStart>
								<xStep>
									0.0775
									<!--BW_String-->
								</xStep>
								<ySamples>
									1.22329 1.19423 1.19536 1.09925 1.09889 1.09853 1.09812 1.09776 1.09734 1.09704 1.09686 1.09668 1.0965 1.07468 1.07468 1.07468 1.07468 1.07468 1.07468 1.07468 1.07468 1.07468 1.07468 1.07468 1.07468 1.07468 1.07468 1.07468 1.07468 1.07468 1.07468 1.07468 1.07468 1.07468 1.07443 1.07141 1.06839 1.06618 1.06685 1.06751 1.0707 1.07407 1.07468 1.07468 1.07468 1.07468 1.07468 1.07468 1.07468 1.07468 1.07468 1.07468 1.07468 1.07468 1.07468 1.07468 1.07468 1.07468 1.07468 1.07468 1.07468 1.07468 1.07468 1.07468 1.07468 1.07468 1.07468 1.07468 1.07468 1.07468 1.07468 1.07468 1.07468 1.07468 1.07468 1.07468 1.07468 1.07468 1.07468 1.07468 1.07346 1.0727 1.07468 1.07468 1.07468 1.07468 1.07633 1.07347 1.0705 1.05129 1.03074 0.987924 0.927307
									<!--BW_String-->
								</ySamples>
							</part>
						</top>
					</collisionHull>
					<bottomWheels>
						<wheel>WD_L5</wheel>
						<wheel>W_L6</wheel>
						<wheel>W_L5</wheel>
						<wheel>W_L4</wheel>
						<wheel>W_L3</wheel>
						<wheel>W_L2</wheel>
						<wheel>W_L1</wheel>
						<wheel>W_L0</wheel>
						<wheel>WD_L0</wheel>
					</bottomWheels>
					<snapWheels>
						<topFront>
							<wheelName>WD_L0</wheelName>
							<basePos>
								3.26448 0.726655
								<!--BW_String-->
							</basePos>
							<shiftVec>0.227981 0.175825</shiftVec>
							<jointIdx>11</jointIdx>
						</topFront>
						<topBack>
							<wheelName>WD_L5</wheelName>
							<basePos>
								-3.1696 0.686302
								<!--BW_String-->
							</basePos>
							<shiftVec>-0.279553 0.190484</shiftVec>
							<jointIdx>57</jointIdx>
						</topBack>
						<bottomBack>
							<wheelName>W_L6</wheelName>
							<basePos>
								-2.42803 0.320725
								<!--BW_String-->
							</basePos>
							<shiftVec>
								0.00718141 -0.282534
								<!--BW_String-->
							</shiftVec>
							<jointIdx>67</jointIdx>
						</bottomBack>
						<bottomFront>
							<wheelName>W_L0</wheelName>
							<basePos>
								2.2803 0.320725
								<!--BW_String-->
							</basePos>
							<shiftVec>
								0.00886822 -0.282395
								<!--BW_String-->
							</shiftVec>
							<jointIdx>0</jointIdx>
						</bottomFront>
					</snapWheels>
					<radiusOverrides>
						<wheel>
							<name>WD_L5</name>
							<radius>0.336858</radius>
						</wheel>
						<wheel>
							<name>WD_L4</name>
							<radius>
								0.08
								<!--BW_String-->
							</radius>
						</wheel>
						<wheel>
							<name>WD_L3</name>
							<radius>
								0.08
								<!--BW_String-->
							</radius>
						</wheel>
						<wheel>
							<name>WD_L2</name>
							<radius>
								0.1
								<!--BW_String-->
							</radius>
						</wheel>
						<wheel>
							<name>WD_L1</name>
							<radius>
								0.1
								<!--BW_String-->
							</radius>
						</wheel>
						<wheel>
							<name>WD_L0</name>
							<radius>
								0.3
								<!--BW_String-->
							</radius>
						</wheel>
					</radiusOverrides>
					<teethSyncs>
						<syncWithMainModel>true</syncWithMainModel>
						<segmentSyncPivotOffset>
							-1.344
							<!--BW_String-->
						</segmentSyncPivotOffset>
						<sync>
							<name>WD_L5</name>
							<startAngle>
								-203.488
								<!--BW_String-->
							</startAngle>
							<teethCount>14</teethCount>
						</sync>
						<sync>
							<name>WD_L0</name>
							<startAngle>
								-206.321
								<!--BW_String-->
							</startAngle>
							<teethCount>14</teethCount>
						</sync>
					</teethSyncs>
					<sourceCollisionHullPoints>
						<top>
							<range>
								<point>
									-1.19522 1.32567 -3.56267
									<!--BW_String-->
								</point>
								<point>
									-1.19522 1.2966 -3.48517
									<!--BW_String-->
								</point>
								<point>
									-1.19522 1.29773 -3.40767
									<!--BW_String-->
								</point>
								<point>
									-1.32522 1.20162 -3.33017
									<!--BW_String-->
								</point>
								<point>
									-1.35522 1.20126 -3.25267
									<!--BW_String-->
								</point>
								<point>
									-1.38522 1.2009 -3.17517
									<!--BW_String-->
								</point>
								<point>
									-1.42522 1.20049 -3.09767
									<!--BW_String-->
								</point>
								<point>
									-1.45522 1.20013 -3.02017
									<!--BW_String-->
								</point>
								<point>
									-1.49522 1.19971 -2.94267
									<!--BW_String-->
								</point>
								<point>
									-1.51522 1.19941 -2.86517
									<!--BW_String-->
								</point>
								<point>
									-1.51522 1.19923 -2.78767
									<!--BW_String-->
								</point>
								<point>
									-1.51522 1.19905 -2.71017
									<!--BW_String-->
								</point>
								<point>
									-1.51522 1.19887 -2.63267
									<!--BW_String-->
								</point>
								<point>
									-1.19522 1.17706 -2.55517
									<!--BW_String-->
								</point>
								<point>
									-1.19522 1.17706 -2.47767
									<!--BW_String-->
								</point>
								<point>
									-1.19522 1.17706 -2.40017
									<!--BW_String-->
								</point>
								<point>
									-1.19522 1.17706 -2.32267
									<!--BW_String-->
								</point>
								<point>
									-1.19522 1.17706 -2.24517
									<!--BW_String-->
								</point>
								<point>
									-1.19522 1.17706 -2.16767
									<!--BW_String-->
								</point>
								<point>
									-1.19522 1.17706 -2.09017
									<!--BW_String-->
								</point>
								<point>
									-1.19522 1.17706 -2.01267
									<!--BW_String-->
								</point>
								<point>
									-1.19522 1.17706 -1.93517
									<!--BW_String-->
								</point>
								<point>
									-1.19522 1.17706 -1.85767
									<!--BW_String-->
								</point>
								<point>
									-1.19522 1.17706 -1.78017
									<!--BW_String-->
								</point>
								<point>
									-1.19522 1.17706 -1.70267
									<!--BW_String-->
								</point>
								<point>
									-1.19522 1.17706 -1.62517
									<!--BW_String-->
								</point>
								<point>
									-1.19522 1.17706 -1.54767
									<!--BW_String-->
								</point>
								<point>
									-1.19522 1.17706 -1.47017
									<!--BW_String-->
								</point>
								<point>
									-1.19522 1.17706 -1.39267
									<!--BW_String-->
								</point>
								<point>
									-1.19522 1.17706 -1.31517
									<!--BW_String-->
								</point>
								<point>
									-1.19522 1.17706 -1.23767
									<!--BW_String-->
								</point>
								<point>
									-1.19522 1.17706 -1.16017
									<!--BW_String-->
								</point>
								<point>
									-1.19521 1.17706 -1.08267
									<!--BW_String-->
								</point>
								<point>
									-1.19521 1.17706 -1.00517
									<!--BW_String-->
								</point>
								<point>
									-1.51521 1.1768 -0.927665
									<!--BW_String-->
								</point>
								<point>
									-1.51521 1.17378 -0.850165
									<!--BW_String-->
								</point>
								<point>
									-1.51521 1.17076 -0.772666
									<!--BW_String-->
								</point>
								<point>
									-1.51521 1.16855 -0.695166
									<!--BW_String-->
								</point>
								<point>
									-1.51521 1.16922 -0.617665
									<!--BW_String-->
								</point>
								<point>
									-1.51521 1.16988 -0.540166
									<!--BW_String-->
								</point>
								<point>
									-1.51521 1.17306 -0.462666
									<!--BW_String-->
								</point>
								<point>
									-1.51521 1.17644 -0.385166
									<!--BW_String-->
								</point>
								<point>
									-1.19521 1.17705 -0.307666
									<!--BW_String-->
								</point>
								<point>
									-1.19521 1.17705 -0.230166
									<!--BW_String-->
								</point>
								<point>
									-1.19521 1.17705 -0.152666
									<!--BW_String-->
								</point>
								<point>
									-1.19521 1.17705 -0.0751661
									<!--BW_String-->
								</point>
								<point>
									-1.19521 1.17705 0.00233377
									<!--BW_String-->
								</point>
								<point>
									-1.19521 1.17705 0.0798336
									<!--BW_String-->
								</point>
								<point>
									-1.19521 1.17705 0.157333
									<!--BW_String-->
								</point>
								<point>
									-1.19521 1.17705 0.234834
									<!--BW_String-->
								</point>
								<point>
									-1.19521 1.17705 0.312334
									<!--BW_String-->
								</point>
								<point>
									-1.19521 1.17705 0.389834
									<!--BW_String-->
								</point>
								<point>
									-1.19521 1.17705 0.467334
									<!--BW_String-->
								</point>
								<point>
									-1.19521 1.17705 0.544834
									<!--BW_String-->
								</point>
								<point>
									-1.19521 1.17705 0.622334
									<!--BW_String-->
								</point>
								<point>
									-1.19521 1.17705 0.699834
									<!--BW_String-->
								</point>
								<point>
									-1.19521 1.17705 0.777334
									<!--BW_String-->
								</point>
								<point>
									-1.19521 1.17705 0.854834
									<!--BW_String-->
								</point>
								<point>
									-1.19521 1.17705 0.932334
									<!--BW_String-->
								</point>
								<point>
									-1.19521 1.17705 1.00983
									<!--BW_String-->
								</point>
								<point>
									-1.19521 1.17705 1.08733
									<!--BW_String-->
								</point>
								<point>
									-1.19521 1.17705 1.16483
									<!--BW_String-->
								</point>
								<point>
									-1.19521 1.17705 1.24233
									<!--BW_String-->
								</point>
								<point>
									-1.19521 1.17705 1.31983
									<!--BW_String-->
								</point>
								<point>
									-1.19521 1.17705 1.39733
									<!--BW_String-->
								</point>
								<point>
									-1.19521 1.17705 1.47483
									<!--BW_String-->
								</point>
								<point>
									-1.19521 1.17705 1.55233
									<!--BW_String-->
								</point>
								<point>
									-1.19521 1.17705 1.62983
									<!--BW_String-->
								</point>
								<point>
									-1.19521 1.17705 1.70733
									<!--BW_String-->
								</point>
								<point>
									-1.19521 1.17705 1.78483
									<!--BW_String-->
								</point>
								<point>
									-1.19521 1.17705 1.86233
									<!--BW_String-->
								</point>
								<point>
									-1.19521 1.17705 1.93983
									<!--BW_String-->
								</point>
								<point>
									-1.19521 1.17705 2.01733
									<!--BW_String-->
								</point>
								<point>
									-1.19521 1.17705 2.09483
									<!--BW_String-->
								</point>
								<point>
									-1.19521 1.17705 2.17233
									<!--BW_String-->
								</point>
								<point>
									-1.19521 1.17705 2.24983
									<!--BW_String-->
								</point>
								<point>
									-1.19521 1.17705 2.32733
									<!--BW_String-->
								</point>
								<point>
									-1.19521 1.17705 2.40483
									<!--BW_String-->
								</point>
								<point>
									-1.19521 1.17705 2.48233
									<!--BW_String-->
								</point>
								<point>
									-1.19521 1.17705 2.55983
									<!--BW_String-->
								</point>
								<point>
									-1.51521 1.17583 2.63733
									<!--BW_String-->
								</point>
								<point>
									-1.51521 1.17507 2.71483
									<!--BW_String-->
								</point>
								<point>
									-1.19521 1.17705 2.79233
									<!--BW_String-->
								</point>
								<point>
									-1.19521 1.17705 2.86983
									<!--BW_String-->
								</point>
								<point>
									-1.19521 1.17705 2.94733
									<!--BW_String-->
								</point>
								<point>
									-1.19521 1.17705 3.02483
									<!--BW_String-->
								</point>
								<point>
									-1.50521 1.17869 3.10233
									<!--BW_String-->
								</point>
								<point>
									-1.28521 1.17584 3.17983
									<!--BW_String-->
								</point>
								<point>
									-1.19521 1.17287 3.25733
									<!--BW_String-->
								</point>
								<point>
									-1.1952 1.15367 3.33483
									<!--BW_String-->
								</point>
								<point>
									-1.2552 1.13311 3.41233
									<!--BW_String-->
								</point>
								<point>
									-1.2552 1.0903 3.48983
									<!--BW_String-->
								</point>
								<point>
									-1.4052 1.02968 3.56733
									<!--BW_String-->
								</point>
							</range>
						</top>
						<bottom>
							<range>
								<point>
									-1.19521 0.774287 -2.47767
									<!--BW_String-->
								</point>
							</range>
							<range>
								<point>
									-1.19522 1.04263 -2.16767
									<!--BW_String-->
								</point>
								<point>
									-1.50521 1.03171 -2.09017
									<!--BW_String-->
								</point>
							</range>
							<range>
								<point>
									-1.19521 0.774086 -1.70267
									<!--BW_String-->
								</point>
							</range>
							<range>
								<point>
									-1.19521 0.774484 -0.927666
									<!--BW_String-->
								</point>
							</range>
							<range>
								<point>
									-1.19521 1.01823 -0.617666
									<!--BW_String-->
								</point>
								<point>
									-1.19521 1.04739 -0.540166
									<!--BW_String-->
								</point>
								<point>
									-1.19521 0.909368 -0.462666
									<!--BW_String-->
								</point>
							</range>
							<range>
								<point>
									-1.19521 0.774484 -0.152667
									<!--BW_String-->
								</point>
							</range>
							<range>
								<point>
									-1.20521 0.961403 0.157333
									<!--BW_String-->
								</point>
								<point>
									-1.19521 1.05116 0.234834
									<!--BW_String-->
								</point>
								<point>
									-1.19521 0.909405 0.312334
									<!--BW_String-->
								</point>
							</range>
							<range>
								<point>
									-1.1952 0.770359 0.622334
									<!--BW_String-->
								</point>
							</range>
							<range>
								<point>
									-1.1952 0.761918 1.39733
									<!--BW_String-->
								</point>
								<point>
									-1.1952 0.7625 1.47483
									<!--BW_String-->
								</point>
							</range>
							<range>
								<point>
									-1.1952 0.921888 1.70733
									<!--BW_String-->
								</point>
								<point>
									-1.19521 1.05369 1.78483
									<!--BW_String-->
								</point>
								<point>
									-1.1952 0.921753 1.86233
									<!--BW_String-->
								</point>
							</range>
							<range>
								<point>
									-1.1952 0.765911 2.24983
									<!--BW_String-->
								</point>
							</range>
						</bottom>
					</sourceCollisionHullPoints>
				</left>
				<right>
					<segmentsCount>98</segmentsCount>
					<segmentsOuterThickness>0.061432</segmentsOuterThickness>
					<segmentsInnerThickness>
						-0.0173292
						<!--BW_String-->
					</segmentsInnerThickness>
					<segmentsPlaneOffset>
						1.34521
						<!--BW_String-->
					</segmentsPlaneOffset>
					<springsLength>
						<backwardMovement>
							<back>0.157866</back>
							<top>
								0.14131
								<!--BW_String-->
							</top>
							<front>0.147109</front>
							<bottom>0.121245</bottom>
						</backwardMovement>
						<forwardMovement>
							<back>0.147575</back>
							<top>0.152151</top>
							<front>0.157067</front>
							<bottom>0.121245</bottom>
						</forwardMovement>
					</springsLength>
					<mainSegment>
						<model>vehicles/chinese/Ch41_WZ_111_5A/track/segment.model</model>
						<length>
							0.155
							<!--BW_String-->
						</length>
					</mainSegment>
					<collisionHull>
						<bottom>
							<part>
								<xStart>
									-2.15014
									<!--BW_String-->
								</xStart>
								<xStep>
									0.00999999
									<!--BW_String-->
								</xStep>
								<ySamples>
									0.954462 0.954462 0.954462 0.954462 0.954462 0.935353 0.917643
									<!--BW_String-->
								</ySamples>
							</part>
							<part>
								<xStart>
									-2.09014
									<!--BW_String-->
								</xStart>
								<xStep>
									0.0775002
									<!--BW_String-->
								</xStep>
								<ySamples>0.917643 0.877379 0.915672</ySamples>
							</part>
							<part>
								<xStart>
									-1.93514
									<!--BW_String-->
								</xStart>
								<xStep>
									0.00999999
									<!--BW_String-->
								</xStep>
								<ySamples>
									0.915672 0.93217 0.995944 0.985945 0.975944 0.965944 0.955944
									<!--BW_String-->
								</ySamples>
							</part>
							<part>
								<xStart>-0.600137</xStart>
								<xStep>
									0.01
									<!--BW_String-->
								</xStep>
								<ySamples>
									0.938187 0.938187 0.938187 0.938187 0.938187 0.938187 0.938187
									<!--BW_String-->
								</ySamples>
							</part>
							<part>
								<xStart>-0.540137</xStart>
								<xStep>
									0.0775001
									<!--BW_String-->
								</xStep>
								<ySamples>
									1.00819 0.879797 0.895423
									<!--BW_String-->
								</ySamples>
							</part>
							<part>
								<xStart>-0.385137</xStart>
								<xStep>
									0.01
									<!--BW_String-->
								</xStep>
								<ySamples>
									0.895423 0.903682 0.914738 0.930706 0.970478 1.05578 1.04578
									<!--BW_String-->
								</ySamples>
							</part>
							<part>
								<xStart>0.252365</xStart>
								<xStep>
									0.01
									<!--BW_String-->
								</xStep>
								<ySamples>
									1.07157 0.937315 0.918813 0.906628 0.897652 0.890832 0.885665
									<!--BW_String-->
								</ySamples>
							</part>
							<part>
								<xStart>0.312365</xStart>
								<xStep>
									0.0775003
									<!--BW_String-->
								</xStep>
								<ySamples>0.885665 0.885405</ySamples>
							</part>
							<part>
								<xStart>0.389865</xStart>
								<xStep>
									0.01
									<!--BW_String-->
								</xStep>
								<ySamples>
									0.885405 0.890485 0.897196 0.906024 0.91797 0.935896 1.06931
									<!--BW_String-->
								</ySamples>
							</part>
							<part>
								<xStart>
									1.80237
									<!--BW_String-->
								</xStart>
								<xStep>
									0.00999999
									<!--BW_String-->
								</xStep>
								<ySamples>
									1.06127 1.06127 0.938298 0.919386 0.907037 0.89796 0.891067
									<!--BW_String-->
								</ySamples>
							</part>
							<part>
								<xStart>
									1.86237
									<!--BW_String-->
								</xStart>
								<xStep>
									0.0775003
									<!--BW_String-->
								</xStep>
								<ySamples>0.891067 0.881564</ySamples>
							</part>
							<part>
								<xStart>
									1.93987
									<!--BW_String-->
								</xStart>
								<xStep>
									0.00999999
									<!--BW_String-->
								</xStep>
								<ySamples>
									0.881564 0.885234 0.890257 0.896897 0.905628 0.917418 0.934983
									<!--BW_String-->
								</ySamples>
							</part>
						</bottom>
						<top>
							<part>
								<xStart>
									-3.33014
									<!--BW_String-->
								</xStart>
								<xStep>
									0.0775002
									<!--BW_String-->
								</xStep>
								<ySamples>
									1.09929 1.09888 1.09852 1.09811 1.09776 1.09734 1.09705 1.09687 1.09668 1.0965 1.07468 1.07468 1.07468 1.07468 1.07168 1.07052 1.06971 1.0696 1.0681 1.0673 1.06689 1.06689 1.06689 1.06689 1.06689 1.06689 1.06736 1.07086 1.07436 1.07468 1.07468 1.07468 1.07468 1.07468 1.07468 1.07468 1.07468 1.07468 1.07468 1.07468 1.07468 1.07468 1.07468 1.07468 1.07468 1.07468 1.07468 1.07468 1.07468 1.07468 1.07468 1.07468 1.07468 1.07468 1.07468 1.07468 1.07468 1.07468 1.07468 1.07468 1.07468 1.07468 1.07468 1.07468 1.07468 1.07468 1.07468 1.07468 1.07468 1.07468 1.07468 1.07468 1.07468 1.07468 1.07468 1.07468 1.07468 1.07468 1.07468 1.07468 1.07468 1.07468 1.07468 1.07614 1.07244 1.06882 1.04099 1.01572 0.968373 0.88608
									<!--BW_String-->
								</ySamples>
							</part>
						</top>
					</collisionHull>
					<bottomWheels>
						<wheel>WD_R5</wheel>
						<wheel>W_R6</wheel>
						<wheel>W_R5</wheel>
						<wheel>W_R4</wheel>
						<wheel>W_R3</wheel>
						<wheel>W_R2</wheel>
						<wheel>W_R1</wheel>
						<wheel>W_R0</wheel>
						<wheel>WD_R0</wheel>
					</bottomWheels>
					<snapWheels>
						<topFront>
							<wheelName>WD_R0</wheelName>
							<basePos>
								3.26448 0.726655
								<!--BW_String-->
							</basePos>
							<shiftVec>0.227533 0.176399</shiftVec>
							<jointIdx>10</jointIdx>
						</topFront>
						<topBack>
							<wheelName>WD_R5</wheelName>
							<basePos>
								-3.1696 0.686302
								<!--BW_String-->
							</basePos>
							<shiftVec>-0.280696 0.188868</shiftVec>
							<jointIdx>56</jointIdx>
						</topBack>
						<bottomBack>
							<wheelName>W_R6</wheelName>
							<basePos>
								-2.30803 0.320698
								<!--BW_String-->
							</basePos>
							<shiftVec>
								0.0519905 -0.282534
								<!--BW_String-->
							</shiftVec>
							<jointIdx>67</jointIdx>
						</bottomBack>
						<bottomFront>
							<wheelName>W_R0</wheelName>
							<basePos>
								2.4003 0.320698
								<!--BW_String-->
							</basePos>
							<shiftVec>0.053628 -0.277398</shiftVec>
							<jointIdx>0</jointIdx>
						</bottomFront>
					</snapWheels>
					<radiusOverrides>
						<wheel>
							<name>WD_R5</name>
							<radius>0.336858</radius>
						</wheel>
						<wheel>
							<name>WD_R4</name>
							<radius>
								0.08
								<!--BW_String-->
							</radius>
						</wheel>
						<wheel>
							<name>WD_R3</name>
							<radius>
								0.08
								<!--BW_String-->
							</radius>
						</wheel>
						<wheel>
							<name>WD_R2</name>
							<radius>
								0.1
								<!--BW_String-->
							</radius>
						</wheel>
						<wheel>
							<name>WD_R1</name>
							<radius>
								0.1
								<!--BW_String-->
							</radius>
						</wheel>
						<wheel>
							<name>WD_R0</name>
							<radius>
								0.3
								<!--BW_String-->
							</radius>
						</wheel>
					</radiusOverrides>
					<teethSyncs>
						<syncWithMainModel>true</syncWithMainModel>
						<segmentSyncPivotOffset>
							1.343
							<!--BW_String-->
						</segmentSyncPivotOffset>
						<sync>
							<name>WD_R5</name>
							<startAngle>
								-203.486
								<!--BW_String-->
							</startAngle>
							<teethCount>14</teethCount>
						</sync>
						<sync>
							<name>WD_R0</name>
							<startAngle>
								-206.32
								<!--BW_String-->
							</startAngle>
							<teethCount>14</teethCount>
						</sync>
					</teethSyncs>
					<sourceCollisionHullPoints>
						<top>
							<range>
								<point>
									1.31521 1.20171 -3.33016
									<!--BW_String-->
								</point>
								<point>
									1.35521 1.2013 -3.25266
									<!--BW_String-->
								</point>
								<point>
									1.38521 1.20094 -3.17516
									<!--BW_String-->
								</point>
								<point>
									1.42521 1.20053 -3.09766
									<!--BW_String-->
								</point>
								<point>
									1.45521 1.20018 -3.02016
									<!--BW_String-->
								</point>
								<point>
									1.49522 1.19976 -2.94266
									<!--BW_String-->
								</point>
								<point>
									1.51522 1.19947 -2.86516
									<!--BW_String-->
								</point>
								<point>
									1.51522 1.19929 -2.78766
									<!--BW_String-->
								</point>
								<point>
									1.51522 1.19911 -2.71016
									<!--BW_String-->
								</point>
								<point>
									1.51522 1.19893 -2.63266
									<!--BW_String-->
								</point>
								<point>
									1.19522 1.1771 -2.55516
									<!--BW_String-->
								</point>
								<point>
									1.19522 1.1771 -2.47766
									<!--BW_String-->
								</point>
								<point>
									1.19522 1.1771 -2.40016
									<!--BW_String-->
								</point>
								<point>
									1.19522 1.1771 -2.32266
									<!--BW_String-->
								</point>
								<point>
									1.19522 1.17409 -2.24516
									<!--BW_String-->
								</point>
								<point>
									1.24522 1.17294 -2.16766
									<!--BW_String-->
								</point>
								<point>
									1.30522 1.17213 -2.09016
									<!--BW_String-->
								</point>
								<point>
									1.36522 1.17133 -2.01266
									<!--BW_String-->
								</point>
								<point>
									1.42522 1.17052 -1.93516
									<!--BW_String-->
								</point>
								<point>
									1.48522 1.16972 -1.85766
									<!--BW_String-->
								</point>
								<point>
									1.51522 1.16931 -1.78016
									<!--BW_String-->
								</point>
								<point>
									1.51522 1.16931 -1.70266
									<!--BW_String-->
								</point>
								<point>
									1.51522 1.16931 -1.62516
									<!--BW_String-->
								</point>
								<point>
									1.51522 1.16931 -1.54766
									<!--BW_String-->
								</point>
								<point>
									1.51522 1.16931 -1.47016
									<!--BW_String-->
								</point>
								<point>
									1.51522 1.16931 -1.39266
									<!--BW_String-->
								</point>
								<point>
									1.51522 1.16978 -1.31516
									<!--BW_String-->
								</point>
								<point>
									1.51522 1.17328 -1.23766
									<!--BW_String-->
								</point>
								<point>
									1.51522 1.17678 -1.16016
									<!--BW_String-->
								</point>
								<point>
									1.19522 1.1771 -1.08266
									<!--BW_String-->
								</point>
								<point>
									1.19522 1.1771 -1.00516
									<!--BW_String-->
								</point>
								<point>
									1.19522 1.1771 -0.927658
									<!--BW_String-->
								</point>
								<point>
									1.19522 1.1771 -0.850158
									<!--BW_String-->
								</point>
								<point>
									1.19522 1.1771 -0.772658
									<!--BW_String-->
								</point>
								<point>
									1.19522 1.1771 -0.695158
									<!--BW_String-->
								</point>
								<point>
									1.19522 1.1771 -0.617658
									<!--BW_String-->
								</point>
								<point>
									1.19522 1.1771 -0.540158
									<!--BW_String-->
								</point>
								<point>
									1.19522 1.1771 -0.462657
									<!--BW_String-->
								</point>
								<point>
									1.19522 1.1771 -0.385158
									<!--BW_String-->
								</point>
								<point>
									1.19522 1.1771 -0.307657
									<!--BW_String-->
								</point>
								<point>
									1.19522 1.1771 -0.230157
									<!--BW_String-->
								</point>
								<point>
									1.19522 1.1771 -0.152657
									<!--BW_String-->
								</point>
								<point>
									1.19522 1.1771 -0.0751566
									<!--BW_String-->
								</point>
								<point>
									1.19522 1.1771 0.00234373
									<!--BW_String-->
								</point>
								<point>
									1.19522 1.1771 0.0798436
									<!--BW_String-->
								</point>
								<point>
									1.19522 1.1771 0.157344
									<!--BW_String-->
								</point>
								<point>
									1.19522 1.1771 0.234844
									<!--BW_String-->
								</point>
								<point>
									1.19522 1.1771 0.312344
									<!--BW_String-->
								</point>
								<point>
									1.19522 1.1771 0.389844
									<!--BW_String-->
								</point>
								<point>
									1.19522 1.1771 0.467345
									<!--BW_String-->
								</point>
								<point>
									1.19522 1.1771 0.544845
									<!--BW_String-->
								</point>
								<point>
									1.19522 1.1771 0.622345
									<!--BW_String-->
								</point>
								<point>
									1.19522 1.1771 0.699845
									<!--BW_String-->
								</point>
								<point>
									1.19522 1.1771 0.777345
									<!--BW_String-->
								</point>
								<point>
									1.19522 1.1771 0.854846
									<!--BW_String-->
								</point>
								<point>
									1.19522 1.1771 0.932346
									<!--BW_String-->
								</point>
								<point>
									1.19522 1.1771 1.00985
									<!--BW_String-->
								</point>
								<point>
									1.19522 1.17709 1.08735
									<!--BW_String-->
								</point>
								<point>
									1.19522 1.17709 1.16485
									<!--BW_String-->
								</point>
								<point>
									1.19523 1.17709 1.24235
									<!--BW_String-->
								</point>
								<point>
									1.19523 1.17709 1.31985
									<!--BW_String-->
								</point>
								<point>
									1.19523 1.17709 1.39735
									<!--BW_String-->
								</point>
								<point>
									1.19523 1.17709 1.47485
									<!--BW_String-->
								</point>
								<point>
									1.19523 1.17709 1.55235
									<!--BW_String-->
								</point>
								<point>
									1.19523 1.17709 1.62985
									<!--BW_String-->
								</point>
								<point>
									1.19523 1.17709 1.70735
									<!--BW_String-->
								</point>
								<point>
									1.19523 1.17709 1.78485
									<!--BW_String-->
								</point>
								<point>
									1.19523 1.17709 1.86235
									<!--BW_String-->
								</point>
								<point>
									1.19523 1.17709 1.93985
									<!--BW_String-->
								</point>
								<point>
									1.19523 1.17709 2.01735
									<!--BW_String-->
								</point>
								<point>
									1.19523 1.17709 2.09485
									<!--BW_String-->
								</point>
								<point>
									1.19523 1.17709 2.17235
									<!--BW_String-->
								</point>
								<point>
									1.19523 1.17709 2.24985
									<!--BW_String-->
								</point>
								<point>
									1.19523 1.17709 2.32735
									<!--BW_String-->
								</point>
								<point>
									1.19523 1.17709 2.40485
									<!--BW_String-->
								</point>
								<point>
									1.19523 1.17709 2.48235
									<!--BW_String-->
								</point>
								<point>
									1.19523 1.17709 2.55985
									<!--BW_String-->
								</point>
								<point>
									1.19523 1.17709 2.63735
									<!--BW_String-->
								</point>
								<point>
									1.19523 1.17709 2.71485
									<!--BW_String-->
								</point>
								<point>
									1.19523 1.17709 2.79235
									<!--BW_String-->
								</point>
								<point>
									1.19523 1.17709 2.86985
									<!--BW_String-->
								</point>
								<point>
									1.19523 1.17709 2.94735
									<!--BW_String-->
								</point>
								<point>
									1.19523 1.17709 3.02485
									<!--BW_String-->
								</point>
								<point>
									1.51523 1.17856 3.10235
									<!--BW_String-->
								</point>
								<point>
									1.51523 1.17486 3.17985
									<!--BW_String-->
								</point>
								<point>
									1.51523 1.17124 3.25735
									<!--BW_String-->
								</point>
								<point>
									1.51523 1.14341 3.33485
									<!--BW_String-->
								</point>
								<point>
									1.51523 1.11814 3.41235
									<!--BW_String-->
								</point>
								<point>
									1.51523 1.07079 3.48985
									<!--BW_String-->
								</point>
								<point>
									1.42523 0.988499 3.56735
									<!--BW_String-->
								</point>
							</range>
						</top>
						<bottom>
							<range>
								<point>
									1.19522 0.758709 -2.40016
									<!--BW_String-->
								</point>
							</range>
							<range>
								<point>
									1.19522 0.926205 -2.09016
									<!--BW_String-->
								</point>
								<point>
									1.19522 1.0535 -2.01266
									<!--BW_String-->
								</point>
								<point>
									1.19522 0.917687 -1.93516
									<!--BW_String-->
								</point>
							</range>
							<range>
								<point>
									1.19523 0.761785 -1.62516
									<!--BW_String-->
								</point>
							</range>
							<range>
								<point>
									1.19523 0.76251 -0.772658
									<!--BW_String-->
								</point>
							</range>
							<range>
								<point>
									1.19523 0.909929 -0.540158
									<!--BW_String-->
								</point>
								<point>
									1.20522 1.0478 -0.462657
									<!--BW_String-->
								</point>
								<point>
									1.19522 1.00752 -0.385158
									<!--BW_String-->
								</point>
							</range>
							<range>
								<point>
									1.19523 0.76501 0.00234365
									<!--BW_String-->
								</point>
							</range>
							<range>
								<point>
									1.19523 1.04331 0.312344
									<!--BW_String-->
								</point>
								<point>
									1.48523 1.03106 0.389844
									<!--BW_String-->
								</point>
							</range>
							<range>
								<point>
									1.19523 0.769459 0.777345
									<!--BW_String-->
								</point>
							</range>
							<range>
								<point>
									1.19523 0.773684 1.55235
									<!--BW_String-->
								</point>
							</range>
							<range>
								<point>
									1.20523 1.03301 1.86235
									<!--BW_String-->
								</point>
								<point>
									1.19523 1.04226 1.93985
									<!--BW_String-->
								</point>
							</range>
							<range>
								<point>
									1.19523 0.770152 2.32735
									<!--BW_String-->
								</point>
							</range>
						</bottom>
					</sourceCollisionHullPoints>
				</right>
			</physicalTracks>
			<customization>
				<customizableVehicleAreas>
					<paint/>
					<camouflage/>
				</customizableVehicleAreas>
			</customization>
		</Chassis_Ch41_WZ_111_QL>
	</chassis>
	<turrets0>
		<Turret_1_Ch41_WZ_111_QL>
			<userString>#china_vehicles:Turret_1_Ch41_WZ_111_QL</userString>
			<tags/>
			<level>10</level>
			<price>66000</price>
			<notInShop>true</notInShop>
			<armor>
				<armor_1>300</armor_1>
				<armor_2>230</armor_2>
				<armor_3>130</armor_3>
				<armor_4>60</armor_4>
				<armor_5>55</armor_5>
				<armor_6>30</armor_6>
				<armor_7>100</armor_7>
				<armor_8>0</armor_8>
				<armor_9>150</armor_9>
				<armor_10>180</armor_10>
				<armor_11>260</armor_11>
				<armor_12>210</armor_12>
				<armor_13>115</armor_13>
				<armor_14>80</armor_14>
				<armor_15>210</armor_15>
				<armor_16>120</armor_16>
			</armor>
			<primaryArmor>armor_1 armor_10 armor_4</primaryArmor>
			<weight>15000</weight>
			<maxHealth>440</maxHealth>
			<rotationSpeed>30</rotationSpeed>
			<turretRotatorHealth>
				<maxHealth>170</maxHealth>
				<maxRegenHealth>85</maxRegenHealth>
				<repairCost>
					1.0
					<!--BW_String-->
				</repairCost>
			</turretRotatorHealth>
			<circularVisionRadius>400</circularVisionRadius>
			<surveyingDeviceHealth>
				<maxHealth>120</maxHealth>
				<maxRegenHealth>60</maxRegenHealth>
				<repairCost>
					1.0
					<!--BW_String-->
				</repairCost>
			</surveyingDeviceHealth>
			<guns>
				<_130mm_59_130TA_QL>
					shared
					<maxAmmo>40</maxAmmo>
					<pitchLimits>
						<minPitch>0 -23 1 -23</minPitch>
						<maxPitch>
							0 7 0.366894 7 0.430556 1 0.569444 1 0.633106 7 1 7
							<!--BW_String-->
						</maxPitch>
					</pitchLimits>
					<armor>
						<armor_1>
							300
							<vehicleDamageFactor>
								0.0
								<!--BW_String-->
							</vehicleDamageFactor>
						</armor_1>
						<armor_2>
							100
							<vehicleDamageFactor>
								0.0
								<!--BW_String-->
							</vehicleDamageFactor>
						</armor_2>
						<armor_3>
							100
							<vehicleDamageFactor>
								0.0
								<!--BW_String-->
							</vehicleDamageFactor>
						</armor_3>
						<armor_4>
							0
							<vehicleDamageFactor>
								0.0
								<!--BW_String-->
							</vehicleDamageFactor>
						</armor_4>
						<armor_5>
							30
							<vehicleDamageFactor>
								0.0
								<!--BW_String-->
							</vehicleDamageFactor>
						</armor_5>
						<armor_6>
							50
							<vehicleDamageFactor>
								0.0
								<!--BW_String-->
							</vehicleDamageFactor>
						</armor_6>
						<armor_7>
							270
							<vehicleDamageFactor>
								0.0
								<!--BW_String-->
							</vehicleDamageFactor>
						</armor_7>
						<armor_8>
							210
							<vehicleDamageFactor>
								0.0
								<!--BW_String-->
							</vehicleDamageFactor>
						</armor_8>
						<armor_9>
							150
							<vehicleDamageFactor>
								0.0
								<!--BW_String-->
							</vehicleDamageFactor>
						</armor_9>
						<armor_10>
							100
							<vehicleDamageFactor>
								0.0
								<!--BW_String-->
							</vehicleDamageFactor>
						</armor_10>
						<gun>50</gun>
					</armor>
					<shotDispersionRadius>
						0.39
						<!--BW_String-->
					</shotDispersionRadius>
					<reloadTime>
						12.9
						<!--BW_String-->
					</reloadTime>
					<aimingTime>
						2.5
						<!--BW_String-->
					</aimingTime>
					<shotDispersionFactors>
						<turretRotation>
							0.08
							<!--BW_String-->
						</turretRotation>
						<afterShot>
							4.0
							<!--BW_String-->
						</afterShot>
						<whileGunDamaged>
							2.0
							<!--BW_String-->
						</whileGunDamaged>
					</shotDispersionFactors>
					<invisibilityFactorAtShot>
						0.153
						<!--BW_String-->
					</invisibilityFactorAtShot>
					<models>
						<undamaged>vehicles/chinese/Ch41_WZ_111_QL/normal/lod0/Gun_01.model</undamaged>
						<destroyed>vehicles/chinese/Ch41_WZ_111_QL/crash/lod0/Gun_01.model</destroyed>
						<exploded>vehicles/chinese/Ch41_WZ_111_QL/crash/lod0/Gun_01.model</exploded>
					</models>
					<hitTester>
						<collisionModelServer>vehicles/chinese/Ch41_WZ_111_QL/collision/Gun_01.model</collisionModelServer>
						<collisionModelClient>vehicles/chinese/Ch41_WZ_111_QL/collision_client/Gun_01.model</collisionModelClient>
					</hitTester>
					<recoil>
						<recoilEffect>medium</recoilEffect>
						<lodDist>MEDIUM</lodDist>
						<amplitude>
							0.5
							<!--BW_String-->
						</amplitude>
					</recoil>
					<effects>shot_120mm_qqf</effects>
					<animateEmblemSlots>false</animateEmblemSlots>
					<customization>
						<customizableVehicleAreas>
							<paint/>
							<camouflage/>
						</customizableVehicleAreas>
					</customization>
					<camouflage>
						<density>
							142.396 145.816
							<!--BW_String-->
						</density>
						<aoTextureSize>512 512</aoTextureSize>
					</camouflage>
				</_130mm_59_130TA_QL>
			</guns>
			<models>
				<undamaged>vehicles/chinese/Ch41_WZ_111_QL/normal/lod0/Turret_01.model</undamaged>
				<destroyed>vehicles/chinese/Ch41_WZ_111_QL/crash/lod0/Turret_01.model</destroyed>
				<exploded>vehicles/chinese/Ch41_WZ_111_QL/crash/lod0/Turret_01.model</exploded>
			</models>
			<hitTester>
				<collisionModelServer>vehicles/chinese/Ch41_WZ_111_QL/collision/Turret_01.model</collisionModelServer>
				<collisionModelClient>vehicles/chinese/Ch41_WZ_111_QL/collision_client/Turret_01.model</collisionModelClient>
			</hitTester>
			<gunPosition>
				-0.005454 0.334779 1.28907
				<!--BW_String-->
			</gunPosition>
			<wwturretRotatorSoundManual>tur_mech_trav</wwturretRotatorSoundManual>
			<showEmblemsOnGun>false</showEmblemsOnGun>
			<physicsShape>
				1.019 -0.018 1.045 0.000 0.492 0.411 0.568 0.479 0.500 0.500 0.386 0.500 0.181 0.852 0.302
				<!--BW_String-->
			</physicsShape>
			<customization>
				<customizableVehicleAreas>
					<paint/>
					<camouflage/>
				</customizableVehicleAreas>
			</customization>
			<customizationSlots>
				<slot>
					<slotType>player</slotType>
					<slotId>33000</slotId>
					<rayStart>
						-0.706846 0.508961 1.52492
						<!--BW_String-->
					</rayStart>
					<rayEnd>
						-0.561644 0.386467 1.41798
						<!--BW_String-->
					</rayEnd>
					<rayUp>
						-0.0908666 0.989604 -0.111474
						<!--BW_String-->
					</rayUp>
					<size>
						0.23
						<!--BW_String-->
					</size>
					<hideIfDamaged>false</hideIfDamaged>
					<isUVProportional>true</isUVProportional>
				</slot>
			</customizationSlots>
			<camouflage>
				<density>
					109.291 108.565
					<!--BW_String-->
				</density>
				<aoTextureSize>1024 512</aoTextureSize>
			</camouflage>
		</Turret_1_Ch41_WZ_111_QL>
	</turrets0>
	<engines>
		<V_2_54SC_QL>shared</V_2_54SC_QL>
	</engines>
	<fuelTanks>
		<Large>shared</Large>
	</fuelTanks>
	<radios>
		<A_220B_1_QL>shared</A_220B_1_QL>
	</radios>
	<clientAdjustmentFactors/>
	<physics>
		<detailed>
			<engines>
				<V_2_54SC_QL>
					<smplEnginePower>
						792.9609
						<!--BW_String-->
					</smplEnginePower>
					<smplFwMaxSpeed>50</smplFwMaxSpeed>
				</V_2_54SC_QL>
			</engines>
			<chassis>
				<Chassis_Ch41_WZ_111_QL>
					<axleCount>5</axleCount>
					<grounds>
						<soft>
							<rollingFriction>
								0.20125
								<!--BW_String-->
							</rollingFriction>
						</soft>
						<medium>
							<rollingFriction>
								0.0966
								<!--BW_String-->
							</rollingFriction>
						</medium>
						<firm>
							<rollingFriction>
								0.08855
								<!--BW_String-->
							</rollingFriction>
						</firm>
					</grounds>
				</Chassis_Ch41_WZ_111_QL>
			</chassis>
		</detailed>
	</physics>
	<effects>
		<collision/>
		<damagedStateGroup>large</damagedStateGroup>
	</effects>
	<emblems>
		<default>15505</default>
		<lodDist>MEDIUM</lodDist>
		<alpha>1</alpha>
	</emblems>
	<customDefaultCamouflage>true</customDefaultCamouflage>
</root>
