<?xml version="1.0" encoding="utf-8"?>
<root>
	<xmlns:xmlref>http://bwt/xmlref</xmlns:xmlref>
	<crew>
		<commander/>
		<driver/>
		<gunner/>
		<loader>radioman</loader>
	</crew>
	<supplySlots>5 1 1 6 6 6 7 8 8 8</supplySlots>
	<speedLimits>
		<forward>
			34.3
			<!--BW_String-->
		</forward>
		<backward>12</backward>
	</speedLimits>
	<invisibility>
		<moving>
			0.048
			<!--BW_String-->
		</moving>
		<still>
			0.097
			<!--BW_String-->
		</still>
		<camouflageBonus>
			0.02
			<!--BW_String-->
		</camouflageBonus>
		<firePenalty>
			0.146
			<!--BW_String-->
		</firePenalty>
	</invisibility>
	<optDevsOverrides>
		<camouflageNet>
			<invisibilityBonus>
				0.05 0.075
				<!--BW_String-->
			</invisibilityBonus>
		</camouflageNet>
		<additionalInvisibilityDevice>
			<invisibilityBonus>
				0.03 0.04
				<!--BW_String-->
			</invisibilityBonus>
		</additionalInvisibilityDevice>
	</optDevsOverrides>
	<repairCost>
		7.5
		<!--BW_String-->
	</repairCost>
	<crewXpFactor>
		1.0
		<!--BW_String-->
	</crewXpFactor>
	<camouflage>
		<priceFactor>
			1.6
			<!--BW_String-->
		</priceFactor>
		<tiling>1 1 0 0</tiling>
		<exclusionMask/>
	</camouflage>
	<hull>
		<armor>
			<armor_1>130</armor_1>
			<armor_2>
				76.2
				<!--BW_String-->
			</armor_2>
			<armor_3>130</armor_3>
			<armor_4>
				38.1
				<!--BW_String-->
			</armor_4>
			<armor_6>17</armor_6>
			<armor_7>
				44.5
				<!--BW_String-->
			</armor_7>
			<armor_8>0</armor_8>
			<armor_9>
				50.8
				<!--BW_String-->
			</armor_9>
			<armor_10>
				31.8
				<!--BW_String-->
			</armor_10>
			<armor_11>30</armor_11>
			<armor_13>254</armor_13>
			<armor_14>
				44.5
				<!--BW_String-->
			</armor_14>
			<armor_15>20</armor_15>
			<armor_16>
				6
				<vehicleDamageFactor>
					0.0
					<!--BW_String-->
				</vehicleDamageFactor>
			</armor_16>
		</armor>
		<primaryArmor>armor_1 armor_9 armor_4</primaryArmor>
		<weight>35270</weight>
		<maxHealth>1200</maxHealth>
		<ammoBayHealth>
			<maxHealth>240</maxHealth>
			<maxRegenHealth>160</maxRegenHealth>
			<repairCost>
				1.0
				<!--BW_String-->
			</repairCost>
		</ammoBayHealth>
		<models>
			<undamaged>vehicles/british/GB11_Caernarvon/normal/lod0/Hull.model</undamaged>
			<destroyed>vehicles/british/GB11_Caernarvon/crash/lod0/Hull.model</destroyed>
			<exploded>vehicles/british/GB11_Caernarvon/crash/lod0/Hull.model</exploded>
		</models>
		<swinging>
			<lodDist>FAR</lodDist>
			<pitchParams>
				0.24 34.00 0.40 1.00 0.05 0.30
				<!--BW_String-->
			</pitchParams>
			<rollParams>
				1.00 0.26 34.00 0.40 1.00 0.05 0.30
				<!--BW_String-->
			</rollParams>
			<sensitivityToImpulse>
				0.4
				<!--BW_String-->
			</sensitivityToImpulse>
		</swinging>
		<exhaust>
			<pixie>gas_large</pixie>
			<nodes>HP_Track_Exhaus_1 HP_Track_Exhaus_2</nodes>
		</exhaust>
		<turretPositions>
			<turret>
				0.000000 0.618102 0.54566
				<!--BW_String-->
			</turret>
		</turretPositions>
		<hitTester>
			<collisionModelServer>vehicles/british/GB11_Caernarvon/collision/Hull.model</collisionModelServer>
			<collisionModelClient>vehicles/british/GB11_Caernarvon/collision_client/Hull.model</collisionModelClient>
		</hitTester>
		<hangarShadowTexture>vehicles/british/GB11_Caernarvon/Caernarvon_HangarShadowMap.dds</hangarShadowTexture>
		<customization>
			<customizableVehicleAreas>
				<paint>HULL</paint>
				<camouflage>HULL</camouflage>
			</customizableVehicleAreas>
		</customization>
		<customizationSlots>
			<slot>
				<slotType>clan</slotType>
				<slotId>10000</slotId>
				<rayStart>
					-0.000622176 0.102195 3.36344
					<!--BW_String-->
				</rayStart>
				<rayEnd>
					-0.000622176 -0.07101 3.26344
					<!--BW_String-->
				</rayEnd>
				<rayUp>
					0.000000 0.000000 -1
					<!--BW_String-->
				</rayUp>
				<size>
					0.26
					<!--BW_String-->
				</size>
				<hideIfDamaged>false</hideIfDamaged>
				<isUVProportional>true</isUVProportional>
			</slot>
			<slot>
				<slotType>inscription</slotType>
				<slotId>14000</slotId>
				<rayStart>
					-0.368036 0.493363 2.88503
					<!--BW_String-->
				</rayStart>
				<rayEnd>
					-0.368036 0.14616 2.68641
					<!--BW_String-->
				</rayEnd>
				<rayUp>
					0.000000 0.000000 -1
					<!--BW_String-->
				</rayUp>
				<size>
					0.87
					<!--BW_String-->
				</size>
				<hideIfDamaged>true</hideIfDamaged>
				<isUVProportional>true</isUVProportional>
			</slot>
		</customizationSlots>
		<camouflage>
			<tiling>
				1.12 1.12 0.000000 0.000000
				<!--BW_String-->
			</tiling>
			<density>
				83.5198 83.485
				<!--BW_String-->
			</density>
			<aoTextureSize>1024 1024</aoTextureSize>
		</camouflage>
	</hull>
	<chassis>
		<Chassis_GB11_Caernarvon_2_IGR>
			<userString>#igr_vehicles:Chassis_GB11_Caernarvon_IGR</userString>
			<tags/>
			<level>8</level>
			<price>30500</price>
			<notInShop>true</notInShop>
			<armor>
				<leftTrack>25</leftTrack>
				<rightTrack>25</rightTrack>
			</armor>
			<weight>12000</weight>
			<maxLoad>63000</maxLoad>
			<terrainResistance>
				1.1 1.3 2.3
				<!--BW_String-->
			</terrainResistance>
			<brakeForce>48000</brakeForce>
			<rotationIsAroundCenter>true</rotationIsAroundCenter>
			<rotationSpeed>24</rotationSpeed>
			<shotDispersionFactors>
				<vehicleMovement>
					0.14
					<!--BW_String-->
				</vehicleMovement>
				<vehicleRotation>
					0.14
					<!--BW_String-->
				</vehicleRotation>
			</shotDispersionFactors>
			<bulkHealthFactor>
				3.0
				<!--BW_String-->
			</bulkHealthFactor>
			<maxHealth>220</maxHealth>
			<maxRegenHealth>165</maxRegenHealth>
			<repairCost>
				5.0
				<!--BW_String-->
			</repairCost>
			<models>
				<undamaged>vehicles/british/GB11_Caernarvon/normal/lod0/Chassis.model</undamaged>
				<destroyed>vehicles/british/GB11_Caernarvon/crash/lod0/Chassis.model</destroyed>
				<exploded>vehicles/british/GB11_Caernarvon/crash/lod0/Chassis.model</exploded>
			</models>
			<traces>
				<lodDist>FAR</lodDist>
				<bufferPrefs>largeTank</bufferPrefs>
				<textureSet>germany_02</textureSet>
				<size>
					0.5 0.78
					<!--BW_String-->
				</size>
			</traces>
			<tracks>
				<lodDist>MEDIUM_TRACK</lodDist>
				<leftMaterial>track_mat_L_skinned</leftMaterial>
				<rightMaterial>track_mat_R_skinned</rightMaterial>
				<textureScale>
					-1.55
					<!--BW_String-->
				</textureScale>
			</tracks>
			<wheels>
				<lodDist>MEDIUM</lodDist>
				<wheel>
					<isLeft>false</isLeft>
					<isLeading>true</isLeading>
					<name>WD_R0</name>
					<radius>0.428109</radius>
					<syncAngle>
						18.9474
						<!--BW_String-->
					</syncAngle>
				</wheel>
				<group>
					<isLeft>false</isLeft>
					<template>WD_R</template>
					<radius>
						0.1375
						<!--BW_String-->
					</radius>
					<startIndex>1</startIndex>
					<count>4</count>
				</group>
				<wheel>
					<isLeft>false</isLeft>
					<isLeading>true</isLeading>
					<name>WD_R5</name>
					<radius>0.441854</radius>
					<syncAngle>
						18.9474
						<!--BW_String-->
					</syncAngle>
				</wheel>
				<group>
					<isLeft>false</isLeft>
					<template>W_R</template>
					<radius>0.239226</radius>
					<startIndex>0</startIndex>
					<count>8</count>
				</group>
				<wheel>
					<isLeft>true</isLeft>
					<isLeading>true</isLeading>
					<name>WD_L0</name>
					<radius>0.428109</radius>
					<syncAngle>
						18.9474
						<!--BW_String-->
					</syncAngle>
				</wheel>
				<group>
					<isLeft>true</isLeft>
					<template>WD_L</template>
					<radius>
						0.1375
						<!--BW_String-->
					</radius>
					<startIndex>1</startIndex>
					<count>4</count>
				</group>
				<wheel>
					<isLeft>true</isLeft>
					<isLeading>true</isLeading>
					<name>WD_L5</name>
					<radius>0.441854</radius>
					<syncAngle>
						18.9474
						<!--BW_String-->
					</syncAngle>
				</wheel>
				<group>
					<isLeft>true</isLeft>
					<template>W_L</template>
					<radius>0.239513</radius>
					<startIndex>0</startIndex>
					<count>8</count>
				</group>
			</wheels>
			<drivingWheels>WD_L0 WD_L5</drivingWheels>
			<effects>
				<lodDist>MEDIUM</lodDist>
				<mud>largeTankMud</mud>
			</effects>
			<wwsoundPC>treads_type_pc</wwsoundPC>
			<wwsoundNPC>trds_chf_npc</wwsoundNPC>
			<hullPosition>
				0.000000 1.21618 0.000000
				<!--BW_String-->
			</hullPosition>
			<hitTester>
				<collisionModelServer>vehicles/british/GB11_Caernarvon/collision/Chassis.model</collisionModelServer>
				<collisionModelClient>vehicles/british/GB11_Caernarvon/collision_client/Chassis.model</collisionModelClient>
			</hitTester>
			<topRightCarryingPoint>
				1.51813 2.50191
				<!--BW_String-->
			</topRightCarryingPoint>
			<maxClimbAngle>25</maxClimbAngle>
			<navmeshGirth>
				6.0
				<!--BW_String-->
			</navmeshGirth>
			<AODecals>
				<decal>
					<transform>
						<row0>5.465070 -0.000000 0.000000</row0>
						<row1>0.000000 1.350000 0.000000</row1>
						<row2>-0.000000 -0.000000 9.434180</row2>
						<row3>-0.000000 -0.000000 0.000000</row3>
					</transform>
				</decal>
			</AODecals>
			<groundNodes>
				<group>
					<template>Track_L</template>
					<startIndex>0</startIndex>
					<count>8</count>
					<isLeft>true</isLeft>
					<minOffset>
						-0.13
						<!--BW_String-->
					</minOffset>
					<maxOffset>
						0.1
						<!--BW_String-->
					</maxOffset>
				</group>
				<group>
					<template>Track_R</template>
					<startIndex>0</startIndex>
					<count>8</count>
					<isLeft>false</isLeft>
					<minOffset>
						-0.13
						<!--BW_String-->
					</minOffset>
					<maxOffset>
						0.1
						<!--BW_String-->
					</maxOffset>
				</group>
			</groundNodes>
			<splineDesc>
				<segmentModelLeft>vehicles/british/GB11_Caernarvon/track/segment.model</segmentModelLeft>
				<segmentModelRight>vehicles/british/GB11_Caernarvon/track/segment.model</segmentModelRight>
				<left>vehicles/british/GB11_Caernarvon/track/left.track</left>
				<right>vehicles/british/GB11_Caernarvon/track/right.track</right>
				<segmentLength>
					0.136
					<!--BW_String-->
				</segmentLength>
				<segmentOffset>
					0.216
					<!--BW_String-->
				</segmentOffset>
				<lodDist>SPLINE_TRACK</lodDist>
				<atlas>
					<UTiles>1</UTiles>
					<VTiles>1</VTiles>
				</atlas>
			</splineDesc>
			<trackNodes>
				<enable>true</enable>
				<linkBones>false</linkBones>
				<maxAmplitude>
					0.14
					<!--BW_String-->
				</maxAmplitude>
				<maxOffset>
					0.14
					<!--BW_String-->
				</maxOffset>
				<gravity>
					-9.8
					<!--BW_String-->
				</gravity>
				<elasticity>1000</elasticity>
				<damping>2</damping>
				<node>
					<isLeft>true</isLeft>
					<name>Track_VD_L0</name>
					<forwardElastK>
						0.85
						<!--BW_String-->
					</forwardElastK>
					<offset>
						-0.036
						<!--BW_String-->
					</offset>
				</node>
				<node>
					<isLeft>false</isLeft>
					<name>Track_VD_R0</name>
					<forwardElastK>
						0.85
						<!--BW_String-->
					</forwardElastK>
					<offset>
						-0.036
						<!--BW_String-->
					</offset>
				</node>
				<node>
					<isLeft>true</isLeft>
					<name>Track_VD_L1</name>
					<forwardElastK>
						1.71
						<!--BW_String-->
					</forwardElastK>
					<backwardElastK>
						0.86
						<!--BW_String-->
					</backwardElastK>
					<offset>
						-0.036
						<!--BW_String-->
					</offset>
				</node>
				<node>
					<isLeft>false</isLeft>
					<name>Track_VD_R1</name>
					<forwardElastK>
						1.71
						<!--BW_String-->
					</forwardElastK>
					<backwardElastK>
						0.86
						<!--BW_String-->
					</backwardElastK>
					<offset>
						-0.036
						<!--BW_String-->
					</offset>
				</node>
				<node>
					<isLeft>true</isLeft>
					<name>Track_VT_L0</name>
					<forwardElastK>
						0.91
						<!--BW_String-->
					</forwardElastK>
					<offset>
						-0.036
						<!--BW_String-->
					</offset>
				</node>
				<node>
					<isLeft>true</isLeft>
					<name>Track_VT_L1</name>
					<forwardElastK>
						0.91
						<!--BW_String-->
					</forwardElastK>
					<backwardElastK>
						1.93
						<!--BW_String-->
					</backwardElastK>
					<offset>
						-0.036
						<!--BW_String-->
					</offset>
				</node>
				<node>
					<isLeft>true</isLeft>
					<name>Track_VT_L2</name>
					<forwardElastK>
						0.91
						<!--BW_String-->
					</forwardElastK>
					<backwardElastK>
						1.93
						<!--BW_String-->
					</backwardElastK>
					<offset>
						-0.036
						<!--BW_String-->
					</offset>
				</node>
				<node>
					<isLeft>true</isLeft>
					<name>Track_VT_L3</name>
					<forwardElastK>
						0.91
						<!--BW_String-->
					</forwardElastK>
					<backwardElastK>
						1.93
						<!--BW_String-->
					</backwardElastK>
					<offset>
						-0.036
						<!--BW_String-->
					</offset>
				</node>
				<node>
					<isLeft>true</isLeft>
					<name>Track_VT_L4</name>
					<forwardElastK>
						0.91
						<!--BW_String-->
					</forwardElastK>
					<backwardElastK>
						1.93
						<!--BW_String-->
					</backwardElastK>
					<offset>
						-0.036
						<!--BW_String-->
					</offset>
				</node>
				<node>
					<isLeft>false</isLeft>
					<name>Track_VT_R0</name>
					<forwardElastK>
						0.92
						<!--BW_String-->
					</forwardElastK>
					<backwardElastK>
						1.98
						<!--BW_String-->
					</backwardElastK>
					<offset>
						-0.036
						<!--BW_String-->
					</offset>
				</node>
				<node>
					<isLeft>false</isLeft>
					<name>Track_VT_R1</name>
					<forwardElastK>
						0.92
						<!--BW_String-->
					</forwardElastK>
					<backwardElastK>
						1.98
						<!--BW_String-->
					</backwardElastK>
					<offset>
						-0.036
						<!--BW_String-->
					</offset>
				</node>
				<node>
					<isLeft>false</isLeft>
					<name>Track_VT_R2</name>
					<forwardElastK>
						0.92
						<!--BW_String-->
					</forwardElastK>
					<backwardElastK>
						1.98
						<!--BW_String-->
					</backwardElastK>
					<offset>
						-0.036
						<!--BW_String-->
					</offset>
				</node>
				<node>
					<isLeft>false</isLeft>
					<name>Track_VT_R3</name>
					<forwardElastK>
						0.92
						<!--BW_String-->
					</forwardElastK>
					<backwardElastK>
						1.98
						<!--BW_String-->
					</backwardElastK>
					<offset>
						-0.036
						<!--BW_String-->
					</offset>
				</node>
				<node>
					<isLeft>false</isLeft>
					<name>Track_VT_R4</name>
					<forwardElastK>
						0.92
						<!--BW_String-->
					</forwardElastK>
					<offset>
						-0.036
						<!--BW_String-->
					</offset>
				</node>
			</trackNodes>
			<trackThickness>
				0.1
				<!--BW_String-->
			</trackThickness>
			<physicalTracks>
				<left>
					<segmentsCount>120</segmentsCount>
					<segmentsOuterThickness>
						0.0941551
						<!--BW_String-->
					</segmentsOuterThickness>
					<segmentsInnerThickness>
						0.00408475
						<!--BW_String-->
					</segmentsInnerThickness>
					<segmentsPlaneOffset>
						-1.51813
						<!--BW_String-->
					</segmentsPlaneOffset>
					<springsLength>
						<backwardMovement>
							<back>0.135743</back>
							<top>0.112018</top>
							<front>0.119021</front>
							<bottom>
								0.09353
								<!--BW_String-->
							</bottom>
						</backwardMovement>
						<forwardMovement>
							<back>0.121097</back>
							<top>
								0.13302
								<!--BW_String-->
							</top>
							<front>0.135392</front>
							<bottom>
								0.09353
								<!--BW_String-->
							</bottom>
						</forwardMovement>
					</springsLength>
					<mainSegment>
						<model>vehicles/british/GB11_Caernarvon/track/segment.model</model>
						<length>0.136441</length>
					</mainSegment>
					<collisionHull>
						<bottom>
							<part>
								<xStart>
									-2.8967
									<!--BW_String-->
								</xStart>
								<xStep>
									0.00999999
									<!--BW_String-->
								</xStep>
								<ySamples>
									1.13537 1.13537 1.13537 1.13537 1.13537 1.13537 1.13537
									<!--BW_String-->
								</ySamples>
							</part>
							<part>
								<xStart>
									-2.8367
									<!--BW_String-->
								</xStart>
								<xStep>
									0.0682207
									<!--BW_String-->
								</xStep>
								<ySamples>
									1.20537 1.20537 1.13098 1.13098 1.13098 1.13098 1.13098 1.13098 1.07481 0.990314 0.966218 0.972187 1.01267 1.13098 1.13098 1.13098 1.13098 1.13098 1.13098 1.13098 1.20537 1.14749 1.13097 1.13097 1.13097 1.13097 1.13097 1.13097 1.01714 0.973582 0.965748 0.987669 1.06391 1.13097 1.13097 1.13097 1.13097 1.13097 1.13097 1.20537 1.20537 1.13094 1.13094 1.13094 1.13094 1.13094 1.13094 1.13094 1.13094 1.13094 1.13094 1.10889 0.995906 0.967445 0.969884 1.005 1.13094 1.13094 1.13094 1.13094 1.13094 1.13094 1.13094 1.20537 1.13097 1.13097 1.13097 1.13097 1.13097 1.13097 1.13097 1.00972 0.971284 0.96662 0.992289 1.08422 1.13097 1.13097 1.13097 1.13097 1.13097 1.13097 1.13097 1.20537 1.09192
									<!--BW_String-->
								</ySamples>
							</part>
							<part>
								<xStart>
									2.89384
									<!--BW_String-->
								</xStart>
								<xStep>
									0.00999999
									<!--BW_String-->
								</xStep>
								<ySamples>
									1.09192 1.08192 1.07192 0.857847 0.799494 0.764454 0.737232
									<!--BW_String-->
								</ySamples>
							</part>
						</bottom>
						<top>
							<part>
								<xStart>
									-3.79179
									<!--BW_String-->
								</xStart>
								<xStep>
									0.0682207
									<!--BW_String-->
								</xStep>
								<ySamples>
									1.29154 1.26583 1.29659 1.37567 1.39629 1.39629 1.39629 1.39629 1.39629 1.39629 1.39629 1.39629 1.39629 1.39629 1.39629 1.39629 1.39629 1.39629 1.39629 1.39629 1.39629 1.39629 1.39629 1.39629 1.39629 1.39629 1.39629 1.39629 1.39629 1.39629 1.39629 1.39629 1.39629 1.39629 1.39629 1.39629 1.39629 1.39629 1.39629 1.39629 1.39629 1.39629 1.39629 1.39629 1.39629 1.39629 1.39629 1.39629 1.39629 1.39629 1.39629 1.39629 1.39629 1.39629 1.39629 1.39629 1.39629 1.39629 1.39629 1.39629 1.39629 1.39629 1.39629 1.39629 1.39629 1.39629 1.39629 1.39629 1.39629 1.39629 1.39629 1.39629 1.39629 1.39629 1.39629 1.39629 1.39629 1.39629 1.39629 1.39629 1.39629 1.39629 1.39629 1.39629 1.39629 1.39629 1.39629 1.39629 1.39629 1.39629 1.39629 1.39629 1.39629 1.39629 1.39629 1.39629 1.39629 1.39629 1.39629 1.39629 1.39629 1.39629 1.39629 1.39629 1.39629 1.39629 1.39629 1.39629 1.36528 1.30422 1.2437 1.18023 1.14509
									<!--BW_String-->
								</ySamples>
							</part>
						</top>
					</collisionHull>
					<bottomWheels>
						<wheel>WD_L5</wheel>
						<wheel>W_L7</wheel>
						<wheel>W_L6</wheel>
						<wheel>W_L5</wheel>
						<wheel>W_L4</wheel>
						<wheel>W_L3</wheel>
						<wheel>W_L2</wheel>
						<wheel>W_L1</wheel>
						<wheel>W_L0</wheel>
						<wheel>WD_L0</wheel>
					</bottomWheels>
					<snapWheels>
						<topFront>
							<wheelName>WD_L0</wheelName>
							<basePos>
								3.36345 0.903151
								<!--BW_String-->
							</basePos>
							<shiftVec>0.402138 0.135933</shiftVec>
							<jointIdx>13</jointIdx>
						</topFront>
						<topBack>
							<wheelName>WD_L5</wheelName>
							<basePos>
								-3.30529 0.854798
								<!--BW_String-->
							</basePos>
							<shiftVec>-0.347322 0.155026</shiftVec>
							<jointIdx>70</jointIdx>
						</topBack>
						<bottomBack>
							<wheelName>W_L7</wheelName>
							<basePos>
								-2.50065 0.314222
								<!--BW_String-->
							</basePos>
							<shiftVec>
								-0.0428193 -0.239805
								<!--BW_String-->
							</shiftVec>
							<jointIdx>82</jointIdx>
						</bottomBack>
						<bottomFront>
							<wheelName>W_L0</wheelName>
							<basePos>
								2.50031 0.31529
								<!--BW_String-->
							</basePos>
							<shiftVec>0.006675 -0.243506</shiftVec>
							<jointIdx>0</jointIdx>
						</bottomFront>
					</snapWheels>
					<radiusOverrides>
						<wheel>
							<name>WD_L5</name>
							<radius>0.379369</radius>
						</wheel>
						<wheel>
							<name>WD_L0</name>
							<radius>0.423613</radius>
						</wheel>
					</radiusOverrides>
					<teethSyncs>
						<syncWithMainModel>true</syncWithMainModel>
						<segmentSyncPivotOffset>
							-1.518
							<!--BW_String-->
						</segmentSyncPivotOffset>
						<sync>
							<name>WD_L5</name>
							<startAngle>
								-31.3853
								<!--BW_String-->
							</startAngle>
							<teethCount>19</teethCount>
						</sync>
						<sync>
							<name>WD_L0</name>
							<startAngle>
								-34.3933
								<!--BW_String-->
							</startAngle>
							<teethCount>19</teethCount>
						</sync>
					</teethSyncs>
					<sourceCollisionHullPoints>
						<top>
							<range>
								<point>
									-1.72359 1.38875 -3.79176
									<!--BW_String-->
								</point>
								<point>
									-1.55359 1.36304 -3.72354
									<!--BW_String-->
								</point>
								<point>
									-1.55359 1.39381 -3.65532
									<!--BW_String-->
								</point>
								<point>
									-1.55359 1.47288 -3.5871
									<!--BW_String-->
								</point>
								<point>
									-1.55359 1.4935 -3.51888
									<!--BW_String-->
								</point>
								<point>
									-1.55359 1.4935 -3.45066
									<!--BW_String-->
								</point>
								<point>
									-1.55359 1.4935 -3.38244
									<!--BW_String-->
								</point>
								<point>
									-1.55359 1.4935 -3.31422
									<!--BW_String-->
								</point>
								<point>
									-1.55359 1.4935 -3.246
									<!--BW_String-->
								</point>
								<point>
									-1.55359 1.4935 -3.17778
									<!--BW_String-->
								</point>
								<point>
									-1.55359 1.4935 -3.10956
									<!--BW_String-->
								</point>
								<point>
									-1.55359 1.4935 -3.04134
									<!--BW_String-->
								</point>
								<point>
									-1.55359 1.4935 -2.97312
									<!--BW_String-->
								</point>
								<point>
									-1.55359 1.4935 -2.90489
									<!--BW_String-->
								</point>
								<point>
									-1.55359 1.4935 -2.83667
									<!--BW_String-->
								</point>
								<point>
									-1.55359 1.4935 -2.76845
									<!--BW_String-->
								</point>
								<point>
									-1.55359 1.4935 -2.70023
									<!--BW_String-->
								</point>
								<point>
									-1.55359 1.4935 -2.63201
									<!--BW_String-->
								</point>
								<point>
									-1.55359 1.4935 -2.56379
									<!--BW_String-->
								</point>
								<point>
									-1.55359 1.4935 -2.49557
									<!--BW_String-->
								</point>
								<point>
									-1.55359 1.4935 -2.42735
									<!--BW_String-->
								</point>
								<point>
									-1.55359 1.4935 -2.35913
									<!--BW_String-->
								</point>
								<point>
									-1.55359 1.4935 -2.29091
									<!--BW_String-->
								</point>
								<point>
									-1.55359 1.4935 -2.22269
									<!--BW_String-->
								</point>
								<point>
									-1.55359 1.4935 -2.15447
									<!--BW_String-->
								</point>
								<point>
									-1.74359 1.4935 -2.08625
									<!--BW_String-->
								</point>
								<point>
									-1.55359 1.4935 -2.01803
									<!--BW_String-->
								</point>
								<point>
									-1.55359 1.4935 -1.9498
									<!--BW_String-->
								</point>
								<point>
									-1.55359 1.4935 -1.88158
									<!--BW_String-->
								</point>
								<point>
									-1.55359 1.4935 -1.81336
									<!--BW_String-->
								</point>
								<point>
									-1.55359 1.4935 -1.74514
									<!--BW_String-->
								</point>
								<point>
									-1.55359 1.4935 -1.67692
									<!--BW_String-->
								</point>
								<point>
									-1.55359 1.4935 -1.6087
									<!--BW_String-->
								</point>
								<point>
									-1.70359 1.4935 -1.54048
									<!--BW_String-->
								</point>
								<point>
									-1.55359 1.4935 -1.47226
									<!--BW_String-->
								</point>
								<point>
									-1.55359 1.4935 -1.40404
									<!--BW_String-->
								</point>
								<point>
									-1.55359 1.4935 -1.33582
									<!--BW_String-->
								</point>
								<point>
									-1.70359 1.4935 -1.2676
									<!--BW_String-->
								</point>
								<point>
									-1.55359 1.4935 -1.19938
									<!--BW_String-->
								</point>
								<point>
									-1.55359 1.4935 -1.13116
									<!--BW_String-->
								</point>
								<point>
									-1.55359 1.4935 -1.06294
									<!--BW_String-->
								</point>
								<point>
									-1.55359 1.4935 -0.994715
									<!--BW_String-->
								</point>
								<point>
									-1.58359 1.4935 -0.926494
									<!--BW_String-->
								</point>
								<point>
									-1.55359 1.4935 -0.858274
									<!--BW_String-->
								</point>
								<point>
									-1.55359 1.4935 -0.790053
									<!--BW_String-->
								</point>
								<point>
									-1.58359 1.4935 -0.721832
									<!--BW_String-->
								</point>
								<point>
									-1.55359 1.4935 -0.653612
									<!--BW_String-->
								</point>
								<point>
									-1.58359 1.4935 -0.585391
									<!--BW_String-->
								</point>
								<point>
									-1.55359 1.4935 -0.51717
									<!--BW_String-->
								</point>
								<point>
									-1.56359 1.4935 -0.448949
									<!--BW_String-->
								</point>
								<point>
									-1.55359 1.4935 -0.380729
									<!--BW_String-->
								</point>
								<point>
									-1.58359 1.4935 -0.312508
									<!--BW_String-->
								</point>
								<point>
									-1.55359 1.4935 -0.244288
									<!--BW_String-->
								</point>
								<point>
									-1.58359 1.4935 -0.176067
									<!--BW_String-->
								</point>
								<point>
									-1.55359 1.4935 -0.107846
									<!--BW_String-->
								</point>
								<point>
									-1.57359 1.4935 -0.0396253
									<!--BW_String-->
								</point>
								<point>
									-1.55359 1.4935 0.0285953
									<!--BW_String-->
								</point>
								<point>
									-1.55359 1.4935 0.0968159
									<!--BW_String-->
								</point>
								<point>
									-1.56359 1.4935 0.165037
									<!--BW_String-->
								</point>
								<point>
									-1.55359 1.4935 0.233258
									<!--BW_String-->
								</point>
								<point>
									-1.58359 1.4935 0.301478
									<!--BW_String-->
								</point>
								<point>
									-1.55359 1.4935 0.369699
									<!--BW_String-->
								</point>
								<point>
									-1.58359 1.4935 0.437919
									<!--BW_String-->
								</point>
								<point>
									-1.55359 1.4935 0.50614
									<!--BW_String-->
								</point>
								<point>
									-1.57359 1.4935 0.574361
									<!--BW_String-->
								</point>
								<point>
									-1.55359 1.4935 0.642582
									<!--BW_String-->
								</point>
								<point>
									-1.56359 1.4935 0.710802
									<!--BW_String-->
								</point>
								<point>
									-1.55359 1.4935 0.779023
									<!--BW_String-->
								</point>
								<point>
									-1.56359 1.4935 0.847244
									<!--BW_String-->
								</point>
								<point>
									-1.55359 1.4935 0.915464
									<!--BW_String-->
								</point>
								<point>
									-1.55359 1.4935 0.983685
									<!--BW_String-->
								</point>
								<point>
									-1.57359 1.4935 1.05191
									<!--BW_String-->
								</point>
								<point>
									-1.55359 1.4935 1.12013
									<!--BW_String-->
								</point>
								<point>
									-1.57359 1.4935 1.18835
									<!--BW_String-->
								</point>
								<point>
									-1.55359 1.4935 1.25657
									<!--BW_String-->
								</point>
								<point>
									-1.56359 1.4935 1.32479
									<!--BW_String-->
								</point>
								<point>
									-1.62359 1.4935 1.39301
									<!--BW_String-->
								</point>
								<point>
									-1.57359 1.4935 1.46123
									<!--BW_String-->
								</point>
								<point>
									-1.55359 1.4935 1.52945
									<!--BW_String-->
								</point>
								<point>
									-1.56359 1.4935 1.59767
									<!--BW_String-->
								</point>
								<point>
									-1.58359 1.4935 1.66589
									<!--BW_String-->
								</point>
								<point>
									-1.55359 1.4935 1.73411
									<!--BW_String-->
								</point>
								<point>
									-1.58359 1.4935 1.80233
									<!--BW_String-->
								</point>
								<point>
									-1.55359 1.4935 1.87055
									<!--BW_String-->
								</point>
								<point>
									-1.58359 1.4935 1.93877
									<!--BW_String-->
								</point>
								<point>
									-1.55359 1.4935 2.007
									<!--BW_String-->
								</point>
								<point>
									-1.58359 1.4935 2.07522
									<!--BW_String-->
								</point>
								<point>
									-1.60359 1.4935 2.14344
									<!--BW_String-->
								</point>
								<point>
									-1.55359 1.4935 2.21166
									<!--BW_String-->
								</point>
								<point>
									-1.55359 1.4935 2.27988
									<!--BW_String-->
								</point>
								<point>
									-1.56359 1.4935 2.3481
									<!--BW_String-->
								</point>
								<point>
									-1.57359 1.4935 2.41632
									<!--BW_String-->
								</point>
								<point>
									-1.55359 1.4935 2.48454
									<!--BW_String-->
								</point>
								<point>
									-1.55359 1.4935 2.55276
									<!--BW_String-->
								</point>
								<point>
									-1.58359 1.4935 2.62098
									<!--BW_String-->
								</point>
								<point>
									-1.57359 1.4935 2.6892
									<!--BW_String-->
								</point>
								<point>
									-1.55359 1.4935 2.75742
									<!--BW_String-->
								</point>
								<point>
									-1.55359 1.4935 2.82564
									<!--BW_String-->
								</point>
								<point>
									-1.55359 1.4935 2.89386
									<!--BW_String-->
								</point>
								<point>
									-1.55359 1.4935 2.96209
									<!--BW_String-->
								</point>
								<point>
									-1.55359 1.4935 3.03031
									<!--BW_String-->
								</point>
								<point>
									-1.55359 1.4935 3.09853
									<!--BW_String-->
								</point>
								<point>
									-1.55359 1.4935 3.16675
									<!--BW_String-->
								</point>
								<point>
									-1.55359 1.4935 3.23497
									<!--BW_String-->
								</point>
								<point>
									-1.55359 1.4935 3.30319
									<!--BW_String-->
								</point>
								<point>
									-1.55359 1.4935 3.37141
									<!--BW_String-->
								</point>
								<point>
									-1.55359 1.4935 3.43963
									<!--BW_String-->
								</point>
								<point>
									-1.55359 1.4935 3.50785
									<!--BW_String-->
								</point>
								<point>
									-1.79359 1.46249 3.57607
									<!--BW_String-->
								</point>
								<point>
									-1.79359 1.40143 3.64429
									<!--BW_String-->
								</point>
								<point>
									-1.79359 1.34091 3.71251
									<!--BW_String-->
								</point>
								<point>
									-1.79359 1.27744 3.78073
									<!--BW_String-->
								</point>
								<point>
									-1.79359 1.2423 3.84895
									<!--BW_String-->
								</point>
							</range>
						</top>
						<bottom>
							<range>
								<point>
									-1.67358 1.10762 -2.83667
									<!--BW_String-->
								</point>
								<point>
									-1.67358 1.10762 -2.76845
									<!--BW_String-->
								</point>
								<point>
									-1.68358 1.03323 -2.70023
									<!--BW_String-->
								</point>
								<point>
									-1.68358 1.03323 -2.63201
									<!--BW_String-->
								</point>
								<point>
									-1.68358 1.03323 -2.56379
									<!--BW_String-->
								</point>
								<point>
									-1.68358 1.03323 -2.49557
									<!--BW_String-->
								</point>
								<point>
									-1.69358 1.03323 -2.42735
									<!--BW_String-->
								</point>
								<point>
									-1.68358 1.03323 -2.35913
									<!--BW_String-->
								</point>
								<point>
									-1.68358 1.03323 -2.29091
									<!--BW_String-->
								</point>
								<point>
									-1.69358 1.03323 -2.22269
									<!--BW_String-->
								</point>
								<point>
									-1.68358 1.03323 -2.15447
									<!--BW_String-->
								</point>
								<point>
									-1.68358 1.03323 -2.08625
									<!--BW_String-->
								</point>
								<point>
									-1.68358 1.03323 -2.01803
									<!--BW_String-->
								</point>
								<point>
									-1.68358 1.03323 -1.94981
									<!--BW_String-->
								</point>
								<point>
									-1.68358 1.03323 -1.88158
									<!--BW_String-->
								</point>
								<point>
									-1.68358 1.03323 -1.81336
									<!--BW_String-->
								</point>
								<point>
									-1.68358 1.03323 -1.74514
									<!--BW_String-->
								</point>
								<point>
									-1.68358 1.03323 -1.67692
									<!--BW_String-->
								</point>
								<point>
									-1.68358 1.03323 -1.6087
									<!--BW_String-->
								</point>
								<point>
									-1.68358 1.03323 -1.54048
									<!--BW_String-->
								</point>
								<point>
									-1.67358 1.10762 -1.47226
									<!--BW_String-->
								</point>
								<point>
									-1.74358 1.04973 -1.40404
									<!--BW_String-->
								</point>
								<point>
									-1.68358 1.03321 -1.33582
									<!--BW_String-->
								</point>
								<point>
									-1.68358 1.03321 -1.2676
									<!--BW_String-->
								</point>
								<point>
									-1.68358 1.03321 -1.19938
									<!--BW_String-->
								</point>
								<point>
									-1.68358 1.03321 -1.13116
									<!--BW_String-->
								</point>
								<point>
									-1.69358 1.03321 -1.06294
									<!--BW_String-->
								</point>
								<point>
									-1.68358 1.03321 -0.994715
									<!--BW_String-->
								</point>
								<point>
									-1.68358 1.03321 -0.926495
									<!--BW_String-->
								</point>
								<point>
									-1.68358 1.03321 -0.858274
									<!--BW_String-->
								</point>
								<point>
									-1.69358 1.03321 -0.790053
									<!--BW_String-->
								</point>
								<point>
									-1.68358 1.03321 -0.721833
									<!--BW_String-->
								</point>
								<point>
									-1.68358 1.03321 -0.653612
									<!--BW_String-->
								</point>
								<point>
									-1.68358 1.03321 -0.585391
									<!--BW_String-->
								</point>
								<point>
									-1.68358 1.03321 -0.51717
									<!--BW_String-->
								</point>
								<point>
									-1.68358 1.03321 -0.44895
									<!--BW_String-->
								</point>
								<point>
									-1.68358 1.03321 -0.380729
									<!--BW_String-->
								</point>
								<point>
									-1.68358 1.03321 -0.312509
									<!--BW_String-->
								</point>
								<point>
									-1.68358 1.03321 -0.244288
									<!--BW_String-->
								</point>
								<point>
									-1.67359 1.10762 -0.176067
									<!--BW_String-->
								</point>
								<point>
									-1.66359 1.10762 -0.107846
									<!--BW_String-->
								</point>
								<point>
									-1.68359 1.03318 -0.0396256
									<!--BW_String-->
								</point>
								<point>
									-1.68359 1.03318 0.028595
									<!--BW_String-->
								</point>
								<point>
									-1.68359 1.03318 0.0968156
									<!--BW_String-->
								</point>
								<point>
									-1.68359 1.03318 0.165037
									<!--BW_String-->
								</point>
								<point>
									-1.68359 1.03318 0.233257
									<!--BW_String-->
								</point>
								<point>
									-1.68359 1.03318 0.301478
									<!--BW_String-->
								</point>
								<point>
									-1.68359 1.03318 0.369699
									<!--BW_String-->
								</point>
								<point>
									-1.68359 1.03318 0.437919
									<!--BW_String-->
								</point>
								<point>
									-1.68359 1.03318 0.50614
									<!--BW_String-->
								</point>
								<point>
									-1.68359 1.03318 0.574361
									<!--BW_String-->
								</point>
								<point>
									-1.68359 1.03318 0.642581
									<!--BW_String-->
								</point>
								<point>
									-1.68359 1.03318 0.710802
									<!--BW_String-->
								</point>
								<point>
									-1.68359 1.03318 0.779023
									<!--BW_String-->
								</point>
								<point>
									-1.68359 1.03318 0.847243
									<!--BW_String-->
								</point>
								<point>
									-1.68359 1.03318 0.915464
									<!--BW_String-->
								</point>
								<point>
									-1.68359 1.03318 0.983685
									<!--BW_String-->
								</point>
								<point>
									-1.68359 1.03318 1.05191
									<!--BW_String-->
								</point>
								<point>
									-1.68359 1.03318 1.12013
									<!--BW_String-->
								</point>
								<point>
									-1.68359 1.03318 1.18835
									<!--BW_String-->
								</point>
								<point>
									-1.68359 1.03318 1.25657
									<!--BW_String-->
								</point>
								<point>
									-1.68359 1.03318 1.32479
									<!--BW_String-->
								</point>
								<point>
									-1.68359 1.03318 1.39301
									<!--BW_String-->
								</point>
								<point>
									-1.67359 1.10762 1.46123
									<!--BW_String-->
								</point>
								<point>
									-1.68359 1.03321 1.52945
									<!--BW_String-->
								</point>
								<point>
									-1.68359 1.03321 1.59767
									<!--BW_String-->
								</point>
								<point>
									-1.68359 1.03321 1.66589
									<!--BW_String-->
								</point>
								<point>
									-1.68359 1.03321 1.73411
									<!--BW_String-->
								</point>
								<point>
									-1.68359 1.03321 1.80233
									<!--BW_String-->
								</point>
								<point>
									-1.68359 1.03321 1.87055
									<!--BW_String-->
								</point>
								<point>
									-1.68359 1.03321 1.93877
									<!--BW_String-->
								</point>
								<point>
									-1.68359 1.03321 2.007
									<!--BW_String-->
								</point>
								<point>
									-1.68359 1.03321 2.07522
									<!--BW_String-->
								</point>
								<point>
									-1.68359 1.03321 2.14344
									<!--BW_String-->
								</point>
								<point>
									-1.68359 1.03322 2.21166
									<!--BW_String-->
								</point>
								<point>
									-1.68359 1.03322 2.27988
									<!--BW_String-->
								</point>
								<point>
									-1.68359 1.03322 2.3481
									<!--BW_String-->
								</point>
								<point>
									-1.68359 1.03322 2.41632
									<!--BW_String-->
								</point>
								<point>
									-1.68359 1.03322 2.48454
									<!--BW_String-->
								</point>
								<point>
									-1.68359 1.03322 2.55276
									<!--BW_String-->
								</point>
								<point>
									-1.68359 1.03322 2.62098
									<!--BW_String-->
								</point>
								<point>
									-1.68359 1.03322 2.6892
									<!--BW_String-->
								</point>
								<point>
									-1.68359 1.03322 2.75742
									<!--BW_String-->
								</point>
								<point>
									-1.67359 1.10762 2.82564
									<!--BW_String-->
								</point>
								<point>
									-1.68359 0.994168 2.89386
									<!--BW_String-->
								</point>
							</range>
						</bottom>
					</sourceCollisionHullPoints>
				</left>
				<right>
					<segmentsCount>120</segmentsCount>
					<segmentsOuterThickness>
						0.0941691
						<!--BW_String-->
					</segmentsOuterThickness>
					<segmentsInnerThickness>
						0.00437169
						<!--BW_String-->
					</segmentsInnerThickness>
					<segmentsPlaneOffset>
						1.51813
						<!--BW_String-->
					</segmentsPlaneOffset>
					<springsLength>
						<backwardMovement>
							<back>0.135743</back>
							<top>0.112018</top>
							<front>0.119021</front>
							<bottom>
								0.09353
								<!--BW_String-->
							</bottom>
						</backwardMovement>
						<forwardMovement>
							<back>0.121097</back>
							<top>
								0.13302
								<!--BW_String-->
							</top>
							<front>0.135392</front>
							<bottom>
								0.09353
								<!--BW_String-->
							</bottom>
						</forwardMovement>
					</springsLength>
					<mainSegment>
						<model>vehicles/british/GB11_Caernarvon/track/segment.model</model>
						<length>0.136403</length>
					</mainSegment>
					<collisionHull>
						<bottom>
							<part>
								<xStart>
									-2.89782
									<!--BW_String-->
								</xStart>
								<xStep>
									0.00999999
									<!--BW_String-->
								</xStep>
								<ySamples>
									1.13537 1.13537 1.13537 1.13537 1.13537 1.13537 1.13537
									<!--BW_String-->
								</ySamples>
							</part>
							<part>
								<xStart>
									-2.83782
									<!--BW_String-->
								</xStart>
								<xStep>
									0.0682015
									<!--BW_String-->
								</xStep>
								<ySamples>
									1.20537 1.20537 1.13098 1.13098 1.13098 1.13098 1.13098 1.13098 1.07763 0.990811 0.966111 0.97151 1.01099 1.13098 1.13098 1.13098 1.13098 1.13098 1.13098 1.13098 1.20537 1.14748 1.13097 1.13097 1.13097 1.13097 1.13097 1.13097 1.01852 0.973867 0.965329 0.986375 1.05951 1.13098 1.13098 1.13098 1.13098 1.13098 1.13098 1.20537 1.20537 1.13094 1.13094 1.13094 1.13094 1.13094 1.13094 1.13094 1.13094 1.13094 1.13094 1.13094 0.997108 0.967556 0.96909 1.00282 1.13094 1.13094 1.13094 1.13094 1.13094 1.13094 1.13094 1.20537 1.13102 1.13103 1.13104 1.13105 1.13106 1.13107 1.13108 1.01172 0.971732 0.966017 0.990336 1.07547 1.13114 1.13115 1.13116 1.13117 1.13118 1.13118 1.13119 1.18246 1.09192
									<!--BW_String-->
								</ySamples>
							</part>
							<part>
								<xStart>
									2.89111
									<!--BW_String-->
								</xStart>
								<xStep>
									0.00999999
									<!--BW_String-->
								</xStep>
								<ySamples>
									1.09192 1.08192 1.07192 1.06192 0.811875 0.773234 0.744326
									<!--BW_String-->
								</ySamples>
							</part>
						</bottom>
						<top>
							<part>
								<xStart>
									-3.79264
									<!--BW_String-->
								</xStart>
								<xStep>
									0.0682014
									<!--BW_String-->
								</xStep>
								<ySamples>
									1.25958 1.28833 1.34226 1.38582 1.39629 1.39629 1.39629 1.39629 1.39629 1.39629 1.39629 1.39629 1.39629 1.39629 1.39629 1.39629 1.39629 1.39629 1.39629 1.39629 1.39629 1.39629 1.39629 1.39629 1.39629 1.39629 1.39629 1.39629 1.39629 1.39629 1.39629 1.39629 1.39629 1.39629 1.39629 1.39629 1.39629 1.39629 1.39629 1.39629 1.39629 1.39629 1.39629 1.39629 1.39629 1.39629 1.39629 1.39629 1.39629 1.39629 1.39629 1.39629 1.39629 1.39629 1.39629 1.39629 1.39629 1.39629 1.39629 1.39629 1.39629 1.39629 1.39629 1.39629 1.39629 1.39629 1.39629 1.39629 1.39629 1.39629 1.39629 1.39629 1.39629 1.39629 1.39629 1.39629 1.39629 1.39629 1.39629 1.39629 1.39629 1.39629 1.39629 1.39629 1.39629 1.39629 1.39629 1.39629 1.39629 1.39629 1.39629 1.39629 1.39629 1.39629 1.39629 1.39629 1.39629 1.39629 1.39629 1.39629 1.39629 1.39629 1.39629 1.39629 1.39629 1.39629 1.39629 1.39629 1.35866 1.29844 1.238 1.15724 1.09238
									<!--BW_String-->
								</ySamples>
							</part>
						</top>
					</collisionHull>
					<bottomWheels>
						<wheel>WD_R5</wheel>
						<wheel>W_R7</wheel>
						<wheel>W_R6</wheel>
						<wheel>W_R5</wheel>
						<wheel>W_R4</wheel>
						<wheel>W_R3</wheel>
						<wheel>W_R2</wheel>
						<wheel>W_R1</wheel>
						<wheel>W_R0</wheel>
						<wheel>WD_R0</wheel>
					</bottomWheels>
					<snapWheels>
						<topFront>
							<wheelName>WD_R0</wheelName>
							<basePos>
								3.36345 0.903151
								<!--BW_String-->
							</basePos>
							<shiftVec>0.402046 0.135998</shiftVec>
							<jointIdx>13</jointIdx>
						</topFront>
						<topBack>
							<wheelName>WD_R5</wheelName>
							<basePos>
								-3.30529 0.854798
								<!--BW_String-->
							</basePos>
							<shiftVec>
								-0.347347 0.15494
								<!--BW_String-->
							</shiftVec>
							<jointIdx>70</jointIdx>
						</topBack>
						<bottomBack>
							<wheelName>W_R7</wheelName>
							<basePos>
								-2.50065 0.314202
								<!--BW_String-->
							</basePos>
							<shiftVec>
								-0.0427468 -0.239818
								<!--BW_String-->
							</shiftVec>
							<jointIdx>82</jointIdx>
						</bottomBack>
						<bottomFront>
							<wheelName>W_R0</wheelName>
							<basePos>
								2.50031 0.31527
								<!--BW_String-->
							</basePos>
							<shiftVec>
								0.00670624 -0.243505
								<!--BW_String-->
							</shiftVec>
							<jointIdx>0</jointIdx>
						</bottomFront>
					</snapWheels>
					<radiusOverrides>
						<wheel>
							<name>WD_R5</name>
							<radius>0.379357</radius>
						</wheel>
						<wheel>
							<name>WD_R0</name>
							<radius>0.423548</radius>
						</wheel>
					</radiusOverrides>
					<teethSyncs>
						<syncWithMainModel>true</syncWithMainModel>
						<segmentSyncPivotOffset>
							1.518
							<!--BW_String-->
						</segmentSyncPivotOffset>
						<sync>
							<name>WD_R5</name>
							<startAngle>
								-31.3849
								<!--BW_String-->
							</startAngle>
							<teethCount>19</teethCount>
						</sync>
						<sync>
							<name>WD_R0</name>
							<startAngle>
								-34.3935
								<!--BW_String-->
							</startAngle>
							<teethCount>19</teethCount>
						</sync>
					</teethSyncs>
					<sourceCollisionHullPoints>
						<top>
							<range>
								<point>
									1.77359 1.35683 -3.79261
									<!--BW_String-->
								</point>
								<point>
									1.55359 1.38558 -3.72441
									<!--BW_String-->
								</point>
								<point>
									1.79359 1.43951 -3.6562
									<!--BW_String-->
								</point>
								<point>
									1.55359 1.48307 -3.588
									<!--BW_String-->
								</point>
								<point>
									1.55359 1.49354 -3.5198
									<!--BW_String-->
								</point>
								<point>
									1.55359 1.49354 -3.4516
									<!--BW_String-->
								</point>
								<point>
									1.55359 1.49354 -3.3834
									<!--BW_String-->
								</point>
								<point>
									1.55359 1.49354 -3.3152
									<!--BW_String-->
								</point>
								<point>
									1.55359 1.49354 -3.247
									<!--BW_String-->
								</point>
								<point>
									1.55359 1.49354 -3.1788
									<!--BW_String-->
								</point>
								<point>
									1.55359 1.49354 -3.11059
									<!--BW_String-->
								</point>
								<point>
									1.55359 1.49354 -3.04239
									<!--BW_String-->
								</point>
								<point>
									1.55359 1.49354 -2.97419
									<!--BW_String-->
								</point>
								<point>
									1.55359 1.49354 -2.90599
									<!--BW_String-->
								</point>
								<point>
									1.55359 1.49354 -2.83779
									<!--BW_String-->
								</point>
								<point>
									1.55359 1.49354 -2.76959
									<!--BW_String-->
								</point>
								<point>
									1.55359 1.49354 -2.70138
									<!--BW_String-->
								</point>
								<point>
									1.55359 1.49354 -2.63318
									<!--BW_String-->
								</point>
								<point>
									1.55359 1.49354 -2.56498
									<!--BW_String-->
								</point>
								<point>
									1.55359 1.49354 -2.49678
									<!--BW_String-->
								</point>
								<point>
									1.79359 1.49354 -2.42858
									<!--BW_String-->
								</point>
								<point>
									1.79359 1.49354 -2.36038
									<!--BW_String-->
								</point>
								<point>
									1.77359 1.49354 -2.29218
									<!--BW_String-->
								</point>
								<point>
									1.77359 1.49354 -2.22397
									<!--BW_String-->
								</point>
								<point>
									1.75359 1.49354 -2.15577
									<!--BW_String-->
								</point>
								<point>
									1.74359 1.49354 -2.08757
									<!--BW_String-->
								</point>
								<point>
									1.73359 1.49354 -2.01937
									<!--BW_String-->
								</point>
								<point>
									1.72359 1.49354 -1.95117
									<!--BW_String-->
								</point>
								<point>
									1.71359 1.49354 -1.88297
									<!--BW_String-->
								</point>
								<point>
									1.70359 1.49354 -1.81477
									<!--BW_String-->
								</point>
								<point>
									1.55359 1.49354 -1.74656
									<!--BW_String-->
								</point>
								<point>
									1.55359 1.49354 -1.67836
									<!--BW_String-->
								</point>
								<point>
									1.68359 1.49354 -1.61016
									<!--BW_String-->
								</point>
								<point>
									1.67359 1.49354 -1.54196
									<!--BW_String-->
								</point>
								<point>
									1.67359 1.49354 -1.47376
									<!--BW_String-->
								</point>
								<point>
									1.55359 1.49354 -1.40556
									<!--BW_String-->
								</point>
								<point>
									1.65359 1.49354 -1.33736
									<!--BW_String-->
								</point>
								<point>
									1.63359 1.49354 -1.26915
									<!--BW_String-->
								</point>
								<point>
									1.62359 1.49354 -1.20095
									<!--BW_String-->
								</point>
								<point>
									1.61359 1.49354 -1.13275
									<!--BW_String-->
								</point>
								<point>
									1.60359 1.49354 -1.06455
									<!--BW_String-->
								</point>
								<point>
									1.59359 1.49354 -0.996348
									<!--BW_String-->
								</point>
								<point>
									1.55359 1.49354 -0.928147
									<!--BW_String-->
								</point>
								<point>
									1.55359 1.49354 -0.859946
									<!--BW_String-->
								</point>
								<point>
									1.56359 1.49354 -0.791744
									<!--BW_String-->
								</point>
								<point>
									1.55359 1.49354 -0.723543
									<!--BW_String-->
								</point>
								<point>
									1.55359 1.49354 -0.655341
									<!--BW_String-->
								</point>
								<point>
									1.55359 1.49354 -0.58714
									<!--BW_String-->
								</point>
								<point>
									1.55359 1.49354 -0.518939
									<!--BW_String-->
								</point>
								<point>
									1.55359 1.49354 -0.450737
									<!--BW_String-->
								</point>
								<point>
									1.55359 1.49354 -0.382536
									<!--BW_String-->
								</point>
								<point>
									1.55359 1.49354 -0.314334
									<!--BW_String-->
								</point>
								<point>
									1.55359 1.49354 -0.246133
									<!--BW_String-->
								</point>
								<point>
									1.55359 1.49354 -0.177931
									<!--BW_String-->
								</point>
								<point>
									1.55359 1.49354 -0.10973
									<!--BW_String-->
								</point>
								<point>
									1.55359 1.49354 -0.0415283
									<!--BW_String-->
								</point>
								<point>
									1.55359 1.49354 0.0266732
									<!--BW_String-->
								</point>
								<point>
									1.55359 1.49354 0.0948743
									<!--BW_String-->
								</point>
								<point>
									1.55359 1.49354 0.163076
									<!--BW_String-->
								</point>
								<point>
									1.55359 1.49354 0.231277
									<!--BW_String-->
								</point>
								<point>
									1.55359 1.49354 0.299479
									<!--BW_String-->
								</point>
								<point>
									1.55359 1.49354 0.36768
									<!--BW_String-->
								</point>
								<point>
									1.55359 1.49354 0.435881
									<!--BW_String-->
								</point>
								<point>
									1.55359 1.49354 0.504083
									<!--BW_String-->
								</point>
								<point>
									1.55359 1.49354 0.572285
									<!--BW_String-->
								</point>
								<point>
									1.55359 1.49354 0.640486
									<!--BW_String-->
								</point>
								<point>
									1.55359 1.49354 0.708688
									<!--BW_String-->
								</point>
								<point>
									1.55359 1.49354 0.776889
									<!--BW_String-->
								</point>
								<point>
									1.55359 1.49354 0.84509
									<!--BW_String-->
								</point>
								<point>
									1.55359 1.49354 0.913292
									<!--BW_String-->
								</point>
								<point>
									1.55359 1.49354 0.981493
									<!--BW_String-->
								</point>
								<point>
									1.55359 1.49354 1.04969
									<!--BW_String-->
								</point>
								<point>
									1.55359 1.49354 1.1179
									<!--BW_String-->
								</point>
								<point>
									1.55359 1.49354 1.1861
									<!--BW_String-->
								</point>
								<point>
									1.55359 1.49354 1.2543
									<!--BW_String-->
								</point>
								<point>
									1.55359 1.49354 1.3225
									<!--BW_String-->
								</point>
								<point>
									1.55359 1.49354 1.3907
									<!--BW_String-->
								</point>
								<point>
									1.55359 1.49354 1.4589
									<!--BW_String-->
								</point>
								<point>
									1.55359 1.49354 1.52711
									<!--BW_String-->
								</point>
								<point>
									1.55359 1.49354 1.59531
									<!--BW_String-->
								</point>
								<point>
									1.55359 1.49354 1.66351
									<!--BW_String-->
								</point>
								<point>
									1.55359 1.49354 1.73171
									<!--BW_String-->
								</point>
								<point>
									1.55359 1.49354 1.79991
									<!--BW_String-->
								</point>
								<point>
									1.55359 1.49354 1.86811
									<!--BW_String-->
								</point>
								<point>
									1.55359 1.49354 1.93631
									<!--BW_String-->
								</point>
								<point>
									1.55359 1.49354 2.00451
									<!--BW_String-->
								</point>
								<point>
									1.55359 1.49354 2.07272
									<!--BW_String-->
								</point>
								<point>
									1.55359 1.49354 2.14092
									<!--BW_String-->
								</point>
								<point>
									1.55359 1.49354 2.20912
									<!--BW_String-->
								</point>
								<point>
									1.55359 1.49354 2.27732
									<!--BW_String-->
								</point>
								<point>
									1.55359 1.49354 2.34552
									<!--BW_String-->
								</point>
								<point>
									1.55359 1.49354 2.41372
									<!--BW_String-->
								</point>
								<point>
									1.55359 1.49354 2.48192
									<!--BW_String-->
								</point>
								<point>
									1.55359 1.49354 2.55013
									<!--BW_String-->
								</point>
								<point>
									1.55359 1.49354 2.61833
									<!--BW_String-->
								</point>
								<point>
									1.55359 1.49354 2.68653
									<!--BW_String-->
								</point>
								<point>
									1.55359 1.49354 2.75473
									<!--BW_String-->
								</point>
								<point>
									1.55359 1.49354 2.82293
									<!--BW_String-->
								</point>
								<point>
									1.55359 1.49354 2.89113
									<!--BW_String-->
								</point>
								<point>
									1.55359 1.49354 2.95934
									<!--BW_String-->
								</point>
								<point>
									1.55359 1.49354 3.02754
									<!--BW_String-->
								</point>
								<point>
									1.55359 1.49354 3.09574
									<!--BW_String-->
								</point>
								<point>
									1.55359 1.49354 3.16394
									<!--BW_String-->
								</point>
								<point>
									1.55359 1.49354 3.23214
									<!--BW_String-->
								</point>
								<point>
									1.55359 1.49354 3.30034
									<!--BW_String-->
								</point>
								<point>
									1.55359 1.49354 3.36854
									<!--BW_String-->
								</point>
								<point>
									1.55359 1.49354 3.43675
									<!--BW_String-->
								</point>
								<point>
									1.55359 1.49354 3.50495
									<!--BW_String-->
								</point>
								<point>
									1.55359 1.45591 3.57315
									<!--BW_String-->
								</point>
								<point>
									1.55359 1.39568 3.64135
									<!--BW_String-->
								</point>
								<point>
									1.55359 1.33525 3.70955
									<!--BW_String-->
								</point>
								<point>
									1.66359 1.25449 3.77775
									<!--BW_String-->
								</point>
								<point>
									1.79359 1.18963 3.84595
									<!--BW_String-->
								</point>
							</range>
						</top>
						<bottom>
							<range>
								<point>
									1.6836 1.10766 -2.83779
									<!--BW_String-->
								</point>
								<point>
									1.6836 1.10766 -2.76959
									<!--BW_String-->
								</point>
								<point>
									1.6936 1.03326 -2.70138
									<!--BW_String-->
								</point>
								<point>
									1.6936 1.03326 -2.63318
									<!--BW_String-->
								</point>
								<point>
									1.6936 1.03326 -2.56498
									<!--BW_String-->
								</point>
								<point>
									1.6936 1.03326 -2.49678
									<!--BW_String-->
								</point>
								<point>
									1.6936 1.03326 -2.42858
									<!--BW_String-->
								</point>
								<point>
									1.6936 1.03326 -2.36038
									<!--BW_String-->
								</point>
								<point>
									1.6936 1.03326 -2.29218
									<!--BW_String-->
								</point>
								<point>
									1.6936 1.03326 -2.22397
									<!--BW_String-->
								</point>
								<point>
									1.6936 1.03326 -2.15577
									<!--BW_String-->
								</point>
								<point>
									1.6936 1.03326 -2.08757
									<!--BW_String-->
								</point>
								<point>
									1.6936 1.03326 -2.01937
									<!--BW_String-->
								</point>
								<point>
									1.6936 1.03326 -1.95117
									<!--BW_String-->
								</point>
								<point>
									1.6936 1.03326 -1.88297
									<!--BW_String-->
								</point>
								<point>
									1.6936 1.03326 -1.81477
									<!--BW_String-->
								</point>
								<point>
									1.6936 1.03326 -1.74656
									<!--BW_String-->
								</point>
								<point>
									1.6936 1.03326 -1.67836
									<!--BW_String-->
								</point>
								<point>
									1.6936 1.03326 -1.61016
									<!--BW_String-->
								</point>
								<point>
									1.6936 1.03326 -1.54196
									<!--BW_String-->
								</point>
								<point>
									1.6836 1.10766 -1.47376
									<!--BW_String-->
								</point>
								<point>
									1.7536 1.04976 -1.40556
									<!--BW_String-->
								</point>
								<point>
									1.6936 1.03325 -1.33736
									<!--BW_String-->
								</point>
								<point>
									1.6936 1.03325 -1.26915
									<!--BW_String-->
								</point>
								<point>
									1.6936 1.03325 -1.20095
									<!--BW_String-->
								</point>
								<point>
									1.6936 1.03325 -1.13275
									<!--BW_String-->
								</point>
								<point>
									1.6936 1.03325 -1.06455
									<!--BW_String-->
								</point>
								<point>
									1.6936 1.03325 -0.996349
									<!--BW_String-->
								</point>
								<point>
									1.6936 1.03326 -0.928147
									<!--BW_String-->
								</point>
								<point>
									1.6936 1.03326 -0.859946
									<!--BW_String-->
								</point>
								<point>
									1.6936 1.03326 -0.791744
									<!--BW_String-->
								</point>
								<point>
									1.6836 1.03326 -0.723543
									<!--BW_String-->
								</point>
								<point>
									1.6836 1.03326 -0.655341
									<!--BW_String-->
								</point>
								<point>
									1.6836 1.03326 -0.58714
									<!--BW_String-->
								</point>
								<point>
									1.6836 1.03326 -0.518939
									<!--BW_String-->
								</point>
								<point>
									1.6836 1.03326 -0.450737
									<!--BW_String-->
								</point>
								<point>
									1.6836 1.03326 -0.382536
									<!--BW_String-->
								</point>
								<point>
									1.6836 1.03327 -0.314334
									<!--BW_String-->
								</point>
								<point>
									1.6836 1.03327 -0.246133
									<!--BW_String-->
								</point>
								<point>
									1.68359 1.10765 -0.177931
									<!--BW_String-->
								</point>
								<point>
									1.68359 1.10765 -0.10973
									<!--BW_String-->
								</point>
								<point>
									1.68359 1.03322 -0.0415284
									<!--BW_String-->
								</point>
								<point>
									1.68359 1.03322 0.0266731
									<!--BW_String-->
								</point>
								<point>
									1.68359 1.03322 0.0948742
									<!--BW_String-->
								</point>
								<point>
									1.68359 1.03322 0.163076
									<!--BW_String-->
								</point>
								<point>
									1.68359 1.03322 0.231277
									<!--BW_String-->
								</point>
								<point>
									1.68359 1.03322 0.299479
									<!--BW_String-->
								</point>
								<point>
									1.68359 1.03322 0.36768
									<!--BW_String-->
								</point>
								<point>
									1.68359 1.03322 0.435881
									<!--BW_String-->
								</point>
								<point>
									1.68359 1.03322 0.504083
									<!--BW_String-->
								</point>
								<point>
									1.68359 1.03322 0.572285
									<!--BW_String-->
								</point>
								<point>
									1.68359 1.03322 0.640486
									<!--BW_String-->
								</point>
								<point>
									1.68359 1.03322 0.708688
									<!--BW_String-->
								</point>
								<point>
									1.68359 1.03322 0.776889
									<!--BW_String-->
								</point>
								<point>
									1.68359 1.03322 0.84509
									<!--BW_String-->
								</point>
								<point>
									1.68359 1.03322 0.913292
									<!--BW_String-->
								</point>
								<point>
									1.68359 1.03322 0.981493
									<!--BW_String-->
								</point>
								<point>
									1.68359 1.03322 1.04969
									<!--BW_String-->
								</point>
								<point>
									1.68359 1.03322 1.1179
									<!--BW_String-->
								</point>
								<point>
									1.68359 1.03322 1.1861
									<!--BW_String-->
								</point>
								<point>
									1.68359 1.03322 1.2543
									<!--BW_String-->
								</point>
								<point>
									1.68359 1.03322 1.3225
									<!--BW_String-->
								</point>
								<point>
									1.68359 1.03322 1.3907
									<!--BW_String-->
								</point>
								<point>
									1.68359 1.10765 1.4589
									<!--BW_String-->
								</point>
								<point>
									1.68359 1.0333 1.52711
									<!--BW_String-->
								</point>
								<point>
									1.68359 1.03331 1.59531
									<!--BW_String-->
								</point>
								<point>
									1.68359 1.03332 1.66351
									<!--BW_String-->
								</point>
								<point>
									1.68359 1.03333 1.73171
									<!--BW_String-->
								</point>
								<point>
									1.68359 1.03334 1.79991
									<!--BW_String-->
								</point>
								<point>
									1.68359 1.03335 1.86811
									<!--BW_String-->
								</point>
								<point>
									1.68359 1.03336 1.93631
									<!--BW_String-->
								</point>
								<point>
									1.68359 1.03337 2.00451
									<!--BW_String-->
								</point>
								<point>
									1.68359 1.03338 2.07272
									<!--BW_String-->
								</point>
								<point>
									1.68359 1.03339 2.14092
									<!--BW_String-->
								</point>
								<point>
									1.68359 1.0334 2.20912
									<!--BW_String-->
								</point>
								<point>
									1.68359 1.03341 2.27732
									<!--BW_String-->
								</point>
								<point>
									1.68359 1.03342 2.34552
									<!--BW_String-->
								</point>
								<point>
									1.68359 1.03343 2.41372
									<!--BW_String-->
								</point>
								<point>
									1.68359 1.03344 2.48192
									<!--BW_String-->
								</point>
								<point>
									1.68359 1.03345 2.55013
									<!--BW_String-->
								</point>
								<point>
									1.68359 1.03346 2.61833
									<!--BW_String-->
								</point>
								<point>
									1.68359 1.03347 2.68653
									<!--BW_String-->
								</point>
								<point>
									1.68359 1.03348 2.75473
									<!--BW_String-->
								</point>
								<point>
									1.66359 1.08474 2.82293
									<!--BW_String-->
								</point>
								<point>
									1.68359 0.994205 2.89113
									<!--BW_String-->
								</point>
							</range>
						</bottom>
					</sourceCollisionHullPoints>
				</right>
			</physicalTracks>
			<customization>
				<customizableVehicleAreas>
					<paint>CHASSIS</paint>
					<camouflage/>
				</customizableVehicleAreas>
			</customization>
		</Chassis_GB11_Caernarvon_2_IGR>
	</chassis>
	<turrets0>
		<Turret_2_GB11_Caernarvon_IGR>
			<userString>#igr_vehicles:Turret_2_GB11_Caernarvon_IGR</userString>
			<tags/>
			<level>8</level>
			<price>31000</price>
			<notInShop>true</notInShop>
			<armor>
				<armor_1>
					198.1
					<!--BW_String-->
				</armor_1>
				<armor_2>
					198.1
					<!--BW_String-->
				</armor_2>
				<armor_3>
					152.4
					<!--BW_String-->
				</armor_3>
				<armor_4>
					95.3
					<!--BW_String-->
				</armor_4>
				<armor_5>
					30.2
					<!--BW_String-->
				</armor_5>
				<armor_6>
					38.1
					<!--BW_String-->
				</armor_6>
				<armor_7>
					76.2
					<!--BW_String-->
				</armor_7>
				<armor_8>0</armor_8>
				<armor_9>
					85.7
					<!--BW_String-->
				</armor_9>
				<armor_10>
					95.3
					<!--BW_String-->
				</armor_10>
				<armor_11>127</armor_11>
				<armor_12>
					28.6
					<!--BW_String-->
				</armor_12>
				<armor_13>
					38.1
					<!--BW_String-->
				</armor_13>
				<armor_14>
					50.8
					<!--BW_String-->
				</armor_14>
			</armor>
			<primaryArmor>armor_1 armor_3 armor_4</primaryArmor>
			<weight>10400</weight>
			<maxHealth>400</maxHealth>
			<rotationSpeed>36</rotationSpeed>
			<turretRotatorHealth>
				<maxHealth>150</maxHealth>
				<maxRegenHealth>75</maxRegenHealth>
				<repairCost>
					1.0
					<!--BW_String-->
				</repairCost>
			</turretRotatorHealth>
			<circularVisionRadius>400</circularVisionRadius>
			<surveyingDeviceHealth>
				<maxHealth>100</maxHealth>
				<maxRegenHealth>50</maxRegenHealth>
				<repairCost>
					2.0
					<!--BW_String-->
				</repairCost>
			</surveyingDeviceHealth>
			<invisibilityFactor>
				0.907
				<!--BW_String-->
			</invisibilityFactor>
			<guns>
				<_20pdr_Gun_Type_B_IGR>
					shared
					<maxAmmo>60</maxAmmo>
					<pitchLimits>
						<minPitch>0 -18 1 -18</minPitch>
						<maxPitch>
							0 10 0.405226 10 0.439226 5.9 0.5 6.5 0.557112 5.9 0.589774 10 1 10
							<!--BW_String-->
						</maxPitch>
					</pitchLimits>
					<armor>
						<gun>40</gun>
					</armor>
					<shotDispersionRadius>
						0.32
						<!--BW_String-->
					</shotDispersionRadius>
					<reloadTime>
						7.8
						<!--BW_String-->
					</reloadTime>
					<aimingTime>
						1.9
						<!--BW_String-->
					</aimingTime>
					<invisibilityFactorAtShot>
						0.238
						<!--BW_String-->
					</invisibilityFactorAtShot>
					<shotDispersionFactors>
						<turretRotation>
							0.14
							<!--BW_String-->
						</turretRotation>
						<afterShot>
							3.5
							<!--BW_String-->
						</afterShot>
						<whileGunDamaged>
							2.0
							<!--BW_String-->
						</whileGunDamaged>
					</shotDispersionFactors>
					<models>
						<undamaged>vehicles/british/GB11_Caernarvon/normal/lod0/Gun_04.model</undamaged>
						<destroyed>vehicles/british/GB11_Caernarvon/crash/lod0/Gun_04.model</destroyed>
						<exploded>vehicles/british/GB11_Caernarvon/crash/lod0/Gun_04.model</exploded>
					</models>
					<hitTester>
						<collisionModelServer>vehicles/british/GB11_Caernarvon/collision/Gun_04.model</collisionModelServer>
						<collisionModelClient>vehicles/british/GB11_Caernarvon/collision_client/Gun_04.model</collisionModelClient>
					</hitTester>
					<animateEmblemSlots>true</animateEmblemSlots>
					<effects>shot_94mm</effects>
					<customization>
						<customizableVehicleAreas>
							<paint>GUN GUN_2</paint>
							<camouflage>GUN</camouflage>
						</customizableVehicleAreas>
					</customization>
					<customizationSlots>
						<slot>
							<slotType>insigniaOnGun</slotType>
							<slotId>49000</slotId>
							<rayStart>
								0.100814 -0.0317759 2.75815
								<!--BW_String-->
							</rayStart>
							<rayEnd>
								0.152606 -0.00237393 2.75791
								<!--BW_String-->
							</rayEnd>
							<rayUp>
								0.083 0.079 4
								<!--BW_String-->
							</rayUp>
							<size>
								0.6
								<!--BW_String-->
							</size>
							<hideIfDamaged>false</hideIfDamaged>
							<isUVProportional>true</isUVProportional>
						</slot>
					</customizationSlots>
					<camouflage>
						<tiling>
							0.535 0.535 0.000000 0.000000
							<!--BW_String-->
						</tiling>
						<density>
							107.239 109.503
							<!--BW_String-->
						</density>
						<aoTextureSize>512 512</aoTextureSize>
					</camouflage>
				</_20pdr_Gun_Type_B_IGR>
			</guns>
			<models>
				<undamaged>vehicles/british/GB11_Caernarvon/normal/lod0/Turret_02.model</undamaged>
				<destroyed>vehicles/british/GB11_Caernarvon/crash/lod0/Turret_02.model</destroyed>
				<exploded>vehicles/british/GB11_Caernarvon/crash/lod0/Turret_02.model</exploded>
			</models>
			<hitTester>
				<collisionModelServer>vehicles/british/GB11_Caernarvon/collision/Turret_02.model</collisionModelServer>
				<collisionModelClient>vehicles/british/GB11_Caernarvon/collision_client/Turret_02.model</collisionModelClient>
			</hitTester>
			<gunPosition>-0.036073 0.427496 0.904735</gunPosition>
			<showEmblemsOnGun>false</showEmblemsOnGun>
			<physicsShape>
				0.954 -0.091 1.029 -0.010 0.519 0.341 0.664 0.710 0.271 0.500 0.130 0.500 0.000 0.100 0.148
				<!--BW_String-->
			</physicsShape>
			<wwturretRotatorSoundManual>tur_mech_trav</wwturretRotatorSoundManual>
			<customization>
				<customizableVehicleAreas>
					<paint>TURRET</paint>
					<camouflage>TURRET</camouflage>
				</customizableVehicleAreas>
			</customization>
			<customizationSlots>
				<slot>
					<slotType>player</slotType>
					<slotId>33000</slotId>
					<rayStart>
						-1.08834 0.659286 -0.544116
						<!--BW_String-->
					</rayStart>
					<rayEnd>-0.895862 0.625419 -0.501599</rayEnd>
					<rayUp>
						0.000000 1 0.000000
						<!--BW_String-->
					</rayUp>
					<size>
						0.24
						<!--BW_String-->
					</size>
					<hideIfDamaged>false</hideIfDamaged>
					<isUVProportional>true</isUVProportional>
				</slot>
				<slot>
					<slotType>inscription</slotType>
					<slotId>34000</slotId>
					<rayStart>
						1.40201 0.729977 -0.512509
						<!--BW_String-->
					</rayStart>
					<rayEnd>
						1.3339 0.542199 -0.502659
						<!--BW_String-->
					</rayEnd>
					<rayUp>
						-0.9131 0.389937 0.119148
						<!--BW_String-->
					</rayUp>
					<size>
						0.596
						<!--BW_String-->
					</size>
					<hideIfDamaged>true</hideIfDamaged>
					<isUVProportional>true</isUVProportional>
				</slot>
			</customizationSlots>
			<camouflage>
				<tiling>
					0.5 0.5 0.000000 0.000000
					<!--BW_String-->
				</tiling>
				<density>
					85.3543 86.6715
					<!--BW_String-->
				</density>
				<aoTextureSize>512 512</aoTextureSize>
			</camouflage>
		</Turret_2_GB11_Caernarvon_IGR>
	</turrets0>
	<engines>
		<Rolls_Royse_Meteor_M120_IGR>shared</Rolls_Royse_Meteor_M120_IGR>
	</engines>
	<fuelTanks>
		<Large>shared</Large>
	</fuelTanks>
	<radios>
		<C42_IGR>shared</C42_IGR>
	</radios>
	<physics>
		<detailed>
			<engines>
				<Rolls_Royse_Meteor_M120_IGR>
					<smplEnginePower>
						856.3977
						<!--BW_String-->
					</smplEnginePower>
					<smplFwMaxSpeed>
						34.3
						<!--BW_String-->
					</smplFwMaxSpeed>
				</Rolls_Royse_Meteor_M120_IGR>
			</engines>
			<chassis>
				<Chassis_GB11_Caernarvon_2_IGR>
					<grounds>
						<soft>
							<rollingFriction>
								0.18515
								<!--BW_String-->
							</rollingFriction>
						</soft>
						<medium>
							<rollingFriction>
								0.10465
								<!--BW_String-->
							</rollingFriction>
						</medium>
						<firm>
							<rollingFriction>
								0.08855
								<!--BW_String-->
							</rollingFriction>
						</firm>
					</grounds>
				</Chassis_GB11_Caernarvon_2_IGR>
			</chassis>
		</detailed>
	</physics>
	<clientAdjustmentFactors>
		<armour>
			1.027357776
			<!--BW_String-->
		</armour>
	</clientAdjustmentFactors>
	<effects>
		<collision/>
		<damagedStateGroup>large</damagedStateGroup>
	</effects>
	<emblems>
		<default>15506</default>
		<lodDist>MEDIUM</lodDist>
		<alpha>
			0.88
			<!--BW_String-->
		</alpha>
	</emblems>
</root>
