<?xml version="1.0" encoding="utf-8"?>
<root>
	<xmlns:xmlref>http://bwt/xmlref</xmlns:xmlref>
	<crew>
		<commander>radioman</commander>
		<gunner/>
		<driver/>
		<loader/>
		<loader/>
	</crew>
	<supplySlots>4 1 1 6 6 6 7 8 8 8</supplySlots>
	<speedLimits>
		<forward>
			72.4
			<!--BW_String-->
		</forward>
		<backward>14</backward>
	</speedLimits>
	<invisibility>
		<moving>
			0.128
			<!--BW_String-->
		</moving>
		<still>
			0.256
			<!--BW_String-->
		</still>
		<camouflageBonus>
			0.02
			<!--BW_String-->
		</camouflageBonus>
		<firePenalty>
			0.384
			<!--BW_String-->
		</firePenalty>
	</invisibility>
	<optDevsOverrides>
		<camouflageNet>
			<invisibilityBonus>
				0.05 0.075
				<!--BW_String-->
			</invisibilityBonus>
		</camouflageNet>
		<additionalInvisibilityDevice>
			<invisibilityBonus>
				0.03 0.04
				<!--BW_String-->
			</invisibilityBonus>
		</additionalInvisibilityDevice>
	</optDevsOverrides>
	<repairCost>
		7.00
		<!--BW_String-->
	</repairCost>
	<crewXpFactor>
		1.0
		<!--BW_String-->
	</crewXpFactor>
	<camouflage>
		<priceFactor>
			1.2
			<!--BW_String-->
		</priceFactor>
		<tiling>1 1 0 0</tiling>
		<exclusionMask/>
	</camouflage>
	<hull>
		<fakeTurrets>
			<lobby>0</lobby>
			<battle>0</battle>
		</fakeTurrets>
		<armor>
			<armor_1>14</armor_1>
			<armor_2>14</armor_2>
			<armor_3>14</armor_3>
			<armor_4>14</armor_4>
			<armor_5>10</armor_5>
			<armor_6>10</armor_6>
			<armor_7>14</armor_7>
			<armor_8>0</armor_8>
			<armor_9>14</armor_9>
		</armor>
		<primaryArmor>armor_1 armor_3 armor_4</primaryArmor>
		<weight>11056</weight>
		<maxHealth>224</maxHealth>
		<ammoBayHealth>
			<maxHealth>100</maxHealth>
			<maxRegenHealth>50</maxRegenHealth>
			<repairCost>
				1.0
				<!--BW_String-->
			</repairCost>
		</ammoBayHealth>
		<models>
			<undamaged>vehicles/british/GB77_FV304/normal/lod0/Hull.model</undamaged>
			<destroyed>vehicles/british/GB77_FV304/crash/lod0/Hull.model</destroyed>
			<exploded>vehicles/british/GB77_FV304/crash/lod0/Hull.model</exploded>
		</models>
		<swinging>
			<lodDist>FAR</lodDist>
			<pitchParams>
				0.26 34.00 0.38 1.00 0.05 0.30
				<!--BW_String-->
			</pitchParams>
			<rollParams>
				1.00 0.26 34.00 0.38 1.00 0.05 0.30
				<!--BW_String-->
			</rollParams>
			<sensitivityToImpulse>
				0.79
				<!--BW_String-->
			</sensitivityToImpulse>
		</swinging>
		<exhaust>
			<pixie>gas_medium</pixie>
			<nodes>HP_Track_Exhaus_1 HP_Track_Exhaus_2</nodes>
		</exhaust>
		<turretPositions>
			<turret>
				0.000000 0.794778 -0.8595
				<!--BW_String-->
			</turret>
		</turretPositions>
		<hitTester>
			<collisionModelServer>vehicles/british/GB77_FV304/collision/Hull.model</collisionModelServer>
			<collisionModelClient>vehicles/british/GB77_FV304/collision_client/Hull.model</collisionModelClient>
		</hitTester>
		<hangarShadowTexture>vehicles/british/GB77_FV304/FV304_HangarShadowMap.dds</hangarShadowTexture>
		<customization>
			<customizableVehicleAreas>
				<paint>HULL</paint>
				<camouflage>HULL</camouflage>
			</customizableVehicleAreas>
		</customization>
		<customizationSlots>
			<slot>
				<slotType>clan</slotType>
				<slotId>10000</slotId>
				<rayStart>
					0.393792 0.20506 2.90675
					<!--BW_String-->
				</rayStart>
				<rayEnd>
					0.393792 0.191099 2.50701
					<!--BW_String-->
				</rayEnd>
				<rayUp>
					0.000000 1 0.000000
					<!--BW_String-->
				</rayUp>
				<size>
					0.24
					<!--BW_String-->
				</size>
				<hideIfDamaged>true</hideIfDamaged>
				<isUVProportional>true</isUVProportional>
			</slot>
			<slot>
				<slotType>player</slotType>
				<slotId>13000</slotId>
				<rayStart>
					1.60014 0.497787 0.199707
					<!--BW_String-->
				</rayStart>
				<rayEnd>
					1.20014 0.497786 0.199707
					<!--BW_String-->
				</rayEnd>
				<rayUp>
					0.000000 1 0.000000
					<!--BW_String-->
				</rayUp>
				<size>
					0.24
					<!--BW_String-->
				</size>
				<hideIfDamaged>false</hideIfDamaged>
				<isMirrored>true</isMirrored>
				<isUVProportional>true</isUVProportional>
			</slot>
			<slot>
				<slotType>inscription</slotType>
				<slotId>14000</slotId>
				<rayStart>
					-1.60029 0.973514 -1.40277
					<!--BW_String-->
				</rayStart>
				<rayEnd>
					-1.2003 0.973514 -1.40277
					<!--BW_String-->
				</rayEnd>
				<rayUp>
					0.000000 1 0.000000
					<!--BW_String-->
				</rayUp>
				<size>
					0.74
					<!--BW_String-->
				</size>
				<hideIfDamaged>true</hideIfDamaged>
				<isUVProportional>true</isUVProportional>
			</slot>
			<slot>
				<slotType>inscription</slotType>
				<slotId>14001</slotId>
				<rayStart>
					1.60012 0.930397 -1.54384
					<!--BW_String-->
				</rayStart>
				<rayEnd>
					1.20013 0.930397 -1.54384
					<!--BW_String-->
				</rayEnd>
				<rayUp>
					0.000000 1 0.000000
					<!--BW_String-->
				</rayUp>
				<size>
					0.74
					<!--BW_String-->
				</size>
				<hideIfDamaged>false</hideIfDamaged>
				<isUVProportional>true</isUVProportional>
			</slot>
		</customizationSlots>
		<camouflage>
			<density>
				101.576 101.621
				<!--BW_String-->
			</density>
			<aoTextureSize>1024 1024</aoTextureSize>
		</camouflage>
	</hull>
	<chassis>
		<Chassis_GB77_FV304_2_IGR>
			<userString>#igr_vehicles:Chassis_GB77_FV304_IGR</userString>
			<tags/>
			<level>6</level>
			<price>15000</price>
			<notInShop>true</notInShop>
			<armor>
				<leftTrack>20</leftTrack>
				<rightTrack>20</rightTrack>
			</armor>
			<weight>8000</weight>
			<maxLoad>22700</maxLoad>
			<terrainResistance>
				1.1 1.4 2.1
				<!--BW_String-->
			</terrainResistance>
			<brakeForce>21000</brakeForce>
			<rotationIsAroundCenter>true</rotationIsAroundCenter>
			<rotationSpeed>22</rotationSpeed>
			<shotDispersionFactors>
				<vehicleMovement>
					0.38
					<!--BW_String-->
				</vehicleMovement>
				<vehicleRotation>
					0.38
					<!--BW_String-->
				</vehicleRotation>
			</shotDispersionFactors>
			<bulkHealthFactor>
				3.0
				<!--BW_String-->
			</bulkHealthFactor>
			<maxHealth>90</maxHealth>
			<maxRegenHealth>70</maxRegenHealth>
			<repairCost>
				1.0
				<!--BW_String-->
			</repairCost>
			<models>
				<undamaged>vehicles/british/GB77_FV304/normal/lod0/Chassis.model</undamaged>
				<destroyed>vehicles/british/GB77_FV304/crash/lod0/Chassis.model</destroyed>
				<exploded>vehicles/british/GB77_FV304/crash/lod0/Chassis.model</exploded>
			</models>
			<traces>
				<lodDist>FAR</lodDist>
				<bufferPrefs>smallTank</bufferPrefs>
				<textureSet>usa_01</textureSet>
				<size>
					0.4 0.52
					<!--BW_String-->
				</size>
			</traces>
			<tracks>
				<lodDist>MEDIUM_TRACK</lodDist>
				<leftMaterial>track_mat_L_skinned</leftMaterial>
				<rightMaterial>track_mat_R_skinned</rightMaterial>
				<textureScale>
					-2.6
					<!--BW_String-->
				</textureScale>
			</tracks>
			<wheels>
				<lodDist>MEDIUM</lodDist>
				<wheel>
					<isLeft>true</isLeft>
					<isLeading>true</isLeading>
					<name>WD_L0</name>
					<radius>
						0.27457
						<!--BW_String-->
					</radius>
					<syncAngle>18</syncAngle>
				</wheel>
				<group>
					<isLeft>true</isLeft>
					<template>WD_L</template>
					<radius>0.140264</radius>
					<startIndex>1</startIndex>
					<count>2</count>
				</group>
				<group>
					<isLeft>true</isLeft>
					<template>W_L</template>
					<radius>0.289496</radius>
					<startIndex>0</startIndex>
					<count>4</count>
				</group>
				<wheel>
					<isLeft>true</isLeft>
					<isLeading>false</isLeading>
					<name>W_L4</name>
					<radius>0.289496</radius>
				</wheel>
				<wheel>
					<isLeft>false</isLeft>
					<isLeading>true</isLeading>
					<name>WD_R0</name>
					<radius>
						0.27457
						<!--BW_String-->
					</radius>
					<syncAngle>18</syncAngle>
				</wheel>
				<group>
					<isLeft>false</isLeft>
					<template>WD_R</template>
					<radius>0.140264</radius>
					<startIndex>1</startIndex>
					<count>2</count>
				</group>
				<group>
					<isLeft>false</isLeft>
					<template>W_R</template>
					<radius>0.289496</radius>
					<startIndex>0</startIndex>
					<count>4</count>
				</group>
				<wheel>
					<isLeft>true</isLeft>
					<isLeading>false</isLeading>
					<name>W_R4</name>
					<radius>0.289496</radius>
				</wheel>
			</wheels>
			<drivingWheels>WD_L0 W_L4</drivingWheels>
			<effects>
				<lodDist>MEDIUM</lodDist>
				<mud>mediumTankMud</mud>
			</effects>
			<wwsoundPC>treads_type_pc</wwsoundPC>
			<wwsoundNPC>trds_chf_npc</wwsoundNPC>
			<hullPosition>
				0.000000 1.01032 0.000000
				<!--BW_String-->
			</hullPosition>
			<hitTester>
				<collisionModelServer>vehicles/british/GB77_FV304/collision/Chassis.model</collisionModelServer>
				<collisionModelClient>vehicles/british/GB77_FV304/collision_client/Chassis.model</collisionModelClient>
			</hitTester>
			<topRightCarryingPoint>
				1.18776 1.75629
				<!--BW_String-->
			</topRightCarryingPoint>
			<maxClimbAngle>25</maxClimbAngle>
			<navmeshGirth>
				6.0
				<!--BW_String-->
			</navmeshGirth>
			<AODecals>
				<decal>
					<transform>
						<row0>4.109370 0.000000 0.000000</row0>
						<row1>0.000000 1.041960 0.000000</row1>
						<row2>0.000000 0.000000 5.759000</row2>
						<row3>-0.006378 -0.000693 0.309137</row3>
					</transform>
				</decal>
			</AODecals>
			<splineDesc>
				<segmentModelLeft>vehicles/british/GB77_FV304/track/segment.model</segmentModelLeft>
				<segmentModelRight>vehicles/british/GB77_FV304/track/segment.model</segmentModelRight>
				<left>vehicles/british/GB77_FV304/track/left.track</left>
				<right>vehicles/british/GB77_FV304/track/right.track</right>
				<segmentLength>
					0.106
					<!--BW_String-->
				</segmentLength>
				<segmentOffset>
					0.051
					<!--BW_String-->
				</segmentOffset>
				<lodDist>SPLINE_TRACK</lodDist>
				<atlas>
					<UTiles>1</UTiles>
					<VTiles>1</VTiles>
				</atlas>
			</splineDesc>
			<trackThickness>
				-0.0232
				<!--BW_String-->
			</trackThickness>
			<trackNodes>
				<enable>true</enable>
				<linkBones>false</linkBones>
				<maxAmplitude>
					0.08
					<!--BW_String-->
				</maxAmplitude>
				<maxOffset>
					0.08
					<!--BW_String-->
				</maxOffset>
				<gravity>
					-9.8
					<!--BW_String-->
				</gravity>
				<elasticity>1000</elasticity>
				<damping>2</damping>
				<node>
					<isLeft>true</isLeft>
					<name>Track_VT_L0</name>
					<forwardElastK>2</forwardElastK>
					<backwardElastK>
						0.7
						<!--BW_String-->
					</backwardElastK>
					<offset>
						-0.076
						<!--BW_String-->
					</offset>
				</node>
				<node>
					<isLeft>false</isLeft>
					<name>Track_VD_R0</name>
					<forwardElastK>
						0.8
						<!--BW_String-->
					</forwardElastK>
					<backwardElastK>3</backwardElastK>
				</node>
				<node>
					<isLeft>true</isLeft>
					<name>Track_VT_L1</name>
					<forwardElastK>2</forwardElastK>
					<backwardElastK>
						0.5
						<!--BW_String-->
					</backwardElastK>
					<offset>
						-0.121
						<!--BW_String-->
					</offset>
				</node>
				<node>
					<isLeft>true</isLeft>
					<name>Track_VT_L2</name>
					<offset>
						-0.027
						<!--BW_String-->
					</offset>
				</node>
				<node>
					<isLeft>true</isLeft>
					<name>Track_VD_L0</name>
					<forwardElastK>
						0.8
						<!--BW_String-->
					</forwardElastK>
					<backwardElastK>3</backwardElastK>
				</node>
				<node>
					<isLeft>false</isLeft>
					<name>Track_VT_R0</name>
					<forwardElastK>2</forwardElastK>
					<backwardElastK>
						0.7
						<!--BW_String-->
					</backwardElastK>
					<offset>
						-0.076
						<!--BW_String-->
					</offset>
				</node>
				<node>
					<isLeft>false</isLeft>
					<name>Track_VT_R1</name>
					<forwardElastK>2</forwardElastK>
					<backwardElastK>
						0.5
						<!--BW_String-->
					</backwardElastK>
					<offset>
						-0.121
						<!--BW_String-->
					</offset>
				</node>
				<node>
					<isLeft>false</isLeft>
					<name>Track_VT_R2</name>
					<offset>
						-0.027
						<!--BW_String-->
					</offset>
				</node>
			</trackNodes>
			<groundNodes>
				<group>
					<template>Track_L</template>
					<startIndex>0</startIndex>
					<count>5</count>
					<isLeft>true</isLeft>
					<minOffset>
						-0.15286
						<!--BW_String-->
					</minOffset>
					<maxOffset>
						0.00887573
						<!--BW_String-->
					</maxOffset>
				</group>
				<group>
					<template>Track_R</template>
					<startIndex>0</startIndex>
					<count>5</count>
					<isLeft>false</isLeft>
					<minOffset>
						-0.15286
						<!--BW_String-->
					</minOffset>
					<maxOffset>
						0.00887573
						<!--BW_String-->
					</maxOffset>
				</group>
			</groundNodes>
			<physicalTracks>
				<left>
					<segmentsCount>106</segmentsCount>
					<segmentsOuterThickness>0.056406</segmentsOuterThickness>
					<segmentsInnerThickness>0.109193</segmentsInnerThickness>
					<segmentsPlaneOffset>
						-1.18776
						<!--BW_String-->
					</segmentsPlaneOffset>
					<springsLength>
						<backwardMovement>
							<back>0.086143</back>
							<top>
								0.0998184
								<!--BW_String-->
							</top>
							<front>
								0.0988751
								<!--BW_String-->
							</front>
							<bottom>
								0.0808034
								<!--BW_String-->
							</bottom>
						</backwardMovement>
						<forwardMovement>
							<back>
								0.0906099
								<!--BW_String-->
							</back>
							<top>
								0.0761246
								<!--BW_String-->
							</top>
							<front>0.105911</front>
							<bottom>
								0.0813888
								<!--BW_String-->
							</bottom>
						</forwardMovement>
					</springsLength>
					<mainSegment>
						<model>vehicles/british/GB77_FV304/track/segment.model</model>
						<length>
							0.0990904
							<!--BW_String-->
						</length>
					</mainSegment>
					<collisionHull>
						<bottom/>
						<top>
							<part>
								<xStart>
									-2.14963
									<!--BW_String-->
								</xStart>
								<xStep>
									0.0495452
									<!--BW_String-->
								</xStep>
								<ySamples>
									1.2295 1.2295 1.2295 1.2295 1.2295 1.2295 1.2295 1.2295 1.2295 1.2295 1.2295 1.2295 1.2295 1.2295 1.2295 1.2295 1.2295 1.2295 1.2295 1.2295 1.2295 1.2295 1.2295 1.2295 1.2295 1.2295 1.2295 1.2295 1.2295 1.2295 1.2295 1.2295 1.2295 1.2295 1.2295 1.2295 1.2295 1.2295 1.2295 1.2295 1.2295 1.2295 1.2295 1.2295 1.2295 1.2295 1.2295 1.2295 1.2295 1.2295 1.2295 1.2295 1.2295 1.2295 1.2295 1.2295 1.2295 1.2295 1.2295 1.2295 1.21514 1.21514 1.21514 1.21514 1.21514 1.21514 1.21514 1.21514 1.21514 1.21514 1.21514 1.21514 1.21514 1.21514 1.21514 1.21514 1.21514 1.21514 1.21514 1.21514 1.21514 1.21514 1.21514 1.21514 1.21514 1.21514 1.21514 1.21514 1.21514 1.21514 1.21514 1.21514 1.21514 1.21514 1.21514 1.21514 1.21514 1.21514 1.21319 1.18132 1.14945 1.11757
									<!--BW_String-->
								</ySamples>
							</part>
						</top>
					</collisionHull>
					<bottomWheels>
						<wheel>W_L4</wheel>
						<wheel>W_L3</wheel>
						<wheel>W_L2</wheel>
						<wheel>W_L1</wheel>
						<wheel>W_L0</wheel>
						<wheel>WD_L0</wheel>
					</bottomWheels>
					<snapWheels>
						<topFront>
							<wheelName>WD_L0</wheelName>
							<basePos>
								2.58422 0.76111
								<!--BW_String-->
							</basePos>
							<shiftVec>
								0.33664 0.0641956
								<!--BW_String-->
							</shiftVec>
							<jointIdx>14</jointIdx>
						</topFront>
						<topBack>
							<wheelName>W_L4</wheelName>
							<basePos>
								-1.71447 0.435438
								<!--BW_String-->
							</basePos>
							<shiftVec>
								-0.389375 0.0571349
								<!--BW_String-->
							</shiftVec>
							<jointIdx>66</jointIdx>
						</topBack>
						<bottomBack>
							<wheelName>W_L3</wheelName>
							<basePos>-0.857199 0.435437</basePos>
							<shiftVec>
								0.0492004 -0.398689
								<!--BW_String-->
							</shiftVec>
							<jointIdx>81</jointIdx>
						</bottomBack>
						<bottomFront>
							<wheelName>W_L0</wheelName>
							<basePos>
								1.71461 0.435436
								<!--BW_String-->
							</basePos>
							<shiftVec>
								0.0764276 -0.391295
								<!--BW_String-->
							</shiftVec>
							<jointIdx>0</jointIdx>
						</bottomFront>
					</snapWheels>
					<radiusOverrides>
						<wheel>
							<name>W_L4</name>
							<radius>0.393045</radius>
						</wheel>
						<wheel>
							<name>WD_L2</name>
							<radius>
								0.17
								<!--BW_String-->
							</radius>
						</wheel>
						<wheel>
							<name>WD_L1</name>
							<radius>
								0.17
								<!--BW_String-->
							</radius>
						</wheel>
						<wheel>
							<name>WD_L0</name>
							<radius>0.342132</radius>
						</wheel>
					</radiusOverrides>
					<teethSyncs>
						<syncWithMainModel>true</syncWithMainModel>
						<segmentSyncPivotOffset>
							-1.188
							<!--BW_String-->
						</segmentSyncPivotOffset>
						<sync>
							<name>WD_L0</name>
							<startAngle>
								-2.21647
								<!--BW_String-->
							</startAngle>
							<teethCount>20</teethCount>
						</sync>
					</teethSyncs>
					<sourceCollisionHullPoints>
						<top>
							<range>
								<point>
									-1.15775 1.32966 -2.14956
									<!--BW_String-->
								</point>
								<point>
									-1.15775 1.32966 -2.10002
									<!--BW_String-->
								</point>
								<point>
									-1.15775 1.32966 -2.05047
									<!--BW_String-->
								</point>
								<point>
									-1.15775 1.32966 -2.00093
									<!--BW_String-->
								</point>
								<point>
									-1.15775 1.32966 -1.95138
									<!--BW_String-->
								</point>
								<point>
									-1.15775 1.32966 -1.90184
									<!--BW_String-->
								</point>
								<point>
									-1.15775 1.32966 -1.85229
									<!--BW_String-->
								</point>
								<point>
									-1.15775 1.32966 -1.80275
									<!--BW_String-->
								</point>
								<point>
									-1.15775 1.32966 -1.7532
									<!--BW_String-->
								</point>
								<point>
									-1.15775 1.32966 -1.70366
									<!--BW_String-->
								</point>
								<point>
									-1.15775 1.32966 -1.65411
									<!--BW_String-->
								</point>
								<point>
									-1.15775 1.32966 -1.60457
									<!--BW_String-->
								</point>
								<point>
									-1.15775 1.32966 -1.55502
									<!--BW_String-->
								</point>
								<point>
									-1.15775 1.32966 -1.50548
									<!--BW_String-->
								</point>
								<point>
									-1.15775 1.32966 -1.45593
									<!--BW_String-->
								</point>
								<point>
									-1.15775 1.32966 -1.40638
									<!--BW_String-->
								</point>
								<point>
									-1.15775 1.32966 -1.35684
									<!--BW_String-->
								</point>
								<point>
									-1.15775 1.32966 -1.30729
									<!--BW_String-->
								</point>
								<point>
									-1.15775 1.32966 -1.25775
									<!--BW_String-->
								</point>
								<point>
									-1.15775 1.32966 -1.2082
									<!--BW_String-->
								</point>
								<point>
									-1.15775 1.32966 -1.15866
									<!--BW_String-->
								</point>
								<point>
									-1.15775 1.32966 -1.10911
									<!--BW_String-->
								</point>
								<point>
									-1.15775 1.32966 -1.05957
									<!--BW_String-->
								</point>
								<point>
									-1.15775 1.32966 -1.01002
									<!--BW_String-->
								</point>
								<point>
									-1.15775 1.32966 -0.960478
									<!--BW_String-->
								</point>
								<point>
									-1.15775 1.32966 -0.910933
									<!--BW_String-->
								</point>
								<point>
									-1.15775 1.32966 -0.861388
									<!--BW_String-->
								</point>
								<point>
									-1.15775 1.32966 -0.811842
									<!--BW_String-->
								</point>
								<point>
									-1.15775 1.32966 -0.762297
									<!--BW_String-->
								</point>
								<point>
									-1.15775 1.32966 -0.712752
									<!--BW_String-->
								</point>
								<point>
									-1.15775 1.32966 -0.663207
									<!--BW_String-->
								</point>
								<point>
									-1.15775 1.32966 -0.613662
									<!--BW_String-->
								</point>
								<point>
									-1.16775 1.32966 -0.564117
									<!--BW_String-->
								</point>
								<point>
									-1.16775 1.32966 -0.514571
									<!--BW_String-->
								</point>
								<point>
									-1.16775 1.32966 -0.465026
									<!--BW_String-->
								</point>
								<point>
									-1.15775 1.32966 -0.415481
									<!--BW_String-->
								</point>
								<point>
									-1.16775 1.32966 -0.365936
									<!--BW_String-->
								</point>
								<point>
									-1.16775 1.32966 -0.316391
									<!--BW_String-->
								</point>
								<point>
									-1.16775 1.32966 -0.266845
									<!--BW_String-->
								</point>
								<point>
									-1.16775 1.32966 -0.2173
									<!--BW_String-->
								</point>
								<point>
									-1.15775 1.32966 -0.167755
									<!--BW_String-->
								</point>
								<point>
									-1.25775 1.32966 -0.11821
									<!--BW_String-->
								</point>
								<point>
									-1.16775 1.32966 -0.0686646
									<!--BW_String-->
								</point>
								<point>
									-1.27775 1.32966 -0.0191195
									<!--BW_String-->
								</point>
								<point>
									-1.28775 1.32966 0.0304258
									<!--BW_String-->
								</point>
								<point>
									-1.29775 1.32966 0.0799706
									<!--BW_String-->
								</point>
								<point>
									-1.29775 1.32966 0.129516
									<!--BW_String-->
								</point>
								<point>
									-1.29775 1.32966 0.179061
									<!--BW_String-->
								</point>
								<point>
									-1.29775 1.32966 0.228606
									<!--BW_String-->
								</point>
								<point>
									-1.29775 1.32966 0.278152
									<!--BW_String-->
								</point>
								<point>
									-1.29775 1.32966 0.327697
									<!--BW_String-->
								</point>
								<point>
									-1.29775 1.32966 0.377242
									<!--BW_String-->
								</point>
								<point>
									-1.29775 1.32966 0.426787
									<!--BW_String-->
								</point>
								<point>
									-1.29775 1.32966 0.476332
									<!--BW_String-->
								</point>
								<point>
									-1.29775 1.32966 0.525878
									<!--BW_String-->
								</point>
								<point>
									-1.16775 1.32966 0.575423
									<!--BW_String-->
								</point>
								<point>
									-1.29775 1.32966 0.624968
									<!--BW_String-->
								</point>
								<point>
									-1.29775 1.32966 0.674513
									<!--BW_String-->
								</point>
								<point>
									-1.29775 1.32966 0.724058
									<!--BW_String-->
								</point>
								<point>
									-1.29775 1.32966 0.773604
									<!--BW_String-->
								</point>
								<point>
									-1.33775 1.31529 0.823148
									<!--BW_String-->
								</point>
								<point>
									-1.32775 1.3153 0.872694
									<!--BW_String-->
								</point>
								<point>
									-1.31775 1.3153 0.922239
									<!--BW_String-->
								</point>
								<point>
									-1.29775 1.3153 0.971784
									<!--BW_String-->
								</point>
								<point>
									-1.28775 1.3153 1.02133
									<!--BW_String-->
								</point>
								<point>
									-1.26775 1.3153 1.07087
									<!--BW_String-->
								</point>
								<point>
									-1.26775 1.3153 1.12042
									<!--BW_String-->
								</point>
								<point>
									-1.24775 1.3153 1.16997
									<!--BW_String-->
								</point>
								<point>
									-1.22775 1.3153 1.21951
									<!--BW_String-->
								</point>
								<point>
									-1.21775 1.3153 1.26906
									<!--BW_String-->
								</point>
								<point>
									-1.20775 1.3153 1.3186
									<!--BW_String-->
								</point>
								<point>
									-1.18775 1.3153 1.36815
									<!--BW_String-->
								</point>
								<point>
									-1.17775 1.3153 1.41769
									<!--BW_String-->
								</point>
								<point>
									-1.16775 1.3153 1.46724
									<!--BW_String-->
								</point>
								<point>
									-1.15775 1.3153 1.51678
									<!--BW_String-->
								</point>
								<point>
									-1.15775 1.3153 1.56633
									<!--BW_String-->
								</point>
								<point>
									-1.15775 1.3153 1.61587
									<!--BW_String-->
								</point>
								<point>
									-1.15775 1.3153 1.66542
									<!--BW_String-->
								</point>
								<point>
									-1.15775 1.3153 1.71496
									<!--BW_String-->
								</point>
								<point>
									-1.15775 1.3153 1.76451
									<!--BW_String-->
								</point>
								<point>
									-1.15775 1.3153 1.81405
									<!--BW_String-->
								</point>
								<point>
									-1.15775 1.3153 1.8636
									<!--BW_String-->
								</point>
								<point>
									-1.15775 1.3153 1.91314
									<!--BW_String-->
								</point>
								<point>
									-1.15775 1.3153 1.96269
									<!--BW_String-->
								</point>
								<point>
									-1.15775 1.3153 2.01223
									<!--BW_String-->
								</point>
								<point>
									-1.15775 1.3153 2.06178
									<!--BW_String-->
								</point>
								<point>
									-1.15775 1.3153 2.11132
									<!--BW_String-->
								</point>
								<point>
									-1.15775 1.3153 2.16087
									<!--BW_String-->
								</point>
								<point>
									-1.15775 1.3153 2.21041
									<!--BW_String-->
								</point>
								<point>
									-1.15775 1.3153 2.25996
									<!--BW_String-->
								</point>
								<point>
									-1.15775 1.3153 2.3095
									<!--BW_String-->
								</point>
								<point>
									-1.15775 1.3153 2.35905
									<!--BW_String-->
								</point>
								<point>
									-1.15775 1.3153 2.4086
									<!--BW_String-->
								</point>
								<point>
									-1.15775 1.3153 2.45814
									<!--BW_String-->
								</point>
								<point>
									-1.15775 1.3153 2.50769
									<!--BW_String-->
								</point>
								<point>
									-1.15775 1.3153 2.55723
									<!--BW_String-->
								</point>
								<point>
									-1.15775 1.3153 2.60678
									<!--BW_String-->
								</point>
								<point>
									-1.15775 1.3153 2.65632
									<!--BW_String-->
								</point>
								<point>
									-1.15775 1.31335 2.70587
									<!--BW_String-->
								</point>
								<point>
									-1.15775 1.28148 2.75541
									<!--BW_String-->
								</point>
								<point>
									-1.15775 1.24961 2.80496
									<!--BW_String-->
								</point>
								<point>
									-1.15775 1.21773 2.8545
									<!--BW_String-->
								</point>
							</range>
						</top>
						<bottom/>
					</sourceCollisionHullPoints>
				</left>
				<right>
					<segmentsCount>106</segmentsCount>
					<segmentsOuterThickness>
						0.0564264
						<!--BW_String-->
					</segmentsOuterThickness>
					<segmentsInnerThickness>0.109193</segmentsInnerThickness>
					<segmentsPlaneOffset>
						1.18776
						<!--BW_String-->
					</segmentsPlaneOffset>
					<springsLength>
						<backwardMovement>
							<back>0.086143</back>
							<top>
								0.0998184
								<!--BW_String-->
							</top>
							<front>
								0.0988751
								<!--BW_String-->
							</front>
							<bottom>
								0.0808034
								<!--BW_String-->
							</bottom>
						</backwardMovement>
						<forwardMovement>
							<back>
								0.0906099
								<!--BW_String-->
							</back>
							<top>
								0.0761246
								<!--BW_String-->
							</top>
							<front>0.105911</front>
							<bottom>
								0.0813888
								<!--BW_String-->
							</bottom>
						</forwardMovement>
					</springsLength>
					<mainSegment>
						<model>vehicles/british/GB77_FV304/track/segment.model</model>
						<length>
							0.0990324
							<!--BW_String-->
						</length>
					</mainSegment>
					<collisionHull>
						<bottom/>
						<top>
							<part>
								<xStart>
									-2.15139
									<!--BW_String-->
								</xStart>
								<xStep>
									0.0495162
									<!--BW_String-->
								</xStep>
								<ySamples>
									1.2295 1.2295 1.2295 1.2295 1.2295 1.2295 1.2295 1.2295 1.2295 1.2295 1.2295 1.2295 1.2295 1.2295 1.2295 1.2295 1.2295 1.2295 1.2295 1.2295 1.2295 1.2295 1.2295 1.2295 1.2295 1.2295 1.2295 1.2295 1.2295 1.2295 1.2295 1.2295 1.2295 1.2295 1.2295 1.2295 1.2295 1.2295 1.2295 1.2295 1.2295 1.2295 1.2295 1.2295 1.2295 1.2295 1.2295 1.2295 1.2295 1.2295 1.2295 1.2295 1.2295 1.2295 1.2295 1.2295 1.2295 1.2295 1.2295 1.2295 1.21514 1.21514 1.21514 1.21514 1.21514 1.21514 1.21514 1.21514 1.21514 1.21514 1.21514 1.21514 1.21514 1.21514 1.21514 1.21514 1.21514 1.21514 1.21514 1.21514 1.21514 1.21514 1.21514 1.21514 1.21514 1.21514 1.21514 1.21514 1.21514 1.21514 1.21514 1.21514 1.21514 1.21514 1.21514 1.21514 1.21514 1.21514 1.21514 1.1843 1.15245 1.12059
									<!--BW_String-->
								</ySamples>
							</part>
						</top>
					</collisionHull>
					<bottomWheels>
						<wheel>W_R4</wheel>
						<wheel>W_R3</wheel>
						<wheel>W_R2</wheel>
						<wheel>W_R1</wheel>
						<wheel>W_R0</wheel>
						<wheel>WD_R0</wheel>
					</bottomWheels>
					<snapWheels>
						<topFront>
							<wheelName>WD_R0</wheelName>
							<basePos>
								2.58422 0.76111
								<!--BW_String-->
							</basePos>
							<shiftVec>
								0.336653 0.0642054
								<!--BW_String-->
							</shiftVec>
							<jointIdx>14</jointIdx>
						</topFront>
						<topBack>
							<wheelName>W_R4</wheelName>
							<basePos>
								-1.71447 0.435406
								<!--BW_String-->
							</basePos>
							<shiftVec>
								-0.389384 0.0571297
								<!--BW_String-->
							</shiftVec>
							<jointIdx>66</jointIdx>
						</topBack>
						<bottomBack>
							<wheelName>W_R3</wheelName>
							<basePos>-0.857199 0.435405</basePos>
							<shiftVec>
								0.0492061 -0.398689
								<!--BW_String-->
							</shiftVec>
							<jointIdx>81</jointIdx>
						</bottomBack>
						<bottomFront>
							<wheelName>W_R0</wheelName>
							<basePos>
								1.71461 0.435403
								<!--BW_String-->
							</basePos>
							<shiftVec>
								0.0764546 -0.391289
								<!--BW_String-->
							</shiftVec>
							<jointIdx>0</jointIdx>
						</bottomFront>
					</snapWheels>
					<radiusOverrides>
						<wheel>
							<name>W_R4</name>
							<radius>0.393045</radius>
						</wheel>
						<wheel>
							<name>WD_R2</name>
							<radius>
								0.17
								<!--BW_String-->
							</radius>
						</wheel>
						<wheel>
							<name>WD_R1</name>
							<radius>
								0.17
								<!--BW_String-->
							</radius>
						</wheel>
						<wheel>
							<name>WD_R0</name>
							<radius>0.342132</radius>
						</wheel>
					</radiusOverrides>
					<teethSyncs>
						<syncWithMainModel>true</syncWithMainModel>
						<segmentSyncPivotOffset>
							1.188
							<!--BW_String-->
						</segmentSyncPivotOffset>
						<sync>
							<name>WD_R0</name>
							<startAngle>
								-2.21651
								<!--BW_String-->
							</startAngle>
							<teethCount>20</teethCount>
						</sync>
					</teethSyncs>
					<sourceCollisionHullPoints>
						<top>
							<range>
								<point>
									1.15775 1.32966 -2.14956
									<!--BW_String-->
								</point>
								<point>
									1.15775 1.32966 -2.10002
									<!--BW_String-->
								</point>
								<point>
									1.15775 1.32966 -2.05047
									<!--BW_String-->
								</point>
								<point>
									1.15775 1.32966 -2.00093
									<!--BW_String-->
								</point>
								<point>
									1.15775 1.32966 -1.95138
									<!--BW_String-->
								</point>
								<point>
									1.15775 1.32966 -1.90184
									<!--BW_String-->
								</point>
								<point>
									1.15775 1.32966 -1.85229
									<!--BW_String-->
								</point>
								<point>
									1.15775 1.32966 -1.80275
									<!--BW_String-->
								</point>
								<point>
									1.15775 1.32966 -1.7532
									<!--BW_String-->
								</point>
								<point>
									1.15775 1.32966 -1.70366
									<!--BW_String-->
								</point>
								<point>
									1.15775 1.32966 -1.65411
									<!--BW_String-->
								</point>
								<point>
									1.15775 1.32966 -1.60457
									<!--BW_String-->
								</point>
								<point>
									1.15775 1.32966 -1.55502
									<!--BW_String-->
								</point>
								<point>
									1.15775 1.32966 -1.50548
									<!--BW_String-->
								</point>
								<point>
									1.15775 1.32966 -1.45593
									<!--BW_String-->
								</point>
								<point>
									1.15775 1.32966 -1.40638
									<!--BW_String-->
								</point>
								<point>
									1.15775 1.32966 -1.35684
									<!--BW_String-->
								</point>
								<point>
									1.15775 1.32966 -1.30729
									<!--BW_String-->
								</point>
								<point>
									1.15775 1.32966 -1.25775
									<!--BW_String-->
								</point>
								<point>
									1.15775 1.32966 -1.2082
									<!--BW_String-->
								</point>
								<point>
									1.15775 1.32966 -1.15866
									<!--BW_String-->
								</point>
								<point>
									1.15775 1.32966 -1.10911
									<!--BW_String-->
								</point>
								<point>
									1.15775 1.32966 -1.05957
									<!--BW_String-->
								</point>
								<point>
									1.15775 1.32966 -1.01002
									<!--BW_String-->
								</point>
								<point>
									1.15775 1.32966 -0.960478
									<!--BW_String-->
								</point>
								<point>
									1.15775 1.32966 -0.910933
									<!--BW_String-->
								</point>
								<point>
									1.15775 1.32966 -0.861388
									<!--BW_String-->
								</point>
								<point>
									1.15775 1.32966 -0.811842
									<!--BW_String-->
								</point>
								<point>
									1.15775 1.32966 -0.762297
									<!--BW_String-->
								</point>
								<point>
									1.15775 1.32966 -0.712752
									<!--BW_String-->
								</point>
								<point>
									1.15775 1.32966 -0.663207
									<!--BW_String-->
								</point>
								<point>
									1.15775 1.32966 -0.613662
									<!--BW_String-->
								</point>
								<point>
									1.16775 1.32966 -0.564117
									<!--BW_String-->
								</point>
								<point>
									1.16775 1.32966 -0.514571
									<!--BW_String-->
								</point>
								<point>
									1.16775 1.32966 -0.465026
									<!--BW_String-->
								</point>
								<point>
									1.15775 1.32966 -0.415481
									<!--BW_String-->
								</point>
								<point>
									1.16775 1.32966 -0.365936
									<!--BW_String-->
								</point>
								<point>
									1.16775 1.32966 -0.316391
									<!--BW_String-->
								</point>
								<point>
									1.16775 1.32966 -0.266845
									<!--BW_String-->
								</point>
								<point>
									1.16775 1.32966 -0.2173
									<!--BW_String-->
								</point>
								<point>
									1.15775 1.32966 -0.167755
									<!--BW_String-->
								</point>
								<point>
									1.25775 1.32966 -0.11821
									<!--BW_String-->
								</point>
								<point>
									1.16775 1.32966 -0.0686646
									<!--BW_String-->
								</point>
								<point>
									1.27775 1.32966 -0.0191195
									<!--BW_String-->
								</point>
								<point>
									1.28775 1.32966 0.0304258
									<!--BW_String-->
								</point>
								<point>
									1.29775 1.32966 0.0799706
									<!--BW_String-->
								</point>
								<point>
									1.29775 1.32966 0.129516
									<!--BW_String-->
								</point>
								<point>
									1.29775 1.32966 0.179061
									<!--BW_String-->
								</point>
								<point>
									1.29775 1.32966 0.228606
									<!--BW_String-->
								</point>
								<point>
									1.29775 1.32966 0.278152
									<!--BW_String-->
								</point>
								<point>
									1.29775 1.32966 0.327697
									<!--BW_String-->
								</point>
								<point>
									1.29775 1.32966 0.377242
									<!--BW_String-->
								</point>
								<point>
									1.29775 1.32966 0.426787
									<!--BW_String-->
								</point>
								<point>
									1.29775 1.32966 0.476332
									<!--BW_String-->
								</point>
								<point>
									1.29775 1.32966 0.525878
									<!--BW_String-->
								</point>
								<point>
									1.16775 1.32966 0.575423
									<!--BW_String-->
								</point>
								<point>
									1.29775 1.32966 0.624968
									<!--BW_String-->
								</point>
								<point>
									1.29775 1.32966 0.674513
									<!--BW_String-->
								</point>
								<point>
									1.29775 1.32966 0.724058
									<!--BW_String-->
								</point>
								<point>
									1.29775 1.32966 0.773604
									<!--BW_String-->
								</point>
								<point>
									1.33775 1.31529 0.823148
									<!--BW_String-->
								</point>
								<point>
									1.32775 1.3153 0.872694
									<!--BW_String-->
								</point>
								<point>
									1.31775 1.3153 0.922239
									<!--BW_String-->
								</point>
								<point>
									1.29775 1.3153 0.971784
									<!--BW_String-->
								</point>
								<point>
									1.28775 1.3153 1.02133
									<!--BW_String-->
								</point>
								<point>
									1.26775 1.3153 1.07087
									<!--BW_String-->
								</point>
								<point>
									1.26775 1.3153 1.12042
									<!--BW_String-->
								</point>
								<point>
									1.24775 1.3153 1.16997
									<!--BW_String-->
								</point>
								<point>
									1.22775 1.3153 1.21951
									<!--BW_String-->
								</point>
								<point>
									1.21775 1.3153 1.26906
									<!--BW_String-->
								</point>
								<point>
									1.20775 1.3153 1.3186
									<!--BW_String-->
								</point>
								<point>
									1.18775 1.3153 1.36815
									<!--BW_String-->
								</point>
								<point>
									1.17775 1.3153 1.41769
									<!--BW_String-->
								</point>
								<point>
									1.16775 1.3153 1.46724
									<!--BW_String-->
								</point>
								<point>
									1.15775 1.3153 1.51678
									<!--BW_String-->
								</point>
								<point>
									1.15775 1.3153 1.56633
									<!--BW_String-->
								</point>
								<point>
									1.15775 1.3153 1.61587
									<!--BW_String-->
								</point>
								<point>
									1.15775 1.3153 1.66542
									<!--BW_String-->
								</point>
								<point>
									1.15775 1.3153 1.71496
									<!--BW_String-->
								</point>
								<point>
									1.15775 1.3153 1.76451
									<!--BW_String-->
								</point>
								<point>
									1.15775 1.3153 1.81405
									<!--BW_String-->
								</point>
								<point>
									1.15775 1.3153 1.8636
									<!--BW_String-->
								</point>
								<point>
									1.15775 1.3153 1.91314
									<!--BW_String-->
								</point>
								<point>
									1.15775 1.3153 1.96269
									<!--BW_String-->
								</point>
								<point>
									1.15775 1.3153 2.01223
									<!--BW_String-->
								</point>
								<point>
									1.15775 1.3153 2.06178
									<!--BW_String-->
								</point>
								<point>
									1.15775 1.3153 2.11132
									<!--BW_String-->
								</point>
								<point>
									1.15775 1.3153 2.16087
									<!--BW_String-->
								</point>
								<point>
									1.15775 1.3153 2.21041
									<!--BW_String-->
								</point>
								<point>
									1.15775 1.3153 2.25996
									<!--BW_String-->
								</point>
								<point>
									1.15775 1.3153 2.3095
									<!--BW_String-->
								</point>
								<point>
									1.15775 1.3153 2.35905
									<!--BW_String-->
								</point>
								<point>
									1.15775 1.3153 2.4086
									<!--BW_String-->
								</point>
								<point>
									1.15775 1.3153 2.45814
									<!--BW_String-->
								</point>
								<point>
									1.15775 1.3153 2.50769
									<!--BW_String-->
								</point>
								<point>
									1.15775 1.3153 2.55723
									<!--BW_String-->
								</point>
								<point>
									1.15775 1.3153 2.60678
									<!--BW_String-->
								</point>
								<point>
									1.15775 1.3153 2.65632
									<!--BW_String-->
								</point>
								<point>
									1.15775 1.31335 2.70587
									<!--BW_String-->
								</point>
								<point>
									1.15775 1.28148 2.75541
									<!--BW_String-->
								</point>
								<point>
									1.15775 1.24961 2.80496
									<!--BW_String-->
								</point>
								<point>
									1.15775 1.21773 2.8545
									<!--BW_String-->
								</point>
							</range>
						</top>
						<bottom/>
					</sourceCollisionHullPoints>
				</right>
			</physicalTracks>
			<customization>
				<customizableVehicleAreas>
					<paint>CHASSIS</paint>
					<camouflage/>
				</customizableVehicleAreas>
			</customization>
		</Chassis_GB77_FV304_2_IGR>
	</chassis>
	<turrets0>
		<Turret_2_GB77_FV304_IGR>
			<userString>#igr_vehicles:Turret_2_GB77_FV304_IGR</userString>
			<tags>cannotDetach</tags>
			<level>6</level>
			<price>100</price>
			<notInShop>true</notInShop>
			<armor>
				<armor_1>14</armor_1>
				<armor_2>10</armor_2>
				<armor_3>14</armor_3>
				<armor_4>14</armor_4>
				<armor_5>10</armor_5>
			</armor>
			<weight>100</weight>
			<maxHealth>56</maxHealth>
			<rotationSpeed>20</rotationSpeed>
			<turretRotatorHealth>
				<maxHealth>100</maxHealth>
				<maxRegenHealth>50</maxRegenHealth>
				<repairCost>
					1.0
					<!--BW_String-->
				</repairCost>
			</turretRotatorHealth>
			<circularVisionRadius>255</circularVisionRadius>
			<surveyingDeviceHealth>
				<maxHealth>60</maxHealth>
				<maxRegenHealth>30</maxRegenHealth>
				<repairCost>
					1.0
					<!--BW_String-->
				</repairCost>
			</surveyingDeviceHealth>
			<guns>
				<_4.5inch_SPG_Howitzer_IGR>
					shared
					<maxAmmo>64</maxAmmo>
					<armor>
						<gun>20</gun>
					</armor>
					<pitchLimits>
						<minPitch>0 -45 1 -45</minPitch>
						<maxPitch>
							0 1.5 1 1.5
							<!--BW_String-->
						</maxPitch>
					</pitchLimits>
					<shotDispersionRadius>
						0.7
						<!--BW_String-->
					</shotDispersionRadius>
					<reloadTime>
						13.5
						<!--BW_String-->
					</reloadTime>
					<shotDispersionFactors>
						<turretRotation>
							0.42
							<!--BW_String-->
						</turretRotation>
						<afterShot>6</afterShot>
						<whileGunDamaged>
							2.0
							<!--BW_String-->
						</whileGunDamaged>
					</shotDispersionFactors>
					<aimingTime>
						4.8
						<!--BW_String-->
					</aimingTime>
					<invisibilityFactorAtShot>
						0.209
						<!--BW_String-->
					</invisibilityFactorAtShot>
					<turretYawLimits>-14 17</turretYawLimits>
					<effects>shot_105mm_m4</effects>
					<models>
						<undamaged>vehicles/british/GB77_FV304/normal/lod0/Gun_02.model</undamaged>
						<destroyed>vehicles/british/GB77_FV304/crash/lod0/Gun_02.model</destroyed>
						<exploded>vehicles/british/GB77_FV304/crash/lod0/Gun_02.model</exploded>
					</models>
					<hitTester>
						<collisionModelServer>vehicles/british/GB77_FV304/collision/Gun_02.model</collisionModelServer>
						<collisionModelClient>vehicles/british/GB77_FV304/collision_client/Gun_02.model</collisionModelClient>
					</hitTester>
					<animateEmblemSlots>true</animateEmblemSlots>
					<customization>
						<customizableVehicleAreas>
							<paint>GUN GUN_2</paint>
							<camouflage>GUN</camouflage>
						</customizableVehicleAreas>
					</customization>
					<customizationSlots>
						<slot>
							<slotType>insigniaOnGun</slotType>
							<slotId>49000</slotId>
							<rayStart>
								0.000001 0.0175032 1.02003
								<!--BW_String-->
							</rayStart>
							<rayEnd>
								0.0174813 -0.113879 1.01611
								<!--BW_String-->
							</rayEnd>
							<rayUp>
								0.084 0.077 5
								<!--BW_String-->
							</rayUp>
							<size>
								0.279
								<!--BW_String-->
							</size>
							<hideIfDamaged>false</hideIfDamaged>
							<isUVProportional>true</isUVProportional>
						</slot>
					</customizationSlots>
					<camouflage>
						<tiling>
							0.5 0.2 0.000000 0.000000
							<!--BW_String-->
						</tiling>
						<density>
							113.075 112.135
							<!--BW_String-->
						</density>
						<aoTextureSize>512 256</aoTextureSize>
					</camouflage>
				</_4.5inch_SPG_Howitzer_IGR>
			</guns>
			<models>
				<undamaged>vehicles/british/GB77_FV304/normal/lod0/Turret_02.model</undamaged>
				<destroyed>vehicles/british/GB77_FV304/crash/lod0/Turret_02.model</destroyed>
				<exploded>vehicles/british/GB77_FV304/crash/lod0/Turret_02.model</exploded>
			</models>
			<hitTester>
				<collisionModelServer>vehicles/british/GB77_FV304/collision/Turret_02.model</collisionModelServer>
				<collisionModelClient>vehicles/british/GB77_FV304/collision_client/Turret_02.model</collisionModelClient>
			</hitTester>
			<gunPosition>
				0.000000 0.326922 1.04832
				<!--BW_String-->
			</gunPosition>
			<showEmblemsOnGun>false</showEmblemsOnGun>
			<physicsShape>
				1.000 0.000 1.000 0.000 0.828 -0.078 0.500 0.000 0.500 0.500 0.000 0.500 0.000 0.100 0.000
				<!--BW_String-->
			</physicsShape>
			<wwturretRotatorSoundManual>tur_man_trav_05</wwturretRotatorSoundManual>
			<customization>
				<customizableVehicleAreas>
					<paint>TURRET</paint>
					<camouflage>TURRET</camouflage>
				</customizableVehicleAreas>
			</customization>
			<customizationSlots>
				<slot>
					<slotType>player</slotType>
					<slotId>33000</slotId>
					<rayStart>
						-0.745977 0.276958 1.44514
						<!--BW_String-->
					</rayStart>
					<rayEnd>
						-0.635726 0.276958 1.06065
						<!--BW_String-->
					</rayEnd>
					<rayUp>
						0.000000 1 0.000000
						<!--BW_String-->
					</rayUp>
					<size>
						0.24
						<!--BW_String-->
					</size>
					<hideIfDamaged>false</hideIfDamaged>
					<isUVProportional>true</isUVProportional>
				</slot>
			</customizationSlots>
			<camouflage>
				<tiling>
					0.3 0.3 0.000000 0.000000
					<!--BW_String-->
				</tiling>
				<density>
					96.2362 96.2087
					<!--BW_String-->
				</density>
				<aoTextureSize>256 256</aoTextureSize>
			</camouflage>
		</Turret_2_GB77_FV304_IGR>
	</turrets0>
	<engines>
		<Rolls_Royce_Meteor_M300_IGR>shared</Rolls_Royce_Meteor_M300_IGR>
	</engines>
	<fuelTanks>
		<Medium>shared</Medium>
	</fuelTanks>
	<radios>
		<N22_IGR>shared</N22_IGR>
	</radios>
	<physics>
		<detailed>
			<engines>
				<Rolls_Royce_Meteor_M300_IGR>
					<smplEnginePower>
						528.6406
						<!--BW_String-->
					</smplEnginePower>
					<smplFwMaxSpeed>
						72.4
						<!--BW_String-->
					</smplFwMaxSpeed>
				</Rolls_Royce_Meteor_M300_IGR>
			</engines>
			<chassis>
				<Chassis_GB77_FV304_2_IGR>
					<grounds>
						<soft>
							<rollingFriction>
								0.16905
								<!--BW_String-->
							</rollingFriction>
						</soft>
						<medium>
							<rollingFriction>
								0.1127
								<!--BW_String-->
							</rollingFriction>
						</medium>
						<firm>
							<rollingFriction>
								0.08855
								<!--BW_String-->
							</rollingFriction>
						</firm>
					</grounds>
				</Chassis_GB77_FV304_2_IGR>
			</chassis>
		</detailed>
	</physics>
	<clientAdjustmentFactors>
		<armour>
			0.410133015
			<!--BW_String-->
		</armour>
	</clientAdjustmentFactors>
	<effects>
		<collision/>
		<damagedStateGroup>medium</damagedStateGroup>
	</effects>
	<emblems>
		<default>15506</default>
		<lodDist>MEDIUM</lodDist>
		<alpha>
			0.92
			<!--BW_String-->
		</alpha>
	</emblems>
</root>
