<?xml version="1.0" encoding="utf-8"?>
<root>
	<xmlns:xmlref>http://bwt/xmlref</xmlns:xmlref>
	<crew>
		<commander/>
		<driver/>
		<gunner/>
		<radioman/>
		<loader/>
	</crew>
	<supplySlots>2 1 1 6 6 6 7 8 8 8</supplySlots>
	<speedLimits>
		<forward>60</forward>
		<backward>20</backward>
	</speedLimits>
	<invisibility>
		<moving>
			0.167
			<!--BW_String-->
		</moving>
		<still>
			0.222
			<!--BW_String-->
		</still>
		<camouflageBonus>
			0.03
			<!--BW_String-->
		</camouflageBonus>
		<firePenalty>
			0.333
			<!--BW_String-->
		</firePenalty>
	</invisibility>
	<optDevsOverrides>
		<camouflageNet>
			<invisibilityBonus>
				0.1 0.125
				<!--BW_String-->
			</invisibilityBonus>
		</camouflageNet>
		<additionalInvisibilityDevice>
			<invisibilityBonus>
				0.06 0.08
				<!--BW_String-->
			</invisibilityBonus>
		</additionalInvisibilityDevice>
	</optDevsOverrides>
	<repairCost>
		5.7
		<!--BW_String-->
	</repairCost>
	<premiumVehicleXPFactor>
		0.1
		<!--BW_String-->
	</premiumVehicleXPFactor>
	<crewXpFactor>
		1.0
		<!--BW_String-->
	</crewXpFactor>
	<camouflage>
		<priceFactor>
			1.6
			<!--BW_String-->
		</priceFactor>
		<tiling>1 1 0 0</tiling>
		<exclusionMask/>
	</camouflage>
	<hull>
		<armor>
			<armor_1>120</armor_1>
			<armor_2>80</armor_2>
			<armor_3>60</armor_3>
			<armor_4>60</armor_4>
			<armor_5>30</armor_5>
			<armor_6>25</armor_6>
			<armor_7>20</armor_7>
			<armor_8>0</armor_8>
			<armor_9>
				30
				<vehicleDamageFactor>
					0.0
					<!--BW_String-->
				</vehicleDamageFactor>
			</armor_9>
		</armor>
		<primaryArmor>armor_1 armor_3 armor_4</primaryArmor>
		<weight>15885</weight>
		<maxHealth>1120</maxHealth>
		<ammoBayHealth>
			<maxHealth>200</maxHealth>
			<maxRegenHealth>135</maxRegenHealth>
			<repairCost>
				1.0
				<!--BW_String-->
			</repairCost>
		</ammoBayHealth>
		<models>
			<undamaged>vehicles/japan/J30_Edelweiss/normal/lod0/Hull.model</undamaged>
			<destroyed>vehicles/japan/J30_Edelweiss/crash/lod0/Hull.model</destroyed>
			<exploded>vehicles/japan/J30_Edelweiss/crash/lod0/Hull.model</exploded>
		</models>
		<swinging>
			<lodDist>FAR</lodDist>
			<pitchParams>
				0.34 38.00 0.36 1.00 0.05 0.34
				<!--BW_String-->
			</pitchParams>
			<rollParams>
				1.00 0.34 38.00 0.36 1.00 0.06 0.40
				<!--BW_String-->
			</rollParams>
			<sensitivityToImpulse>
				0.94
				<!--BW_String-->
			</sensitivityToImpulse>
		</swinging>
		<exhaust>
			<pixie>null</pixie>
			<nodes>HP_Track_Exhaus_1 HP_Track_Exhaus_2</nodes>
		</exhaust>
		<turretPositions>
			<turret>-0.000000 0.395127 -0.246877</turret>
		</turretPositions>
		<hitTester>
			<collisionModelServer>vehicles/japan/J30_Edelweiss/collision/Hull.model</collisionModelServer>
			<collisionModelClient>vehicles/japan/J30_Edelweiss/collision_client/Hull.model</collisionModelClient>
		</hitTester>
		<hangarShadowTexture>vehicles/japan/J30_Edelweiss/Edelweiss_HangarShadowMap.dds</hangarShadowTexture>
		<customizationSlots>
			<slot>
				<slotType>clan</slotType>
				<slotId>10000</slotId>
				<rayStart>
					0.731018 0.121257 2.73623
					<!--BW_String-->
				</rayStart>
				<rayEnd>
					0.731018 -0.0360348 2.6127
					<!--BW_String-->
				</rayEnd>
				<rayUp>
					0.000000 0.000000 -1
					<!--BW_String-->
				</rayUp>
				<size>
					0.3
					<!--BW_String-->
				</size>
				<hideIfDamaged>false</hideIfDamaged>
				<isUVProportional>true</isUVProportional>
			</slot>
			<slot>
				<slotType>fixedEmblem</slotType>
				<slotId>17000</slotId>
				<rayStart>
					-1.72505 0.210214 0.965741
					<!--BW_String-->
				</rayStart>
				<rayEnd>
					-1.6593 0.209237 0.959979
					<!--BW_String-->
				</rayEnd>
				<rayUp>
					-0.00458983 0.99863 -0.0521286
					<!--BW_String-->
				</rayUp>
				<emblemId>15938</emblemId>
				<size>
					0.249
					<!--BW_String-->
				</size>
				<hideIfDamaged>true</hideIfDamaged>
				<isUVProportional>true</isUVProportional>
			</slot>
			<slot>
				<slotType>fixedEmblem</slotType>
				<slotId>17001</slotId>
				<rayStart>
					1.7863 0.190632 0.957354
					<!--BW_String-->
				</rayStart>
				<rayEnd>
					1.60103 0.187879 0.941114
					<!--BW_String-->
				</rayEnd>
				<rayUp>
					0.00612655 0.997565 -0.0694792
					<!--BW_String-->
				</rayUp>
				<emblemId>15938</emblemId>
				<size>
					0.255
					<!--BW_String-->
				</size>
				<hideIfDamaged>true</hideIfDamaged>
				<isUVProportional>true</isUVProportional>
			</slot>
		</customizationSlots>
		<customization>
			<customizableVehicleAreas>
				<paint/>
				<camouflage/>
			</customizableVehicleAreas>
		</customization>
		<camouflage>
			<density>
				91.6576 91.7777
				<!--BW_String-->
			</density>
			<aoTextureSize>1024 1024</aoTextureSize>
		</camouflage>
	</hull>
	<chassis>
		<Chassis_J30_Edelweiss>
			<userString>#japan_vehicles:Chassis_J30_Edelweiss</userString>
			<tags/>
			<level>8</level>
			<price>30000</price>
			<notInShop>true</notInShop>
			<armor>
				<leftTrack>40</leftTrack>
				<rightTrack>40</rightTrack>
			</armor>
			<weight>6000</weight>
			<maxLoad>35000</maxLoad>
			<terrainResistance>
				0.6 0.8 1.5
				<!--BW_String-->
			</terrainResistance>
			<brakeForce>32000</brakeForce>
			<rotationIsAroundCenter>true</rotationIsAroundCenter>
			<rotationSpeed>42</rotationSpeed>
			<shotDispersionFactors>
				<vehicleMovement>
					0.14
					<!--BW_String-->
				</vehicleMovement>
				<vehicleRotation>
					0.14
					<!--BW_String-->
				</vehicleRotation>
			</shotDispersionFactors>
			<bulkHealthFactor>
				3.0
				<!--BW_String-->
			</bulkHealthFactor>
			<maxHealth>210</maxHealth>
			<maxRegenHealth>160</maxRegenHealth>
			<repairCost>
				5.0
				<!--BW_String-->
			</repairCost>
			<models>
				<undamaged>vehicles/japan/J30_Edelweiss/normal/lod0/Chassis.model</undamaged>
				<destroyed>vehicles/japan/J30_Edelweiss/crash/lod0/Chassis.model</destroyed>
				<exploded>vehicles/japan/J30_Edelweiss/crash/lod0/Chassis.model</exploded>
			</models>
			<traces>
				<lodDist>FAR</lodDist>
				<size>
					0.65 0.62
					<!--BW_String-->
				</size>
				<bufferPrefs>mediumTank</bufferPrefs>
				<textureSet>germany_02</textureSet>
			</traces>
			<tracks>
				<lodDist>MEDIUM_TRACK</lodDist>
				<leftMaterial>track_mat_L_skinned</leftMaterial>
				<rightMaterial>track_mat_R_skinned</rightMaterial>
				<textureScale>
					-1.65
					<!--BW_String-->
				</textureScale>
			</tracks>
			<AODecals>
				<decal>
					<transform>
						<row0>4.350880 -0.000000 0.000000</row0>
						<row1>-0.000000 1.342020 -0.000000</row1>
						<row2>0.000000 -0.000000 6.407030</row2>
						<row3>0.000305 -0.000000 -0.000197</row3>
					</transform>
				</decal>
			</AODecals>
			<wheels>
				<lodDist>MEDIUM</lodDist>
				<wheel>
					<isLeft>false</isLeft>
					<isLeading>true</isLeading>
					<name>WD_R0</name>
					<radius>0.514795</radius>
					<syncAngle>
						22.5
						<!--BW_String-->
					</syncAngle>
				</wheel>
				<group>
					<isLeft>false</isLeft>
					<template>WD_R</template>
					<radius>0.192788</radius>
					<startIndex>1</startIndex>
					<count>3</count>
				</group>
				<wheel>
					<isLeft>false</isLeft>
					<isLeading>true</isLeading>
					<name>WD_R4</name>
					<radius>0.459158</radius>
					<syncAngle>
						22.5
						<!--BW_String-->
					</syncAngle>
				</wheel>
				<group>
					<isLeft>false</isLeft>
					<template>W_R</template>
					<radius>0.273673</radius>
					<startIndex>0</startIndex>
					<count>6</count>
				</group>
				<wheel>
					<isLeft>true</isLeft>
					<isLeading>true</isLeading>
					<name>WD_L0</name>
					<radius>0.514795</radius>
					<syncAngle>
						22.5
						<!--BW_String-->
					</syncAngle>
				</wheel>
				<group>
					<isLeft>true</isLeft>
					<template>WD_L</template>
					<radius>0.192788</radius>
					<startIndex>1</startIndex>
					<count>3</count>
				</group>
				<wheel>
					<isLeft>true</isLeft>
					<isLeading>true</isLeading>
					<name>WD_L4</name>
					<radius>0.459158</radius>
					<syncAngle>
						22.5
						<!--BW_String-->
					</syncAngle>
				</wheel>
				<group>
					<isLeft>true</isLeft>
					<template>W_L</template>
					<radius>0.273673</radius>
					<startIndex>0</startIndex>
					<count>6</count>
				</group>
			</wheels>
			<drivingWheels>WD_L0 WD_L4</drivingWheels>
			<effects>
				<lodDist>MEDIUM</lodDist>
				<mud>largeTankMud</mud>
			</effects>
			<wwsoundPC>treads_type_pc</wwsoundPC>
			<wwsoundNPC>trds_chf_npc</wwsoundNPC>
			<hullPosition>
				0.000000 1.37587 0.000000
				<!--BW_String-->
			</hullPosition>
			<hitTester>
				<collisionModelServer>vehicles/japan/J30_Edelweiss/collision/Chassis.model</collisionModelServer>
				<collisionModelClient>vehicles/japan/J30_Edelweiss/collision_client/Chassis.model</collisionModelClient>
			</hitTester>
			<topRightCarryingPoint>
				1.26856 1.44568
				<!--BW_String-->
			</topRightCarryingPoint>
			<maxClimbAngle>25</maxClimbAngle>
			<navmeshGirth>
				6.0
				<!--BW_String-->
			</navmeshGirth>
			<groundNodes>
				<group>
					<template>Track_L</template>
					<startIndex>0</startIndex>
					<count>6</count>
					<isLeft>true</isLeft>
					<minOffset>
						-0.1
						<!--BW_String-->
					</minOffset>
					<maxOffset>
						0.1
						<!--BW_String-->
					</maxOffset>
				</group>
				<group>
					<template>Track_R</template>
					<startIndex>0</startIndex>
					<count>6</count>
					<isLeft>false</isLeft>
					<minOffset>
						-0.1
						<!--BW_String-->
					</minOffset>
					<maxOffset>
						0.1
						<!--BW_String-->
					</maxOffset>
				</group>
			</groundNodes>
			<splineDesc>
				<segmentModelLeft>vehicles/japan/J30_Edelweiss/track/segment.model</segmentModelLeft>
				<segmentModelRight>vehicles/japan/J30_Edelweiss/track/segment.model</segmentModelRight>
				<left>vehicles/japan/J30_Edelweiss/track/left.track</left>
				<right>vehicles/japan/J30_Edelweiss/track/right.track</right>
				<segmentLength>
					0.18
					<!--BW_String-->
				</segmentLength>
				<segmentOffset>
					0.144
					<!--BW_String-->
				</segmentOffset>
				<lodDist>SPLINE_TRACK</lodDist>
				<atlas>
					<UTiles>1</UTiles>
					<VTiles>1</VTiles>
				</atlas>
			</splineDesc>
			<trackThickness>
				-0.0237
				<!--BW_String-->
			</trackThickness>
			<trackNodes>
				<enable>true</enable>
				<linkBones>false</linkBones>
				<maxAmplitude>
					0.1
					<!--BW_String-->
				</maxAmplitude>
				<maxOffset>
					0.1
					<!--BW_String-->
				</maxOffset>
				<gravity>
					-9.8
					<!--BW_String-->
				</gravity>
				<elasticity>1300</elasticity>
				<damping>2</damping>
				<node>
					<isLeft>true</isLeft>
					<name>Track_VD_L0</name>
					<forwardElastK>1</forwardElastK>
					<backwardElastK>2</backwardElastK>
				</node>
				<node>
					<isLeft>false</isLeft>
					<name>Track_VD_R0</name>
					<forwardElastK>1</forwardElastK>
					<backwardElastK>2</backwardElastK>
				</node>
				<node>
					<isLeft>true</isLeft>
					<name>Track_VD_L1</name>
					<forwardElastK>
						1.5
						<!--BW_String-->
					</forwardElastK>
					<backwardElastK>
						1.5
						<!--BW_String-->
					</backwardElastK>
				</node>
				<node>
					<isLeft>false</isLeft>
					<name>Track_VD_R1</name>
					<forwardElastK>
						1.5
						<!--BW_String-->
					</forwardElastK>
					<backwardElastK>
						1.5
						<!--BW_String-->
					</backwardElastK>
				</node>
				<node>
					<isLeft>true</isLeft>
					<name>Track_VT_L0</name>
					<forwardElastK>
						2.5
						<!--BW_String-->
					</forwardElastK>
					<backwardElastK>
						0.75
						<!--BW_String-->
					</backwardElastK>
					<offset>
						-0.123
						<!--BW_String-->
					</offset>
				</node>
				<node>
					<isLeft>true</isLeft>
					<name>Track_VT_L1</name>
					<forwardElastK>2</forwardElastK>
					<backwardElastK>
						0.75
						<!--BW_String-->
					</backwardElastK>
					<offset>
						-0.123
						<!--BW_String-->
					</offset>
				</node>
				<node>
					<isLeft>true</isLeft>
					<name>Track_VT_L2</name>
					<forwardElastK>
						1.6
						<!--BW_String-->
					</forwardElastK>
					<backwardElastK>
						0.75
						<!--BW_String-->
					</backwardElastK>
					<offset>
						-0.123
						<!--BW_String-->
					</offset>
				</node>
				<node>
					<isLeft>true</isLeft>
					<name>Track_VT_L3</name>
					<forwardElastK>
						1.3
						<!--BW_String-->
					</forwardElastK>
					<backwardElastK>
						0.75
						<!--BW_String-->
					</backwardElastK>
					<offset>
						-0.123
						<!--BW_String-->
					</offset>
				</node>
				<node>
					<isLeft>false</isLeft>
					<name>Track_VT_R0</name>
					<forwardElastK>
						2.5
						<!--BW_String-->
					</forwardElastK>
					<backwardElastK>
						0.75
						<!--BW_String-->
					</backwardElastK>
					<offset>
						-0.123
						<!--BW_String-->
					</offset>
				</node>
				<node>
					<isLeft>false</isLeft>
					<name>Track_VT_R1</name>
					<forwardElastK>2</forwardElastK>
					<backwardElastK>
						0.75
						<!--BW_String-->
					</backwardElastK>
					<offset>
						-0.123
						<!--BW_String-->
					</offset>
				</node>
				<node>
					<isLeft>false</isLeft>
					<name>Track_VT_R2</name>
					<forwardElastK>
						1.6
						<!--BW_String-->
					</forwardElastK>
					<backwardElastK>
						0.75
						<!--BW_String-->
					</backwardElastK>
					<offset>
						-0.123
						<!--BW_String-->
					</offset>
				</node>
				<node>
					<isLeft>false</isLeft>
					<name>Track_VT_R3</name>
					<forwardElastK>
						1.3
						<!--BW_String-->
					</forwardElastK>
					<backwardElastK>
						0.75
						<!--BW_String-->
					</backwardElastK>
					<offset>
						-0.123
						<!--BW_String-->
					</offset>
				</node>
			</trackNodes>
			<physicalTracks>
				<left>
					<segmentsCount>69</segmentsCount>
					<segmentsOuterThickness>0.101057</segmentsOuterThickness>
					<segmentsInnerThickness>
						-0.00412592
						<!--BW_String-->
					</segmentsInnerThickness>
					<segmentsPlaneOffset>
						-1.269
						<!--BW_String-->
					</segmentsPlaneOffset>
					<springsLength>
						<backwardMovement>
							<back>0.180725</back>
							<top>0.176995</top>
							<front>0.167272</front>
							<bottom>0.161171</bottom>
						</backwardMovement>
						<forwardMovement>
							<back>0.165875</back>
							<top>0.165275</top>
							<front>0.180909</front>
							<bottom>0.162412</bottom>
						</forwardMovement>
					</springsLength>
					<mainSegment>
						<model>vehicles/japan/J30_Edelweiss/track/segment.model</model>
						<length>0.179752</length>
					</mainSegment>
					<collisionHull>
						<bottom/>
						<top>
							<part>
								<xStart>
									-2.45921
									<!--BW_String-->
								</xStart>
								<xStep>
									0.0898759
									<!--BW_String-->
								</xStep>
								<ySamples>
									1.55382 1.57681 1.57681 1.57681 1.57681 1.57681 1.57681 1.57681 1.57681 1.57681 1.57681 1.57681 1.57681 1.57681 1.57681 1.57681 1.57681 1.57681 1.57681 1.57681 1.57681 1.55756 1.57681 1.57681 1.57681 1.57681 1.57681 1.57681 1.57681 1.57681 1.57681 1.57681 1.57681 1.57681 1.57681 1.55756 1.57681 1.57681 1.57681 1.57681 1.57681 1.57681 1.57681 1.57681 1.57681 1.57681 1.57681 1.57681 1.57681 1.57681 1.57681 1.57681 1.55923 1.54373 1.52416 1.49806 1.46301 1.41894 1.36287 1.29121
									<!--BW_String-->
								</ySamples>
							</part>
						</top>
					</collisionHull>
					<bottomWheels>
						<wheel>WD_L4</wheel>
						<wheel>W_L5</wheel>
						<wheel>W_L4</wheel>
						<wheel>W_L3</wheel>
						<wheel>W_L2</wheel>
						<wheel>W_L1</wheel>
						<wheel>W_L0</wheel>
						<wheel>WD_L0</wheel>
					</bottomWheels>
					<snapWheels>
						<topFront>
							<wheelName>WD_L0</wheelName>
							<basePos>
								2.30812 0.932269
								<!--BW_String-->
							</basePos>
							<shiftVec>0.413486 0.180358</shiftVec>
							<jointIdx>10</jointIdx>
						</topFront>
						<topBack>
							<wheelName>WD_L4</wheelName>
							<basePos>
								-2.21124 0.983813
								<!--BW_String-->
							</basePos>
							<shiftVec>
								-0.433387 0.14351
								<!--BW_String-->
							</shiftVec>
							<jointIdx>42</jointIdx>
						</topBack>
						<bottomBack>
							<wheelName>W_L5</wheelName>
							<basePos>
								-1.38437 0.348812
								<!--BW_String-->
							</basePos>
							<shiftVec>-0.042379 -0.266195</shiftVec>
							<jointIdx>52</jointIdx>
						</bottomBack>
						<bottomFront>
							<wheelName>W_L0</wheelName>
							<basePos>
								1.42562 0.348811
								<!--BW_String-->
							</basePos>
							<shiftVec>0.100187 -0.250236</shiftVec>
							<jointIdx>0</jointIdx>
						</bottomFront>
					</snapWheels>
					<radiusOverrides>
						<wheel>
							<name>WD_L4</name>
							<radius>0.455112</radius>
						</wheel>
						<wheel>
							<name>WD_L0</name>
							<radius>0.449675</radius>
						</wheel>
					</radiusOverrides>
					<teethSyncs>
						<syncWithMainModel>true</syncWithMainModel>
						<segmentSyncPivotOffset>0.000000</segmentSyncPivotOffset>
						<sync>
							<name>WD_L4</name>
							<startAngle>
								-16.531
								<!--BW_String-->
							</startAngle>
							<teethCount>16</teethCount>
						</sync>
						<sync>
							<name>WD_L0</name>
							<startAngle>
								-19.6422
								<!--BW_String-->
							</startAngle>
							<teethCount>16</teethCount>
						</sync>
					</teethSyncs>
					<sourceCollisionHullPoints>
						<top>
							<range>
								<point>
									-1.08709 1.70355 -2.45919
									<!--BW_String-->
								</point>
								<point>
									-1.08709 1.72654 -2.36931
									<!--BW_String-->
								</point>
								<point>
									-1.08709 1.72654 -2.27943
									<!--BW_String-->
								</point>
								<point>
									-1.08709 1.72654 -2.18956
									<!--BW_String-->
								</point>
								<point>
									-1.08709 1.72654 -2.09968
									<!--BW_String-->
								</point>
								<point>
									-1.08709 1.72654 -2.00981
									<!--BW_String-->
								</point>
								<point>
									-1.08709 1.72654 -1.91993
									<!--BW_String-->
								</point>
								<point>
									-1.08709 1.72654 -1.83005
									<!--BW_String-->
								</point>
								<point>
									-1.26709 1.72654 -1.74018
									<!--BW_String-->
								</point>
								<point>
									-1.29709 1.72654 -1.6503
									<!--BW_String-->
								</point>
								<point>
									-1.08709 1.72654 -1.56043
									<!--BW_String-->
								</point>
								<point>
									-1.08709 1.72654 -1.47055
									<!--BW_String-->
								</point>
								<point>
									-1.08709 1.72654 -1.38067
									<!--BW_String-->
								</point>
								<point>
									-1.08709 1.72654 -1.2908
									<!--BW_String-->
								</point>
								<point>
									-1.08709 1.72654 -1.20092
									<!--BW_String-->
								</point>
								<point>
									-1.08709 1.72654 -1.11105
									<!--BW_String-->
								</point>
								<point>
									-1.08709 1.72654 -1.02117
									<!--BW_String-->
								</point>
								<point>
									-1.08709 1.72654 -0.931296
									<!--BW_String-->
								</point>
								<point>
									-1.08709 1.72654 -0.841419
									<!--BW_String-->
								</point>
								<point>
									-1.33709 1.72654 -0.751544
									<!--BW_String-->
								</point>
								<point>
									-1.08709 1.72654 -0.661668
									<!--BW_String-->
								</point>
								<point>
									-1.08709 1.70729 -0.571792
									<!--BW_String-->
								</point>
								<point>
									-1.08709 1.72654 -0.481916
									<!--BW_String-->
								</point>
								<point>
									-1.08709 1.72654 -0.39204
									<!--BW_String-->
								</point>
								<point>
									-1.12709 1.72654 -0.302164
									<!--BW_String-->
								</point>
								<point>
									-1.08709 1.72654 -0.212289
									<!--BW_String-->
								</point>
								<point>
									-1.08709 1.72654 -0.122412
									<!--BW_String-->
								</point>
								<point>
									-1.08709 1.72654 -0.0325367
									<!--BW_String-->
								</point>
								<point>
									-1.08709 1.72654 0.057339
									<!--BW_String-->
								</point>
								<point>
									-1.08709 1.72654 0.147215
									<!--BW_String-->
								</point>
								<point>
									-1.08709 1.72654 0.237091
									<!--BW_String-->
								</point>
								<point>
									-1.08709 1.72654 0.326967
									<!--BW_String-->
								</point>
								<point>
									-1.08709 1.72654 0.416843
									<!--BW_String-->
								</point>
								<point>
									-1.08709 1.72654 0.506718
									<!--BW_String-->
								</point>
								<point>
									-1.08709 1.72654 0.596595
									<!--BW_String-->
								</point>
								<point>
									-1.22709 1.70729 0.68647
									<!--BW_String-->
								</point>
								<point>
									-1.21709 1.72654 0.776346
									<!--BW_String-->
								</point>
								<point>
									-1.08709 1.72654 0.866222
									<!--BW_String-->
								</point>
								<point>
									-1.08709 1.72654 0.956098
									<!--BW_String-->
								</point>
								<point>
									-1.08709 1.72654 1.04597
									<!--BW_String-->
								</point>
								<point>
									-1.08709 1.72654 1.13585
									<!--BW_String-->
								</point>
								<point>
									-1.08709 1.72654 1.22573
									<!--BW_String-->
								</point>
								<point>
									-1.38709 1.72654 1.3156
									<!--BW_String-->
								</point>
								<point>
									-1.08709 1.72654 1.40548
									<!--BW_String-->
								</point>
								<point>
									-1.08709 1.72654 1.49535
									<!--BW_String-->
								</point>
								<point>
									-1.08709 1.72654 1.58523
									<!--BW_String-->
								</point>
								<point>
									-1.08709 1.72654 1.6751
									<!--BW_String-->
								</point>
								<point>
									-1.16709 1.72654 1.76498
									<!--BW_String-->
								</point>
								<point>
									-1.08709 1.72654 1.85486
									<!--BW_String-->
								</point>
								<point>
									-1.08709 1.72654 1.94473
									<!--BW_String-->
								</point>
								<point>
									-1.08709 1.72654 2.03461
									<!--BW_String-->
								</point>
								<point>
									-1.08709 1.72654 2.12448
									<!--BW_String-->
								</point>
								<point>
									-1.08709 1.70896 2.21436
									<!--BW_String-->
								</point>
								<point>
									-1.19709 1.69346 2.30424
									<!--BW_String-->
								</point>
								<point>
									-1.08709 1.67389 2.39411
									<!--BW_String-->
								</point>
								<point>
									-1.08709 1.64779 2.48399
									<!--BW_String-->
								</point>
								<point>
									-1.08709 1.61274 2.57386
									<!--BW_String-->
								</point>
								<point>
									-1.38709 1.56867 2.66374
									<!--BW_String-->
								</point>
								<point>
									-1.38709 1.5126 2.75362
									<!--BW_String-->
								</point>
								<point>
									-1.13709 1.44094 2.84349
									<!--BW_String-->
								</point>
							</range>
						</top>
						<bottom/>
					</sourceCollisionHullPoints>
				</left>
				<right>
					<segmentsCount>69</segmentsCount>
					<segmentsOuterThickness>0.101057</segmentsOuterThickness>
					<segmentsInnerThickness>
						-0.00412592
						<!--BW_String-->
					</segmentsInnerThickness>
					<segmentsPlaneOffset>
						1.269
						<!--BW_String-->
					</segmentsPlaneOffset>
					<springsLength>
						<backwardMovement>
							<back>0.181178</back>
							<top>
								0.17608
								<!--BW_String-->
							</top>
							<front>0.169073</front>
							<bottom>0.157882</bottom>
						</backwardMovement>
						<forwardMovement>
							<back>0.167474</back>
							<top>0.162388</top>
							<front>0.178937</front>
							<bottom>0.160743</bottom>
						</forwardMovement>
					</springsLength>
					<mainSegment>
						<model>vehicles/japan/J30_Edelweiss/track/segment.model</model>
						<length>0.179753</length>
					</mainSegment>
					<collisionHull>
						<bottom/>
						<top>
							<part>
								<xStart>
									-2.45919
									<!--BW_String-->
								</xStart>
								<xStep>
									0.0898764
									<!--BW_String-->
								</xStep>
								<ySamples>
									1.55382 1.5768 1.5768 1.57681 1.57681 1.57681 1.57681 1.57681 1.57681 1.57681 1.57681 1.57681 1.57681 1.57681 1.57681 1.57681 1.57681 1.57681 1.57681 1.57681 1.57681 1.55756 1.57667 1.57681 1.57681 1.57681 1.57681 1.57681 1.57681 1.57681 1.57681 1.57681 1.57681 1.57681 1.57681 1.55756 1.57681 1.57681 1.57681 1.57681 1.57681 1.57681 1.57681 1.57681 1.57681 1.57681 1.57681 1.57681 1.57681 1.57681 1.57681 1.57681 1.55922 1.54372 1.52414 1.49805 1.46299 1.41892 1.36285 1.29117
									<!--BW_String-->
								</ySamples>
							</part>
						</top>
					</collisionHull>
					<bottomWheels>
						<wheel>WD_R4</wheel>
						<wheel>W_R5</wheel>
						<wheel>W_R4</wheel>
						<wheel>W_R3</wheel>
						<wheel>W_R2</wheel>
						<wheel>W_R1</wheel>
						<wheel>W_R0</wheel>
						<wheel>WD_R0</wheel>
					</bottomWheels>
					<snapWheels>
						<topFront>
							<wheelName>WD_R0</wheelName>
							<basePos>
								2.30812 0.932269
								<!--BW_String-->
							</basePos>
							<shiftVec>0.413491 0.180346</shiftVec>
							<jointIdx>10</jointIdx>
						</topFront>
						<topBack>
							<wheelName>WD_R4</wheelName>
							<basePos>
								-2.21124 0.983813
								<!--BW_String-->
							</basePos>
							<shiftVec>-0.433387 0.143511</shiftVec>
							<jointIdx>42</jointIdx>
						</topBack>
						<bottomBack>
							<wheelName>W_R5</wheelName>
							<basePos>
								-1.38437 0.348782
								<!--BW_String-->
							</basePos>
							<shiftVec>
								-0.0423902 -0.266193
								<!--BW_String-->
							</shiftVec>
							<jointIdx>52</jointIdx>
						</bottomBack>
						<bottomFront>
							<wheelName>W_R0</wheelName>
							<basePos>
								1.42562 0.348781
								<!--BW_String-->
							</basePos>
							<shiftVec>0.100183 -0.250238</shiftVec>
							<jointIdx>0</jointIdx>
						</bottomFront>
					</snapWheels>
					<radiusOverrides>
						<wheel>
							<name>WD_R4</name>
							<radius>0.455112</radius>
						</wheel>
						<wheel>
							<name>WD_R0</name>
							<radius>0.449674</radius>
						</wheel>
					</radiusOverrides>
					<teethSyncs>
						<syncWithMainModel>true</syncWithMainModel>
						<segmentSyncPivotOffset>0.000000</segmentSyncPivotOffset>
						<sync>
							<name>WD_R4</name>
							<startAngle>
								-16.531
								<!--BW_String-->
							</startAngle>
							<teethCount>16</teethCount>
						</sync>
						<sync>
							<name>WD_R0</name>
							<startAngle>
								-19.6422
								<!--BW_String-->
							</startAngle>
							<teethCount>16</teethCount>
						</sync>
					</teethSyncs>
					<sourceCollisionHullPoints>
						<top>
							<range>
								<point>
									1.0871 1.70358 -2.45917
									<!--BW_String-->
								</point>
								<point>
									1.0871 1.72656 -2.36929
									<!--BW_String-->
								</point>
								<point>
									1.0871 1.72656 -2.27941
									<!--BW_String-->
								</point>
								<point>
									1.1071 1.72657 -2.18954
									<!--BW_String-->
								</point>
								<point>
									1.0871 1.72657 -2.09966
									<!--BW_String-->
								</point>
								<point>
									1.1671 1.72657 -2.00979
									<!--BW_String-->
								</point>
								<point>
									1.0871 1.72657 -1.91991
									<!--BW_String-->
								</point>
								<point>
									1.0871 1.72657 -1.83003
									<!--BW_String-->
								</point>
								<point>
									1.0871 1.72657 -1.74016
									<!--BW_String-->
								</point>
								<point>
									1.0871 1.72657 -1.65028
									<!--BW_String-->
								</point>
								<point>
									1.3271 1.72657 -1.5604
									<!--BW_String-->
								</point>
								<point>
									1.0871 1.72657 -1.47053
									<!--BW_String-->
								</point>
								<point>
									1.0871 1.72657 -1.38065
									<!--BW_String-->
								</point>
								<point>
									1.0871 1.72657 -1.29077
									<!--BW_String-->
								</point>
								<point>
									1.0871 1.72657 -1.2009
									<!--BW_String-->
								</point>
								<point>
									1.0871 1.72657 -1.11102
									<!--BW_String-->
								</point>
								<point>
									1.0871 1.72657 -1.02114
									<!--BW_String-->
								</point>
								<point>
									1.0871 1.72657 -0.931269
									<!--BW_String-->
								</point>
								<point>
									1.0871 1.72657 -0.841393
									<!--BW_String-->
								</point>
								<point>
									1.0871 1.72657 -0.751516
									<!--BW_String-->
								</point>
								<point>
									1.0871 1.72657 -0.66164
									<!--BW_String-->
								</point>
								<point>
									1.2271 1.70732 -0.571763
									<!--BW_String-->
								</point>
								<point>
									1.3071 1.72643 -0.481887
									<!--BW_String-->
								</point>
								<point>
									1.0871 1.72657 -0.392011
									<!--BW_String-->
								</point>
								<point>
									1.0871 1.72657 -0.302134
									<!--BW_String-->
								</point>
								<point>
									1.0871 1.72657 -0.212258
									<!--BW_String-->
								</point>
								<point>
									1.0871 1.72657 -0.122381
									<!--BW_String-->
								</point>
								<point>
									1.2471 1.72657 -0.0325052
									<!--BW_String-->
								</point>
								<point>
									1.0871 1.72657 0.057371
									<!--BW_String-->
								</point>
								<point>
									1.0871 1.72657 0.147248
									<!--BW_String-->
								</point>
								<point>
									1.3671 1.72657 0.237124
									<!--BW_String-->
								</point>
								<point>
									1.0871 1.72657 0.327
									<!--BW_String-->
								</point>
								<point>
									1.0871 1.72657 0.416877
									<!--BW_String-->
								</point>
								<point>
									1.0871 1.72657 0.506753
									<!--BW_String-->
								</point>
								<point>
									1.0871 1.72657 0.596629
									<!--BW_String-->
								</point>
								<point>
									1.0871 1.70732 0.686506
									<!--BW_String-->
								</point>
								<point>
									1.0871 1.72657 0.776382
									<!--BW_String-->
								</point>
								<point>
									1.0871 1.72657 0.866258
									<!--BW_String-->
								</point>
								<point>
									1.0871 1.72657 0.956135
									<!--BW_String-->
								</point>
								<point>
									1.0871 1.72657 1.04601
									<!--BW_String-->
								</point>
								<point>
									1.0871 1.72657 1.13589
									<!--BW_String-->
								</point>
								<point>
									1.0871 1.72657 1.22576
									<!--BW_String-->
								</point>
								<point>
									1.0871 1.72657 1.31564
									<!--BW_String-->
								</point>
								<point>
									1.0871 1.72657 1.40552
									<!--BW_String-->
								</point>
								<point>
									1.0871 1.72657 1.49539
									<!--BW_String-->
								</point>
								<point>
									1.0871 1.72657 1.58527
									<!--BW_String-->
								</point>
								<point>
									1.0871 1.72657 1.67515
									<!--BW_String-->
								</point>
								<point>
									1.0871 1.72657 1.76502
									<!--BW_String-->
								</point>
								<point>
									1.0871 1.72657 1.8549
									<!--BW_String-->
								</point>
								<point>
									1.0871 1.72657 1.94477
									<!--BW_String-->
								</point>
								<point>
									1.0871 1.72657 2.03465
									<!--BW_String-->
								</point>
								<point>
									1.0871 1.72657 2.12453
									<!--BW_String-->
								</point>
								<point>
									1.0871 1.70898 2.2144
									<!--BW_String-->
								</point>
								<point>
									1.0871 1.69348 2.30428
									<!--BW_String-->
								</point>
								<point>
									1.0871 1.6739 2.39416
									<!--BW_String-->
								</point>
								<point>
									1.0871 1.64781 2.48403
									<!--BW_String-->
								</point>
								<point>
									1.0871 1.61275 2.57391
									<!--BW_String-->
								</point>
								<point>
									1.3671 1.56868 2.66379
									<!--BW_String-->
								</point>
								<point>
									1.4071 1.51261 2.75366
									<!--BW_String-->
								</point>
								<point>
									1.3871 1.44093 2.84354
									<!--BW_String-->
								</point>
							</range>
						</top>
						<bottom/>
					</sourceCollisionHullPoints>
				</right>
			</physicalTracks>
			<customization>
				<customizableVehicleAreas>
					<paint/>
					<camouflage/>
				</customizableVehicleAreas>
			</customization>
		</Chassis_J30_Edelweiss>
	</chassis>
	<turrets0>
		<Turret_1_J30_Edelweiss>
			<userString>#japan_vehicles:Turret_1_J30_Edelweiss</userString>
			<tags/>
			<level>8</level>
			<price>30000</price>
			<notInShop>true</notInShop>
			<armor>
				<armor_1>120</armor_1>
				<armor_2>100</armor_2>
				<armor_3>80</armor_3>
				<armor_4>60</armor_4>
				<armor_5>30</armor_5>
				<armor_6>25</armor_6>
				<armor_7>40</armor_7>
				<armor_8>0</armor_8>
				<armor_9>
					50
					<vehicleDamageFactor>
						0.0
						<!--BW_String-->
					</vehicleDamageFactor>
				</armor_9>
				<armor_10>80</armor_10>
				<armor_11>40</armor_11>
				<armor_12>60</armor_12>
			</armor>
			<primaryArmor>armor_1 armor_3 armor_4</primaryArmor>
			<weight>7000</weight>
			<maxHealth>280</maxHealth>
			<rotationSpeed>38</rotationSpeed>
			<turretRotatorHealth>
				<maxHealth>140</maxHealth>
				<maxRegenHealth>70</maxRegenHealth>
				<repairCost>
					1.0
					<!--BW_String-->
				</repairCost>
			</turretRotatorHealth>
			<circularVisionRadius>390</circularVisionRadius>
			<surveyingDeviceHealth>
				<maxHealth>100</maxHealth>
				<maxRegenHealth>50</maxRegenHealth>
				<repairCost>
					1.0
					<!--BW_String-->
				</repairCost>
			</surveyingDeviceHealth>
			<guns>
				<_88mm_Edelweiss_Gun>
					shared
					<maxAmmo>60</maxAmmo>
					<armor>
						<armor_1>
							120
							<vehicleDamageFactor>
								0.0
								<!--BW_String-->
							</vehicleDamageFactor>
						</armor_1>
						<armor_2>
							80
							<vehicleDamageFactor>
								0.0
								<!--BW_String-->
							</vehicleDamageFactor>
						</armor_2>
						<armor_3>
							60
							<vehicleDamageFactor>
								0.0
								<!--BW_String-->
							</vehicleDamageFactor>
						</armor_3>
						<armor_4>
							0
							<vehicleDamageFactor>
								0.0
								<!--BW_String-->
							</vehicleDamageFactor>
						</armor_4>
						<armor_5>
							30
							<vehicleDamageFactor>
								0.0
								<!--BW_String-->
							</vehicleDamageFactor>
						</armor_5>
						<gun>30</gun>
					</armor>
					<turretYawLimits>-180 180</turretYawLimits>
					<pitchLimits>
						<minPitch>0 -15 1 -15</minPitch>
						<maxPitch>0 8 1 8</maxPitch>
					</pitchLimits>
					<reloadTime>
						7.5
						<!--BW_String-->
					</reloadTime>
					<shotDispersionFactors>
						<turretRotation>
							0.12
							<!--BW_String-->
						</turretRotation>
						<afterShot>
							4.0
							<!--BW_String-->
						</afterShot>
						<whileGunDamaged>
							2.0
							<!--BW_String-->
						</whileGunDamaged>
					</shotDispersionFactors>
					<aimingTime>
						2.3
						<!--BW_String-->
					</aimingTime>
					<invisibilityFactorAtShot>
						0.25
						<!--BW_String-->
					</invisibilityFactorAtShot>
					<shotDispersionRadius>
						0.38
						<!--BW_String-->
					</shotDispersionRadius>
					<models>
						<undamaged>vehicles/japan/J30_Edelweiss/normal/lod0/Gun_01.model</undamaged>
						<destroyed>vehicles/japan/J30_Edelweiss/crash/lod0/Gun_01.model</destroyed>
						<exploded>vehicles/japan/J30_Edelweiss/crash/lod0/Gun_01.model</exploded>
					</models>
					<hitTester>
						<collisionModelServer>vehicles/japan/J30_Edelweiss/collision/Gun_01.model</collisionModelServer>
						<collisionModelClient>vehicles/japan/J30_Edelweiss/collision_client/Gun_01.model</collisionModelClient>
					</hitTester>
					<drivenJoints>
						<master>
							<node>Gun</node>
							<table>
								<row>
									-15.0
									<!--BW_String-->
								</row>
								<row>
									0.0
									<!--BW_String-->
								</row>
								<row>
									8.0
									<!--BW_String-->
								</row>
							</table>
							<slaves>
								<slave>
									<node>joint1</node>
									<table>
										<row>
											-10.885
											<!--BW_String-->
										</row>
										<row>
											0.0
											<!--BW_String-->
										</row>
										<row>
											1.927
											<!--BW_String-->
										</row>
									</table>
								</slave>
							</slaves>
						</master>
					</drivenJoints>
					<effects>shot_105mm_kwk</effects>
					<animateEmblemSlots>true</animateEmblemSlots>
					<customizationSlots>
						<slot>
							<slotType>insigniaOnGun</slotType>
							<slotId>49000</slotId>
							<rayStart>
								0.000000 0.000002 1.60107
								<!--BW_String-->
							</rayStart>
							<rayEnd>
								0.343085 -0.152283 1.57939
								<!--BW_String-->
							</rayEnd>
							<rayUp>
								0.131 0.000000 0.000000
								<!--BW_String-->
							</rayUp>
							<applyToFabric>true</applyToFabric>
							<size>
								0.37
								<!--BW_String-->
							</size>
							<hideIfDamaged>false</hideIfDamaged>
							<isUVProportional>true</isUVProportional>
						</slot>
					</customizationSlots>
					<customization>
						<customizableVehicleAreas>
							<paint/>
							<camouflage/>
						</customizableVehicleAreas>
					</customization>
					<camouflage>
						<density>
							117.339 124.125
							<!--BW_String-->
						</density>
						<aoTextureSize>512 256</aoTextureSize>
					</camouflage>
				</_88mm_Edelweiss_Gun>
			</guns>
			<models>
				<undamaged>vehicles/japan/J30_Edelweiss/normal/lod0/Turret_01.model</undamaged>
				<destroyed>vehicles/japan/J30_Edelweiss/crash/lod0/Turret_01.model</destroyed>
				<exploded>vehicles/japan/J30_Edelweiss/crash/lod0/Turret_01.model</exploded>
			</models>
			<hitTester>
				<collisionModelServer>vehicles/japan/J30_Edelweiss/collision/Turret_01.model</collisionModelServer>
				<collisionModelClient>vehicles/japan/J30_Edelweiss/collision_client/Turret_01.model</collisionModelClient>
			</hitTester>
			<gunPosition>
				0.000000 0.49754 0.716675
				<!--BW_String-->
			</gunPosition>
			<wwturretRotatorSoundManual>tur_mech_trav</wwturretRotatorSoundManual>
			<showEmblemsOnGun>false</showEmblemsOnGun>
			<physicsShape>
				0.993 -0.101 1.017 -0.000 0.464 0.333 0.801 0.518 0.510 0.500 0.350 0.500 0.322 0.219 0.000
				<!--BW_String-->
			</physicsShape>
			<customizationSlots>
				<slot>
					<slotType>fixedEmblem</slotType>
					<slotId>37000</slotId>
					<rayStart>-0.652515 0.389731 0.914683</rayStart>
					<rayEnd>-0.476146 0.311055 0.862676</rayEnd>
					<rayUp>
						0.000000 1 0.000000
						<!--BW_String-->
					</rayUp>
					<emblemId>15939</emblemId>
					<size>
						0.454
						<!--BW_String-->
					</size>
					<hideIfDamaged>false</hideIfDamaged>
					<isUVProportional>true</isUVProportional>
				</slot>
			</customizationSlots>
			<customization>
				<customizableVehicleAreas>
					<paint/>
					<camouflage/>
				</customizableVehicleAreas>
			</customization>
			<camouflage>
				<density>
					85.0835 84.7942
					<!--BW_String-->
				</density>
				<aoTextureSize>512 512</aoTextureSize>
			</camouflage>
		</Turret_1_J30_Edelweiss>
	</turrets0>
	<engines>
		<Edelweiss_Engine>shared</Edelweiss_Engine>
	</engines>
	<fuelTanks>
		<Heavy>shared</Heavy>
	</fuelTanks>
	<radios>
		<Edelweiss_Radio>shared</Edelweiss_Radio>
	</radios>
	<clientAdjustmentFactors/>
	<physics>
		<detailed>
			<engines>
				<Edelweiss_Engine>
					<smplEnginePower>800</smplEnginePower>
					<smplFwMaxSpeed>60</smplFwMaxSpeed>
				</Edelweiss_Engine>
			</engines>
			<chassis>
				<Chassis_J30_Edelweiss>
					<axleCount>5</axleCount>
					<grounds>
						<soft>
							<rollingFriction>
								0.12075
								<!--BW_String-->
							</rollingFriction>
						</soft>
						<medium>
							<rollingFriction>
								0.0644
								<!--BW_String-->
							</rollingFriction>
						</medium>
						<firm>
							<rollingFriction>
								0.0483
								<!--BW_String-->
							</rollingFriction>
						</firm>
					</grounds>
				</Chassis_J30_Edelweiss>
			</chassis>
		</detailed>
	</physics>
	<effects>
		<collision/>
		<damagedStateGroup>large</damagedStateGroup>
	</effects>
	<emblems>
		<default>15508</default>
		<lodDist>MEDIUM</lodDist>
		<alpha>
			0.88
			<!--BW_String-->
		</alpha>
	</emblems>
	<customDefaultCamouflage>true</customDefaultCamouflage>
</root>
