<?xml version="1.0" encoding="utf-8"?>
<root>
	<xmlns:xmlref>http://bwt/xmlref</xmlns:xmlref>
	<crew>
		<commander>radioman</commander>
		<gunner/>
		<driver/>
		<loader/>
		<loader/>
	</crew>
	<supplySlots>4 1 1 6 6 6 7 8 8 8</supplySlots>
	<speedLimits>
		<forward>43</forward>
		<backward>12</backward>
	</speedLimits>
	<invisibility>
		<moving>
			0.159
			<!--BW_String-->
		</moving>
		<still>
			0.264
			<!--BW_String-->
		</still>
		<camouflageBonus>
			0.04
			<!--BW_String-->
		</camouflageBonus>
		<firePenalty>
			0.396
			<!--BW_String-->
		</firePenalty>
	</invisibility>
	<optDevsOverrides>
		<camouflageNet>
			<invisibilityBonus>
				0.15 0.175
				<!--BW_String-->
			</invisibilityBonus>
		</camouflageNet>
		<additionalInvisibilityDevice>
			<invisibilityBonus>
				0.05 0.06
				<!--BW_String-->
			</invisibilityBonus>
		</additionalInvisibilityDevice>
	</optDevsOverrides>
	<repairCost>
		9.658
		<!--BW_String-->
	</repairCost>
	<crewXpFactor>
		1.0
		<!--BW_String-->
	</crewXpFactor>
	<camouflage>
		<priceFactor>
			1.6
			<!--BW_String-->
		</priceFactor>
		<tiling>1 1 0 0</tiling>
		<exclusionMask/>
	</camouflage>
	<hull>
		<fakeTurrets>
			<lobby>0</lobby>
			<battle>0</battle>
		</fakeTurrets>
		<armor>
			<armor_1>90</armor_1>
			<armor_2>60</armor_2>
			<armor_3>75</armor_3>
			<armor_4>60</armor_4>
			<armor_5>90</armor_5>
			<armor_6>30</armor_6>
			<armor_7>20</armor_7>
			<armor_8>0</armor_8>
			<armor_9>85</armor_9>
			<armor_10>90</armor_10>
			<armor_13>30</armor_13>
			<armor_14>90</armor_14>
			<armor_15>100</armor_15>
			<armor_16>115</armor_16>
		</armor>
		<primaryArmor>armor_1 armor_5 armor_4</primaryArmor>
		<weight>30000</weight>
		<maxHealth>808</maxHealth>
		<ammoBayHealth>
			<maxHealth>200</maxHealth>
			<maxRegenHealth>135</maxRegenHealth>
			<repairCost>
				1.0
				<!--BW_String-->
			</repairCost>
		</ammoBayHealth>
		<models>
			<undamaged>vehicles/russian/R47_ISU-152/normal/lod0/Hull.model</undamaged>
			<destroyed>vehicles/russian/R47_ISU-152/crash/lod0/Hull.model</destroyed>
			<exploded>vehicles/russian/R47_ISU-152/crash/lod0/Hull.model</exploded>
		</models>
		<swinging>
			<lodDist>FAR</lodDist>
			<pitchParams>
				0.24 36.00 0.40 1.00 0.05 0.32
				<!--BW_String-->
			</pitchParams>
			<rollParams>
				1.00 0.24 36.00 0.40 1.00 0.05 0.32
				<!--BW_String-->
			</rollParams>
			<sensitivityToImpulse>
				0.35
				<!--BW_String-->
			</sensitivityToImpulse>
		</swinging>
		<exhaust>
			<pixie>diesel_large</pixie>
			<nodes>HP_Track_Exhaus_1 HP_Track_Exhaus_2</nodes>
		</exhaust>
		<turretPositions>
			<turret>
				0.2299 0.850054 2.22379
				<!--BW_String-->
			</turret>
		</turretPositions>
		<hitTester>
			<collisionModelServer>vehicles/russian/R47_ISU-152/collision/Hull.model</collisionModelServer>
			<collisionModelClient>vehicles/russian/R47_ISU-152/collision_client/Hull.model</collisionModelClient>
		</hitTester>
		<hangarShadowTexture>vehicles/russian/R47_ISU-152/ISU-152_HangarShadowMap.dds</hangarShadowTexture>
		<customization>
			<customizableVehicleAreas>
				<paint>HULL</paint>
				<camouflage>HULL</camouflage>
			</customizableVehicleAreas>
		</customization>
		<customizationSlots>
			<slot>
				<slotType>clan</slotType>
				<slotId>10000</slotId>
				<rayStart>
					-0.796183 1.16471 2.08856
					<!--BW_String-->
				</rayStart>
				<rayEnd>
					-0.796183 0.964697 1.74216
					<!--BW_String-->
				</rayEnd>
				<rayUp>
					0.000000 1 0.000000
					<!--BW_String-->
				</rayUp>
				<size>
					0.34
					<!--BW_String-->
				</size>
				<hideIfDamaged>true</hideIfDamaged>
				<isUVProportional>true</isUVProportional>
			</slot>
			<slot>
				<slotType>inscription</slotType>
				<slotId>14000</slotId>
				<rayStart>
					-1.26848 1.0534 0.425873
					<!--BW_String-->
				</rayStart>
				<rayEnd>
					-1.07669 0.999853 0.444568
					<!--BW_String-->
				</rayEnd>
				<rayUp>
					0.000000 1 0.000000
					<!--BW_String-->
				</rayUp>
				<size>
					0.74
					<!--BW_String-->
				</size>
				<hideIfDamaged>false</hideIfDamaged>
				<isUVProportional>true</isUVProportional>
			</slot>
			<slot>
				<slotType>player</slotType>
				<slotId>13000</slotId>
				<rayStart>
					-1.22238 1.01727 -0.252435
					<!--BW_String-->
				</rayStart>
				<rayEnd>
					-1.03059 0.963728 -0.23374
					<!--BW_String-->
				</rayEnd>
				<rayUp>
					0.000000 1 0.000000
					<!--BW_String-->
				</rayUp>
				<size>
					0.34
					<!--BW_String-->
				</size>
				<hideIfDamaged>false</hideIfDamaged>
				<isUVProportional>true</isUVProportional>
			</slot>
			<slot>
				<slotType>inscription</slotType>
				<slotId>14001</slotId>
				<rayStart>
					1.26848 1.0534 0.425873
					<!--BW_String-->
				</rayStart>
				<rayEnd>
					1.07669 0.999853 0.444568
					<!--BW_String-->
				</rayEnd>
				<rayUp>
					0.000000 1 0.000000
					<!--BW_String-->
				</rayUp>
				<size>
					0.74
					<!--BW_String-->
				</size>
				<hideIfDamaged>false</hideIfDamaged>
				<isUVProportional>true</isUVProportional>
			</slot>
			<slot>
				<slotType>player</slotType>
				<slotId>13001</slotId>
				<rayStart>
					1.22238 1.01727 -0.252435
					<!--BW_String-->
				</rayStart>
				<rayEnd>
					1.03059 0.963728 -0.23374
					<!--BW_String-->
				</rayEnd>
				<rayUp>
					0.000000 1 0.000000
					<!--BW_String-->
				</rayUp>
				<size>
					0.34
					<!--BW_String-->
				</size>
				<hideIfDamaged>true</hideIfDamaged>
				<isMirrored>true</isMirrored>
				<isUVProportional>true</isUVProportional>
			</slot>
		</customizationSlots>
		<camouflage>
			<tiling>
				1.4 1.4 0.000000 0.000000
				<!--BW_String-->
			</tiling>
			<density>
				73.9865 74.4291
				<!--BW_String-->
			</density>
			<aoTextureSize>1024 1024</aoTextureSize>
		</camouflage>
	</hull>
	<chassis>
		<ISU-152_mod_1945_IGR>
			<userString>#igr_vehicles:Chassis_ISU-152_IGR</userString>
			<tags/>
			<level>8</level>
			<price>34100</price>
			<notInShop>true</notInShop>
			<armor>
				<leftTrack>20</leftTrack>
				<rightTrack>20</rightTrack>
			</armor>
			<weight>12000</weight>
			<maxLoad>54400</maxLoad>
			<terrainResistance>
				1.1 1.4 2.3
				<!--BW_String-->
			</terrainResistance>
			<brakeForce>39500</brakeForce>
			<rotationIsAroundCenter>true</rotationIsAroundCenter>
			<rotationSpeed>21</rotationSpeed>
			<shotDispersionFactors>
				<vehicleMovement>
					0.2
					<!--BW_String-->
				</vehicleMovement>
				<vehicleRotation>
					0.2
					<!--BW_String-->
				</vehicleRotation>
			</shotDispersionFactors>
			<bulkHealthFactor>
				3.0
				<!--BW_String-->
			</bulkHealthFactor>
			<maxHealth>200</maxHealth>
			<maxRegenHealth>150</maxRegenHealth>
			<repairCost>
				5.0
				<!--BW_String-->
			</repairCost>
			<models>
				<undamaged>vehicles/russian/R47_ISU-152/normal/lod0/Chassis.model</undamaged>
				<destroyed>vehicles/russian/R47_ISU-152/crash/lod0/Chassis.model</destroyed>
				<exploded>vehicles/russian/R47_ISU-152/crash/lod0/Chassis.model</exploded>
			</models>
			<splineDesc>
				<segmentModelLeft>vehicles/russian/R47_ISU-152/track/segment_1.model</segmentModelLeft>
				<segmentModelRight>vehicles/russian/R47_ISU-152/track/segment_1.model</segmentModelRight>
				<segment2ModelLeft>vehicles/russian/R47_ISU-152/track/segment_2.model</segment2ModelLeft>
				<segment2ModelRight>vehicles/russian/R47_ISU-152/track/segment_2.model</segment2ModelRight>
				<left>vehicles/russian/R47_ISU-152/track/left.track</left>
				<right>vehicles/russian/R47_ISU-152/track/right.track</right>
				<segmentLength>
					0.307
					<!--BW_String-->
				</segmentLength>
				<segmentOffset>
					0.103
					<!--BW_String-->
				</segmentOffset>
				<segment2Offset>
					0.154
					<!--BW_String-->
				</segment2Offset>
				<lodDist>SPLINE_TRACK</lodDist>
				<atlas>
					<UTiles>1</UTiles>
					<VTiles>1</VTiles>
				</atlas>
			</splineDesc>
			<traces>
				<lodDist>FAR</lodDist>
				<bufferPrefs>mediumTank</bufferPrefs>
				<textureSet>ussr_01</textureSet>
				<size>
					0.48 0.68
					<!--BW_String-->
				</size>
			</traces>
			<tracks>
				<lodDist>MEDIUM_TRACK</lodDist>
				<leftMaterial>track_mat_L_skinned</leftMaterial>
				<rightMaterial>track_mat_R_skinned</rightMaterial>
				<textureScale>
					-1.45
					<!--BW_String-->
				</textureScale>
			</tracks>
			<wheels>
				<leadingWheelSyncAngle>
					25.71428571428571
					<!--BW_String-->
				</leadingWheelSyncAngle>
				<lodDist>MEDIUM</lodDist>
				<group>
					<isLeft>false</isLeft>
					<template>W_R</template>
					<radius>
						0.2751
						<!--BW_String-->
					</radius>
					<startIndex>0</startIndex>
					<count>6</count>
				</group>
				<wheel>
					<isLeft>true</isLeft>
					<isLeading>true</isLeading>
					<name>WD_L0</name>
					<radius>0.275099</radius>
					<syncAngle>
						51.4286
						<!--BW_String-->
					</syncAngle>
				</wheel>
				<group>
					<isLeft>true</isLeft>
					<template>WD_L</template>
					<radius>0.196913</radius>
					<startIndex>1</startIndex>
					<count>3</count>
				</group>
				<wheel>
					<isLeft>true</isLeft>
					<isLeading>true</isLeading>
					<name>WD_L4</name>
					<radius>0.405917</radius>
					<syncAngle>
						51.4286
						<!--BW_String-->
					</syncAngle>
				</wheel>
				<group>
					<isLeft>true</isLeft>
					<template>W_L</template>
					<radius>
						0.2751
						<!--BW_String-->
					</radius>
					<startIndex>0</startIndex>
					<count>6</count>
				</group>
				<wheel>
					<isLeft>false</isLeft>
					<isLeading>true</isLeading>
					<name>WD_R0</name>
					<radius>0.275099</radius>
					<syncAngle>
						51.4286
						<!--BW_String-->
					</syncAngle>
				</wheel>
				<group>
					<isLeft>false</isLeft>
					<template>WD_R</template>
					<radius>0.196913</radius>
					<startIndex>1</startIndex>
					<count>3</count>
				</group>
				<wheel>
					<isLeft>false</isLeft>
					<isLeading>true</isLeading>
					<name>WD_R4</name>
					<radius>0.405917</radius>
					<syncAngle>
						51.4286
						<!--BW_String-->
					</syncAngle>
				</wheel>
			</wheels>
			<groundNodes>
				<group>
					<template>Track_L</template>
					<startIndex>0</startIndex>
					<count>6</count>
					<isLeft>true</isLeft>
					<minOffset>
						-0.1
						<!--BW_String-->
					</minOffset>
					<maxOffset>
						0.07
						<!--BW_String-->
					</maxOffset>
				</group>
				<group>
					<template>Track_R</template>
					<startIndex>0</startIndex>
					<count>6</count>
					<isLeft>false</isLeft>
					<minOffset>
						-0.1
						<!--BW_String-->
					</minOffset>
					<maxOffset>
						0.07
						<!--BW_String-->
					</maxOffset>
				</group>
			</groundNodes>
			<drivingWheels>WD_L0 WD_L4</drivingWheels>
			<trackNodes>
				<enable>true</enable>
				<linkBones>true</linkBones>
				<maxAmplitude>
					0.01
					<!--BW_String-->
				</maxAmplitude>
				<maxOffset>
					0.01
					<!--BW_String-->
				</maxOffset>
				<gravity>-4</gravity>
				<elasticity>1500</elasticity>
				<damping>2</damping>
				<node>
					<isLeft>true</isLeft>
					<name>Track_VT_L0</name>
					<forwardElastK>
						0.85
						<!--BW_String-->
					</forwardElastK>
					<backwardElastK>
						1.6
						<!--BW_String-->
					</backwardElastK>
					<offset>
						-0.05
						<!--BW_String-->
					</offset>
					<rightSibling>Track_VT_L1</rightSibling>
				</node>
				<node>
					<isLeft>true</isLeft>
					<name>Track_VT_L1</name>
					<forwardElastK>
						0.83
						<!--BW_String-->
					</forwardElastK>
					<backwardElastK>2</backwardElastK>
					<offset>
						-0.05
						<!--BW_String-->
					</offset>
					<leftSibling>Track_VT_L0</leftSibling>
					<rightSibling>Track_VT_L2</rightSibling>
				</node>
				<node>
					<isLeft>true</isLeft>
					<name>Track_VT_L2</name>
					<forwardElastK>
						0.8
						<!--BW_String-->
					</forwardElastK>
					<backwardElastK>
						2.5
						<!--BW_String-->
					</backwardElastK>
					<offset>
						-0.05
						<!--BW_String-->
					</offset>
					<leftSibling>Track_VT_L1</leftSibling>
					<rightSibling>Track_VT_L3</rightSibling>
				</node>
				<node>
					<isLeft>true</isLeft>
					<name>Track_VT_L3</name>
					<forwardElastK>
						0.8
						<!--BW_String-->
					</forwardElastK>
					<backwardElastK>3</backwardElastK>
					<offset>
						-0.05
						<!--BW_String-->
					</offset>
					<leftSibling>Track_VT_L2</leftSibling>
				</node>
				<node>
					<isLeft>false</isLeft>
					<name>Track_VT_R0</name>
					<forwardElastK>
						0.85
						<!--BW_String-->
					</forwardElastK>
					<backwardElastK>
						1.6
						<!--BW_String-->
					</backwardElastK>
					<offset>
						-0.05
						<!--BW_String-->
					</offset>
					<rightSibling>Track_VT_R1</rightSibling>
				</node>
				<node>
					<isLeft>false</isLeft>
					<name>Track_VT_R1</name>
					<forwardElastK>
						0.83
						<!--BW_String-->
					</forwardElastK>
					<backwardElastK>2</backwardElastK>
					<offset>
						-0.05
						<!--BW_String-->
					</offset>
					<leftSibling>Track_VT_R0</leftSibling>
					<rightSibling>Track_VT_R2</rightSibling>
				</node>
				<node>
					<isLeft>false</isLeft>
					<name>Track_VT_R2</name>
					<forwardElastK>
						0.8
						<!--BW_String-->
					</forwardElastK>
					<backwardElastK>
						2.5
						<!--BW_String-->
					</backwardElastK>
					<offset>
						-0.05
						<!--BW_String-->
					</offset>
					<leftSibling>Track_VT_R1</leftSibling>
					<rightSibling>Track_VT_R3</rightSibling>
				</node>
				<node>
					<isLeft>false</isLeft>
					<name>Track_VT_R3</name>
					<forwardElastK>
						0.8
						<!--BW_String-->
					</forwardElastK>
					<backwardElastK>3</backwardElastK>
					<offset>
						-0.05
						<!--BW_String-->
					</offset>
					<leftSibling>Track_VT_R2</leftSibling>
				</node>
				<node>
					<isLeft>true</isLeft>
					<name>Track_VD_L0</name>
					<forwardElastK>
						0.6
						<!--BW_String-->
					</forwardElastK>
					<backwardElastK>
						1.5
						<!--BW_String-->
					</backwardElastK>
				</node>
				<node>
					<isLeft>true</isLeft>
					<name>Track_VD_L1</name>
					<forwardElastK>
						1.5
						<!--BW_String-->
					</forwardElastK>
					<backwardElastK>
						0.6
						<!--BW_String-->
					</backwardElastK>
				</node>
				<node>
					<isLeft>false</isLeft>
					<name>Track_VD_R0</name>
					<forwardElastK>
						0.9
						<!--BW_String-->
					</forwardElastK>
					<backwardElastK>
						1.5
						<!--BW_String-->
					</backwardElastK>
				</node>
				<node>
					<isLeft>false</isLeft>
					<name>Track_VD_R1</name>
					<forwardElastK>
						1.5
						<!--BW_String-->
					</forwardElastK>
					<backwardElastK>
						0.9
						<!--BW_String-->
					</backwardElastK>
				</node>
			</trackNodes>
			<trackThickness>
				0.012
				<!--BW_String-->
			</trackThickness>
			<effects>
				<lodDist>MEDIUM</lodDist>
				<mud>largeTankMud</mud>
			</effects>
			<wwsoundPC>treads_type_pc</wwsoundPC>
			<wwsoundNPC>trds_med_npc</wwsoundNPC>
			<hullPosition>0.000000 0.963746 0.000000</hullPosition>
			<hitTester>
				<collisionModelServer>vehicles/russian/R47_ISU-152/collision/Chassis.model</collisionModelServer>
				<collisionModelClient>vehicles/russian/R47_ISU-152/collision_client/Chassis.model</collisionModelClient>
			</hitTester>
			<topRightCarryingPoint>
				1.20331 2.20809
				<!--BW_String-->
			</topRightCarryingPoint>
			<maxClimbAngle>25</maxClimbAngle>
			<navmeshGirth>
				6.0
				<!--BW_String-->
			</navmeshGirth>
			<AODecals>
				<decal>
					<transform>
						<row0>4.318720 -0.000000 0.000000</row0>
						<row1>-0.000000 1.471520 0.000000</row1>
						<row2>0.000000 0.000000 8.467650</row2>
						<row3>-0.000000 0.000000 -0.000000</row3>
					</transform>
				</decal>
			</AODecals>
			<trackThickness>
				0.012
				<!--BW_String-->
			</trackThickness>
			<physicalTracks>
				<left>
					<segmentsCount>94</segmentsCount>
					<segmentsOuterThickness>
						0.0693054
						<!--BW_String-->
					</segmentsOuterThickness>
					<segmentsInnerThickness>
						-0.00400522
						<!--BW_String-->
					</segmentsInnerThickness>
					<segmentsPlaneOffset>
						-1.20273
						<!--BW_String-->
					</segmentsPlaneOffset>
					<springsLength>
						<backwardMovement>
							<back>0.152666</back>
							<top>0.135526</top>
							<front>0.139776</front>
							<bottom>0.109755</bottom>
						</backwardMovement>
						<forwardMovement>
							<back>0.140984</back>
							<top>0.146353</top>
							<front>0.151341</front>
							<bottom>0.133776</bottom>
						</forwardMovement>
					</springsLength>
					<mainSegment>
						<model>vehicles/russian/R47_ISU-152/track/segment_1.model</model>
						<length>0.154006</length>
					</mainSegment>
					<secSegment>
						<model>vehicles/russian/R47_ISU-152/track/segment_2.model</model>
						<length>0.154234</length>
					</secSegment>
					<collisionHull>
						<bottom/>
						<top>
							<part>
								<xStart>
									-3.36615
									<!--BW_String-->
								</xStart>
								<xStep>
									0.0770028
									<!--BW_String-->
								</xStep>
								<ySamples>
									0.946169 1.01988 1.09646 1.14864 1.14907 1.14949 1.14994 1.15053 1.15112 1.15173 1.15234 1.15291 1.15347 1.15404 1.15463 1.1536 1.1505 1.14741 1.14431 1.14332 1.14614 1.15044 1.15481 1.15918 1.16026 1.16018 1.16009 1.16001 1.15992 1.15988 1.15985 1.15986 1.16045 1.1617 1.16356 1.16556 1.16755 1.16859 1.16921 1.16982 1.17041 1.171 1.17159 1.17218 1.17277 1.17336 1.17395 1.17454 1.17513 1.17572 1.17634 1.17695 1.17756 1.17817 1.17878 1.17939 1.18 1.18061 1.18122 1.18183 1.18244 1.18303 1.18362 1.18378 1.18365 1.18416 1.18537 1.18611 1.18204 1.17823 1.18008 1.18535 1.18965 1.19024 1.19083 1.19144 1.1885 1.18266 1.17702 1.17473 1.17378 1.17145 1.16702 1.15021 1.11215 1.04576
									<!--BW_String-->
								</ySamples>
							</part>
						</top>
					</collisionHull>
					<bottomWheels>
						<wheel>WD_L4</wheel>
						<wheel>W_L5</wheel>
						<wheel>W_L4</wheel>
						<wheel>W_L3</wheel>
						<wheel>W_L2</wheel>
						<wheel>W_L1</wheel>
						<wheel>W_L0</wheel>
						<wheel>WD_L0</wheel>
					</bottomWheels>
					<snapWheels>
						<topFront>
							<wheelName>WD_L0</wheelName>
							<basePos>
								2.87228 0.771656
								<!--BW_String-->
							</basePos>
							<shiftVec>0.258448 0.107191</shiftVec>
							<jointIdx>10</jointIdx>
						</topFront>
						<topBack>
							<wheelName>WD_L4</wheelName>
							<basePos>
								-2.96667 0.73123
								<!--BW_String-->
							</basePos>
							<shiftVec>
								-0.334359 0.0830325
								<!--BW_String-->
							</shiftVec>
							<jointIdx>55</jointIdx>
						</topBack>
						<bottomBack>
							<wheelName>W_L5</wheelName>
							<basePos>
								-2.3352 0.315692
								<!--BW_String-->
							</basePos>
							<shiftVec>
								-0.00472069 -0.271054
								<!--BW_String-->
							</shiftVec>
							<jointIdx>64</jointIdx>
						</bottomBack>
						<bottomFront>
							<wheelName>W_L0</wheelName>
							<basePos>
								1.97655 0.315692
								<!--BW_String-->
							</basePos>
							<shiftVec>
								0.0732236 -0.261019
								<!--BW_String-->
							</shiftVec>
							<jointIdx>0</jointIdx>
						</bottomFront>
					</snapWheels>
					<radiusOverrides>
						<wheel>
							<name>WD_L4</name>
							<radius>0.338954</radius>
						</wheel>
						<wheel>
							<name>WD_L0</name>
							<radius>
								0.29
								<!--BW_String-->
							</radius>
						</wheel>
					</radiusOverrides>
					<teethSyncs>
						<syncWithMainModel>true</syncWithMainModel>
						<segmentSyncPivotOffset>0.000000</segmentSyncPivotOffset>
						<sync>
							<name>WD_L4</name>
							<startAngle>
								-510.337
								<!--BW_String-->
							</startAngle>
							<teethCount>7</teethCount>
						</sync>
						<sync>
							<name>WD_L0</name>
							<startAngle>
								-513.321
								<!--BW_String-->
							</startAngle>
							<teethCount>7</teethCount>
						</sync>
					</teethSyncs>
					<sourceCollisionHullPoints>
						<top>
							<range>
								<point>
									-1.24866 1.03881 -3.36615
									<!--BW_String-->
								</point>
								<point>
									-1.17867 1.11252 -3.28915
									<!--BW_String-->
								</point>
								<point>
									-1.17867 1.1891 -3.21215
									<!--BW_String-->
								</point>
								<point>
									-1.17867 1.24128 -3.13514
									<!--BW_String-->
								</point>
								<point>
									-1.17867 1.24171 -3.05814
									<!--BW_String-->
								</point>
								<point>
									-1.17867 1.24213 -2.98114
									<!--BW_String-->
								</point>
								<point>
									-1.17867 1.24258 -2.90413
									<!--BW_String-->
								</point>
								<point>
									-1.17867 1.24317 -2.82713
									<!--BW_String-->
								</point>
								<point>
									-1.17867 1.24376 -2.75013
									<!--BW_String-->
								</point>
								<point>
									-1.17867 1.24437 -2.67313
									<!--BW_String-->
								</point>
								<point>
									-1.17867 1.24498 -2.59612
									<!--BW_String-->
								</point>
								<point>
									-1.17867 1.24555 -2.51912
									<!--BW_String-->
								</point>
								<point>
									-1.17867 1.24611 -2.44212
									<!--BW_String-->
								</point>
								<point>
									-1.23868 1.24668 -2.36512
									<!--BW_String-->
								</point>
								<point>
									-1.39868 1.24726 -2.28811
									<!--BW_String-->
								</point>
								<point>
									-1.40868 1.24624 -2.21111
									<!--BW_String-->
								</point>
								<point>
									-1.40868 1.24314 -2.13411
									<!--BW_String-->
								</point>
								<point>
									-1.40868 1.24004 -2.05711
									<!--BW_String-->
								</point>
								<point>
									-1.40868 1.23694 -1.9801
									<!--BW_String-->
								</point>
								<point>
									-1.40868 1.23596 -1.9031
									<!--BW_String-->
								</point>
								<point>
									-1.31868 1.23878 -1.8261
									<!--BW_String-->
								</point>
								<point>
									-1.17868 1.24308 -1.74909
									<!--BW_String-->
								</point>
								<point>
									-1.17868 1.24745 -1.67209
									<!--BW_String-->
								</point>
								<point>
									-1.17868 1.25182 -1.59509
									<!--BW_String-->
								</point>
								<point>
									-1.17868 1.2529 -1.51809
									<!--BW_String-->
								</point>
								<point>
									-1.17868 1.25282 -1.44108
									<!--BW_String-->
								</point>
								<point>
									-1.17868 1.25273 -1.36408
									<!--BW_String-->
								</point>
								<point>
									-1.17868 1.25265 -1.28708
									<!--BW_String-->
								</point>
								<point>
									-1.17868 1.25257 -1.21007
									<!--BW_String-->
								</point>
								<point>
									-1.25868 1.25252 -1.13307
									<!--BW_String-->
								</point>
								<point>
									-1.33869 1.25248 -1.05607
									<!--BW_String-->
								</point>
								<point>
									-1.40869 1.25249 -0.979067
									<!--BW_String-->
								</point>
								<point>
									-1.40869 1.25308 -0.902064
									<!--BW_String-->
								</point>
								<point>
									-1.32869 1.25433 -0.825061
									<!--BW_String-->
								</point>
								<point>
									-1.17869 1.2562 -0.748057
									<!--BW_String-->
								</point>
								<point>
									-1.17869 1.2582 -0.671054
									<!--BW_String-->
								</point>
								<point>
									-1.17869 1.2602 -0.594052
									<!--BW_String-->
								</point>
								<point>
									-1.17869 1.26123 -0.517049
									<!--BW_String-->
								</point>
								<point>
									-1.17869 1.26185 -0.440046
									<!--BW_String-->
								</point>
								<point>
									-1.17869 1.26246 -0.363043
									<!--BW_String-->
								</point>
								<point>
									-1.17869 1.26305 -0.28604
									<!--BW_String-->
								</point>
								<point>
									-1.17869 1.26364 -0.209037
									<!--BW_String-->
								</point>
								<point>
									-1.17869 1.26423 -0.132034
									<!--BW_String-->
								</point>
								<point>
									-1.17869 1.26482 -0.055032
									<!--BW_String-->
								</point>
								<point>
									-1.17869 1.26541 0.021971
									<!--BW_String-->
								</point>
								<point>
									-1.17869 1.266 0.0989736
									<!--BW_String-->
								</point>
								<point>
									-1.17869 1.26659 0.175977
									<!--BW_String-->
								</point>
								<point>
									-1.1787 1.26718 0.252979
									<!--BW_String-->
								</point>
								<point>
									-1.1787 1.26777 0.329982
									<!--BW_String-->
								</point>
								<point>
									-1.1787 1.26837 0.406985
									<!--BW_String-->
								</point>
								<point>
									-1.1787 1.26898 0.483988
									<!--BW_String-->
								</point>
								<point>
									-1.1787 1.26959 0.560991
									<!--BW_String-->
								</point>
								<point>
									-1.1787 1.2702 0.637993
									<!--BW_String-->
								</point>
								<point>
									-1.1787 1.27081 0.714996
									<!--BW_String-->
								</point>
								<point>
									-1.1787 1.27142 0.791999
									<!--BW_String-->
								</point>
								<point>
									-1.1787 1.27203 0.869002
									<!--BW_String-->
								</point>
								<point>
									-1.1787 1.27264 0.946004
									<!--BW_String-->
								</point>
								<point>
									-1.1787 1.27325 1.02301
									<!--BW_String-->
								</point>
								<point>
									-1.1787 1.27386 1.10001
									<!--BW_String-->
								</point>
								<point>
									-1.1787 1.27447 1.17701
									<!--BW_String-->
								</point>
								<point>
									-1.1787 1.27508 1.25402
									<!--BW_String-->
								</point>
								<point>
									-1.1787 1.27567 1.33102
									<!--BW_String-->
								</point>
								<point>
									-1.1787 1.27626 1.40802
									<!--BW_String-->
								</point>
								<point>
									-1.4087 1.27642 1.48502
									<!--BW_String-->
								</point>
								<point>
									-1.40871 1.27629 1.56203
									<!--BW_String-->
								</point>
								<point>
									-1.25871 1.2768 1.63903
									<!--BW_String-->
								</point>
								<point>
									-1.17871 1.27801 1.71603
									<!--BW_String-->
								</point>
								<point>
									-1.17871 1.27875 1.79304
									<!--BW_String-->
								</point>
								<point>
									-1.17871 1.27468 1.87004
									<!--BW_String-->
								</point>
								<point>
									-1.31871 1.27086 1.94704
									<!--BW_String-->
								</point>
								<point>
									-1.40871 1.27272 2.02404
									<!--BW_String-->
								</point>
								<point>
									-1.40871 1.27798 2.10104
									<!--BW_String-->
								</point>
								<point>
									-1.17871 1.28229 2.17805
									<!--BW_String-->
								</point>
								<point>
									-1.17871 1.28288 2.25505
									<!--BW_String-->
								</point>
								<point>
									-1.17871 1.28348 2.33206
									<!--BW_String-->
								</point>
								<point>
									-1.17871 1.28408 2.40906
									<!--BW_String-->
								</point>
								<point>
									-1.17871 1.28114 2.48606
									<!--BW_String-->
								</point>
								<point>
									-1.17871 1.2753 2.56306
									<!--BW_String-->
								</point>
								<point>
									-1.27871 1.26966 2.64007
									<!--BW_String-->
								</point>
								<point>
									-1.40871 1.26736 2.71707
									<!--BW_String-->
								</point>
								<point>
									-1.40871 1.26641 2.79407
									<!--BW_String-->
								</point>
								<point>
									-1.40871 1.26408 2.87107
									<!--BW_String-->
								</point>
								<point>
									-1.40872 1.25966 2.94808
									<!--BW_String-->
								</point>
								<point>
									-1.40872 1.24285 3.02508
									<!--BW_String-->
								</point>
								<point>
									-1.17872 1.20479 3.10208
									<!--BW_String-->
								</point>
								<point>
									-1.40871 1.1384 3.17908
									<!--BW_String-->
								</point>
							</range>
						</top>
						<bottom>
							<range>
								<point>
									-1.19866 0.886245 -2.75013
									<!--BW_String-->
								</point>
							</range>
						</bottom>
					</sourceCollisionHullPoints>
				</left>
				<right>
					<segmentsCount>94</segmentsCount>
					<segmentsOuterThickness>
						0.0693053
						<!--BW_String-->
					</segmentsOuterThickness>
					<segmentsInnerThickness>
						-0.0040051
						<!--BW_String-->
					</segmentsInnerThickness>
					<segmentsPlaneOffset>
						1.20273
						<!--BW_String-->
					</segmentsPlaneOffset>
					<springsLength>
						<backwardMovement>
							<back>0.152666</back>
							<top>0.135526</top>
							<front>0.139776</front>
							<bottom>0.109755</bottom>
						</backwardMovement>
						<forwardMovement>
							<back>0.140984</back>
							<top>0.146353</top>
							<front>0.151341</front>
							<bottom>0.133776</bottom>
						</forwardMovement>
					</springsLength>
					<mainSegment>
						<model>vehicles/russian/R47_ISU-152/track/segment_1.model</model>
						<length>0.154002</length>
					</mainSegment>
					<secSegment>
						<model>vehicles/russian/R47_ISU-152/track/segment_2.model</model>
						<length>0.153793</length>
					</secSegment>
					<collisionHull>
						<bottom/>
						<top>
							<part>
								<xStart>
									-3.36623
									<!--BW_String-->
								</xStart>
								<xStep>
									0.0770009
									<!--BW_String-->
								</xStep>
								<ySamples>
									0.954487 1.02806 1.10321 1.14864 1.14906 1.14949 1.1496 1.14766 1.14572 1.14379 1.14263 1.14389 1.147 1.15015 1.15331 1.15445 1.15298 1.15152 1.1501 1.14985 1.1491 1.14836 1.14762 1.14718 1.14859 1.15249 1.15647 1.16049 1.16317 1.16376 1.16435 1.16494 1.16554 1.16615 1.16676 1.16737 1.16798 1.16504 1.1605 1.15597 1.15156 1.14889 1.15071 1.1563 1.16199 1.16775 1.17351 1.17461 1.17522 1.17583 1.17644 1.17705 1.17766 1.17827 1.17888 1.17949 1.18011 1.1807 1.18129 1.18188 1.18247 1.18306 1.18365 1.18424 1.18483 1.18475 1.18412 1.18349 1.18292 1.18248 1.18219 1.18278 1.1845 1.18643 1.18858 1.19074 1.19158 1.19133 1.19103 1.19051 1.18999 1.18655 1.17541 1.1524 1.11231 1.05402
									<!--BW_String-->
								</ySamples>
							</part>
						</top>
					</collisionHull>
					<bottomWheels>
						<wheel>WD_R4</wheel>
						<wheel>W_R5</wheel>
						<wheel>W_R4</wheel>
						<wheel>W_R3</wheel>
						<wheel>W_R2</wheel>
						<wheel>W_R1</wheel>
						<wheel>W_R0</wheel>
						<wheel>WD_R0</wheel>
					</bottomWheels>
					<snapWheels>
						<topFront>
							<wheelName>WD_R0</wheelName>
							<basePos>
								2.87228 0.771656
								<!--BW_String-->
							</basePos>
							<shiftVec>0.255269 0.107697</shiftVec>
							<jointIdx>9</jointIdx>
						</topFront>
						<topBack>
							<wheelName>WD_R4</wheelName>
							<basePos>
								-2.96667 0.73123
								<!--BW_String-->
							</basePos>
							<shiftVec>-0.270516 0.214555</shiftVec>
							<jointIdx>53</jointIdx>
						</topBack>
						<bottomBack>
							<wheelName>W_R5</wheelName>
							<basePos>
								-2.14686 0.315637
								<!--BW_String-->
							</basePos>
							<shiftVec>-0.022095 -0.270193</shiftVec>
							<jointIdx>64</jointIdx>
						</bottomBack>
						<bottomFront>
							<wheelName>W_R0</wheelName>
							<basePos>
								2.16314 0.315637
								<!--BW_String-->
							</basePos>
							<shiftVec>
								0.0577157 -0.26488
								<!--BW_String-->
							</shiftVec>
							<jointIdx>0</jointIdx>
						</bottomFront>
					</snapWheels>
					<radiusOverrides>
						<wheel>
							<name>WD_R4</name>
							<radius>
								0.33974
								<!--BW_String-->
							</radius>
						</wheel>
						<wheel>
							<name>WD_R0</name>
							<radius>
								0.29
								<!--BW_String-->
							</radius>
						</wheel>
					</radiusOverrides>
					<teethSyncs>
						<syncWithMainModel>true</syncWithMainModel>
						<segmentSyncPivotOffset>0.000000</segmentSyncPivotOffset>
						<sync>
							<name>WD_R4</name>
							<startAngle>
								-515.719
								<!--BW_String-->
							</startAngle>
							<teethCount>7</teethCount>
						</sync>
						<sync>
							<name>WD_R0</name>
							<startAngle>
								-513.381
								<!--BW_String-->
							</startAngle>
							<teethCount>7</teethCount>
						</sync>
					</teethSyncs>
					<sourceCollisionHullPoints>
						<top>
							<range>
								<point>
									1.37877 1.04719 -3.36621
									<!--BW_String-->
								</point>
								<point>
									1.40876 1.12076 -3.28921
									<!--BW_String-->
								</point>
								<point>
									1.17876 1.1959 -3.21221
									<!--BW_String-->
								</point>
								<point>
									1.38876 1.24134 -3.13521
									<!--BW_String-->
								</point>
								<point>
									1.19876 1.24175 -3.05821
									<!--BW_String-->
								</point>
								<point>
									1.17876 1.24218 -2.98121
									<!--BW_String-->
								</point>
								<point>
									1.17876 1.24229 -2.9042
									<!--BW_String-->
								</point>
								<point>
									1.17876 1.24036 -2.8272
									<!--BW_String-->
								</point>
								<point>
									1.17876 1.23842 -2.7502
									<!--BW_String-->
								</point>
								<point>
									1.29876 1.23649 -2.6732
									<!--BW_String-->
								</point>
								<point>
									1.40875 1.23533 -2.5962
									<!--BW_String-->
								</point>
								<point>
									1.36875 1.23659 -2.5192
									<!--BW_String-->
								</point>
								<point>
									1.20875 1.2397 -2.4422
									<!--BW_String-->
								</point>
								<point>
									1.17875 1.24285 -2.3652
									<!--BW_String-->
								</point>
								<point>
									1.17875 1.246 -2.2882
									<!--BW_String-->
								</point>
								<point>
									1.17875 1.24714 -2.2112
									<!--BW_String-->
								</point>
								<point>
									1.17875 1.24568 -2.1342
									<!--BW_String-->
								</point>
								<point>
									1.19875 1.24422 -2.05719
									<!--BW_String-->
								</point>
								<point>
									1.35875 1.2428 -1.98019
									<!--BW_String-->
								</point>
								<point>
									1.40875 1.24255 -1.90319
									<!--BW_String-->
								</point>
								<point>
									1.40875 1.2418 -1.82619
									<!--BW_String-->
								</point>
								<point>
									1.40875 1.24106 -1.74919
									<!--BW_String-->
								</point>
								<point>
									1.40875 1.24032 -1.67219
									<!--BW_String-->
								</point>
								<point>
									1.40875 1.23988 -1.59519
									<!--BW_String-->
								</point>
								<point>
									1.37875 1.24129 -1.51819
									<!--BW_String-->
								</point>
								<point>
									1.21875 1.24519 -1.44119
									<!--BW_String-->
								</point>
								<point>
									1.17875 1.24917 -1.36419
									<!--BW_String-->
								</point>
								<point>
									1.17874 1.25318 -1.28719
									<!--BW_String-->
								</point>
								<point>
									1.17874 1.25586 -1.21019
									<!--BW_String-->
								</point>
								<point>
									1.17874 1.25645 -1.13318
									<!--BW_String-->
								</point>
								<point>
									1.17874 1.25704 -1.05618
									<!--BW_String-->
								</point>
								<point>
									1.17874 1.25764 -0.979183
									<!--BW_String-->
								</point>
								<point>
									1.17874 1.25823 -0.902182
									<!--BW_String-->
								</point>
								<point>
									1.17874 1.25884 -0.825181
									<!--BW_String-->
								</point>
								<point>
									1.17874 1.25946 -0.748181
									<!--BW_String-->
								</point>
								<point>
									1.17874 1.26007 -0.67118
									<!--BW_String-->
								</point>
								<point>
									1.17874 1.26068 -0.594179
									<!--BW_String-->
								</point>
								<point>
									1.17874 1.25774 -0.517178
									<!--BW_String-->
								</point>
								<point>
									1.17874 1.2532 -0.440177
									<!--BW_String-->
								</point>
								<point>
									1.17874 1.24866 -0.363176
									<!--BW_String-->
								</point>
								<point>
									1.31874 1.24426 -0.286174
									<!--BW_String-->
								</point>
								<point>
									1.40874 1.24159 -0.209173
									<!--BW_String-->
								</point>
								<point>
									1.37874 1.24341 -0.132172
									<!--BW_String-->
								</point>
								<point>
									1.23874 1.249 -0.0551725
									<!--BW_String-->
								</point>
								<point>
									1.17874 1.25468 0.0218282
									<!--BW_String-->
								</point>
								<point>
									1.17873 1.26044 0.0988288
									<!--BW_String-->
								</point>
								<point>
									1.17873 1.2662 0.175829
									<!--BW_String-->
								</point>
								<point>
									1.17873 1.2673 0.252831
									<!--BW_String-->
								</point>
								<point>
									1.17873 1.26792 0.329832
									<!--BW_String-->
								</point>
								<point>
									1.17873 1.26853 0.406832
									<!--BW_String-->
								</point>
								<point>
									1.17873 1.26914 0.483833
									<!--BW_String-->
								</point>
								<point>
									1.17873 1.26975 0.560834
									<!--BW_String-->
								</point>
								<point>
									1.17873 1.27036 0.637835
									<!--BW_String-->
								</point>
								<point>
									1.17873 1.27097 0.714836
									<!--BW_String-->
								</point>
								<point>
									1.17873 1.27158 0.791836
									<!--BW_String-->
								</point>
								<point>
									1.17873 1.27219 0.868837
									<!--BW_String-->
								</point>
								<point>
									1.17873 1.2728 0.945839
									<!--BW_String-->
								</point>
								<point>
									1.17873 1.27339 1.02284
									<!--BW_String-->
								</point>
								<point>
									1.17873 1.27398 1.09984
									<!--BW_String-->
								</point>
								<point>
									1.17873 1.27457 1.17684
									<!--BW_String-->
								</point>
								<point>
									1.17873 1.27516 1.25384
									<!--BW_String-->
								</point>
								<point>
									1.17872 1.27576 1.33084
									<!--BW_String-->
								</point>
								<point>
									1.17872 1.27635 1.40784
									<!--BW_String-->
								</point>
								<point>
									1.17872 1.27694 1.48484
									<!--BW_String-->
								</point>
								<point>
									1.17872 1.27753 1.56185
									<!--BW_String-->
								</point>
								<point>
									1.17872 1.27744 1.63885
									<!--BW_String-->
								</point>
								<point>
									1.17872 1.27682 1.71585
									<!--BW_String-->
								</point>
								<point>
									1.17872 1.27619 1.79285
									<!--BW_String-->
								</point>
								<point>
									1.20872 1.27562 1.86985
									<!--BW_String-->
								</point>
								<point>
									1.31872 1.27518 1.94685
									<!--BW_String-->
								</point>
								<point>
									1.40872 1.27489 2.02385
									<!--BW_String-->
								</point>
								<point>
									1.40872 1.27548 2.10085
									<!--BW_String-->
								</point>
								<point>
									1.28872 1.27719 2.17785
									<!--BW_String-->
								</point>
								<point>
									1.17872 1.27912 2.25485
									<!--BW_String-->
								</point>
								<point>
									1.17872 1.28128 2.33185
									<!--BW_String-->
								</point>
								<point>
									1.17872 1.28344 2.40885
									<!--BW_String-->
								</point>
								<point>
									1.17872 1.28428 2.48586
									<!--BW_String-->
								</point>
								<point>
									1.17871 1.28403 2.56286
									<!--BW_String-->
								</point>
								<point>
									1.17871 1.28373 2.63986
									<!--BW_String-->
								</point>
								<point>
									1.17871 1.28321 2.71686
									<!--BW_String-->
								</point>
								<point>
									1.17871 1.28268 2.79386
									<!--BW_String-->
								</point>
								<point>
									1.20871 1.27924 2.87086
									<!--BW_String-->
								</point>
								<point>
									1.17871 1.2681 2.94786
									<!--BW_String-->
								</point>
								<point>
									1.17871 1.24509 3.02486
									<!--BW_String-->
								</point>
								<point>
									1.17871 1.205 3.10186
									<!--BW_String-->
								</point>
								<point>
									1.23871 1.14672 3.17886
									<!--BW_String-->
								</point>
							</range>
						</top>
						<bottom>
							<range>
								<point>
									1.19876 0.886289 -2.7502
									<!--BW_String-->
								</point>
							</range>
						</bottom>
					</sourceCollisionHullPoints>
				</right>
			</physicalTracks>
			<customization>
				<customizableVehicleAreas>
					<paint>CHASSIS</paint>
					<camouflage/>
				</customizableVehicleAreas>
			</customization>
		</ISU-152_mod_1945_IGR>
	</chassis>
	<turrets0>
		<ISU-152_01_IGR>
			<userString>#igr_vehicles:Turret_1_ISU-152_IGR</userString>
			<tags>cannotDetach</tags>
			<level>8</level>
			<price>1200</price>
			<notInShop>true</notInShop>
			<armor>
				<armor_1>0</armor_1>
			</armor>
			<weight>100</weight>
			<maxHealth>202</maxHealth>
			<rotationSpeed>26</rotationSpeed>
			<turretRotatorHealth>
				<maxHealth>100</maxHealth>
				<maxRegenHealth>50</maxRegenHealth>
				<repairCost>
					1.0
					<!--BW_String-->
				</repairCost>
			</turretRotatorHealth>
			<circularVisionRadius>350</circularVisionRadius>
			<surveyingDeviceHealth>
				<maxHealth>100</maxHealth>
				<maxRegenHealth>50</maxRegenHealth>
				<repairCost>
					1.0
					<!--BW_String-->
				</repairCost>
			</surveyingDeviceHealth>
			<guns>
				<_152mm_BL-10_IGR>
					shared
					<maxAmmo>20</maxAmmo>
					<reloadTime>
						17.6
						<!--BW_String-->
					</reloadTime>
					<armor>
						<armor_1>
							100
							<vehicleDamageFactor>
								0.0
								<!--BW_String-->
							</vehicleDamageFactor>
						</armor_1>
						<armor_2>
							60
							<vehicleDamageFactor>
								0.0
								<!--BW_String-->
							</vehicleDamageFactor>
						</armor_2>
						<armor_3>
							30
							<vehicleDamageFactor>
								0.0
								<!--BW_String-->
							</vehicleDamageFactor>
						</armor_3>
						<gun>70</gun>
					</armor>
					<shotDispersionRadius>
						0.41
						<!--BW_String-->
					</shotDispersionRadius>
					<aimingTime>
						3.4
						<!--BW_String-->
					</aimingTime>
					<invisibilityFactorAtShot>
						0.135
						<!--BW_String-->
					</invisibilityFactorAtShot>
					<turretYawLimits>-8 8</turretYawLimits>
					<pitchLimits>
						<minPitch>0 -18 1 -18</minPitch>
						<maxPitch>0 6 1 6</maxPitch>
					</pitchLimits>
					<models>
						<undamaged>vehicles/russian/R47_ISU-152/normal/lod0/Gun_01.model</undamaged>
						<destroyed>vehicles/russian/R47_ISU-152/crash/lod0/Gun_01.model</destroyed>
						<exploded>vehicles/russian/R47_ISU-152/crash/lod0/Gun_01.model</exploded>
					</models>
					<hitTester>
						<collisionModelServer>vehicles/russian/R47_ISU-152/collision/Gun_01.model</collisionModelServer>
						<collisionModelClient>vehicles/russian/R47_ISU-152/collision_client/Gun_01.model</collisionModelClient>
					</hitTester>
					<animateEmblemSlots>true</animateEmblemSlots>
					<effects>shot_152mm</effects>
					<customization>
						<customizableVehicleAreas>
							<paint>GUN GUN_2</paint>
							<camouflage>GUN</camouflage>
						</customizableVehicleAreas>
					</customization>
					<customizationSlots>
						<slot>
							<slotType>insigniaOnGun</slotType>
							<slotId>49000</slotId>
							<rayStart>
								0.0264194 -0.00925501 1.75217
								<!--BW_String-->
							</rayStart>
							<rayEnd>
								-0.00162107 -0.0289426 1.75042
								<!--BW_String-->
							</rayEnd>
							<rayUp>
								0.121 0.114 5
								<!--BW_String-->
							</rayUp>
							<size>
								0.645
								<!--BW_String-->
							</size>
							<hideIfDamaged>false</hideIfDamaged>
							<isUVProportional>true</isUVProportional>
						</slot>
					</customizationSlots>
					<camouflage>
						<tiling>
							0.5 0.5 0.000000 0.000000
							<!--BW_String-->
						</tiling>
						<density>
							102.334 102.46
							<!--BW_String-->
						</density>
						<aoTextureSize>512 512</aoTextureSize>
					</camouflage>
				</_152mm_BL-10_IGR>
			</guns>
			<models>
				<undamaged>vehicles/russian/R47_ISU-152/normal/lod0/Turret_01.model</undamaged>
				<destroyed>vehicles/russian/R47_ISU-152/crash/lod0/Turret_01.model</destroyed>
				<exploded>vehicles/russian/R47_ISU-152/crash/lod0/Turret_01.model</exploded>
			</models>
			<hitTester>
				<collisionModelServer>vehicles/russian/R47_ISU-152/collision/Turret_01.model</collisionModelServer>
				<collisionModelClient>vehicles/russian/R47_ISU-152/collision_client/Turret_01.model</collisionModelClient>
			</hitTester>
			<gunPosition>
				-0.003733 -0.002294 -0.0125
				<!--BW_String-->
			</gunPosition>
			<showEmblemsOnGun>false</showEmblemsOnGun>
			<physicsShape>
				1.000 0.000 1.000 0.000 1.000 0.000 0.500 0.100 0.500 0.500 0.500 0.500 0.600 0.100 0.500
				<!--BW_String-->
			</physicsShape>
			<wwturretRotatorSoundManual>tur_man_trav_06</wwturretRotatorSoundManual>
			<customization>
				<customizableVehicleAreas>
					<paint/>
					<camouflage/>
				</customizableVehicleAreas>
			</customization>
		</ISU-152_01_IGR>
	</turrets0>
	<engines>
		<V-2-54IS_IGR>shared</V-2-54IS_IGR>
	</engines>
	<fuelTanks>
		<Heavy>shared</Heavy>
	</fuelTanks>
	<radios>
		<_12RT_IGR>shared</_12RT_IGR>
	</radios>
	<physics>
		<detailed>
			<engines>
				<V-2-54IS_IGR>
					<smplEnginePower>
						740.0968
						<!--BW_String-->
					</smplEnginePower>
					<smplFwMaxSpeed>43</smplFwMaxSpeed>
				</V-2-54IS_IGR>
			</engines>
			<chassis>
				<ISU-152_mod_1945_IGR>
					<grounds>
						<soft>
							<rollingFriction>
								0.18515
								<!--BW_String-->
							</rollingFriction>
						</soft>
						<medium>
							<rollingFriction>
								0.1127
								<!--BW_String-->
							</rollingFriction>
						</medium>
						<firm>
							<rollingFriction>
								0.08855
								<!--BW_String-->
							</rollingFriction>
						</firm>
					</grounds>
				</ISU-152_mod_1945_IGR>
			</chassis>
		</detailed>
	</physics>
	<clientAdjustmentFactors>
		<armour>
			0.949442544
			<!--BW_String-->
		</armour>
	</clientAdjustmentFactors>
	<effects>
		<collision>sandCollisionLight</collision>
		<damagedStateGroup>large</damagedStateGroup>
	</effects>
	<emblems>
		<default>15501</default>
		<lodDist>MEDIUM</lodDist>
		<alpha>
			0.88
			<!--BW_String-->
		</alpha>
	</emblems>
</root>
