<guns.xml>
  <ids>
    <_75mm_kan_strv_74>	0	</_75mm_kan_strv_74>
    <_20mm_akan_m_Madsen_A>	1	</_20mm_akan_m_Madsen_A>
    <_20mm_akan_m_Madsen>	2	</_20mm_akan_m_Madsen>
    <_20mm_akan_m_40>	3	</_20mm_akan_m_40>
    <_37mm_kanon_m_Skoda>	4	</_37mm_kanon_m_Skoda>
    <_37mm_kan_m_38_strv>	5	</_37mm_kan_m_38_strv>
    <_37mm_kan_m_38_49_strv>	7	</_37mm_kan_m_38_49_strv>
    <_47mm_kan_m_38_strv>	8	</_47mm_kan_m_38_strv>
    <_57mm_pvkan_m_43>	9	</_57mm_pvkan_m_43>
    <_75mm_kan_m_41_strv>	10	</_75mm_kan_m_41_strv>
    <_75mm_kan_m_43_strv>	11	</_75mm_kan_m_43_strv>
    <_75mm_lvkan_m_36>	12	</_75mm_lvkan_m_36>
    <_75mm_kan_strv_74_R>	13	</_75mm_kan_strv_74_R>
    <_105mm_kan_m_34>	15	</_105mm_kan_m_34>
    <_105mm_lvkan_m_42>	16	</_105mm_lvkan_m_42>
    <_105mm_TK_105_9>	17	</_105mm_TK_105_9>
    <_120mm_akan_L_40>	18	</_120mm_akan_L_40>
    <_20mm_pvlvkan_m_40>	20	</_20mm_pvlvkan_m_40>
    <_37mm_pvkan_m_38>	21	</_37mm_pvkan_m_38>
    <_75mm_kan_m_41_ikv>	22	</_75mm_kan_m_41_ikv>
    <_75mm_kan_m_41_ikv_L_50>	23	</_75mm_kan_m_41_ikv_L_50>
    <_75mm_kan_m_02>	25	</_75mm_kan_m_02>
    <_105mm_kan_m_44_sav>	26	</_105mm_kan_m_44_sav>
    <_105mm_kan_ikv_102>	27	</_105mm_kan_ikv_102>
    <_105mm_kan_ikv_103>	28	</_105mm_kan_ikv_103>
    <_90mm_Bofors_L_43>	29	</_90mm_Bofors_L_43>
    <_90mm_Bofors_L_53>	30	</_90mm_Bofors_L_53>
    <_75mm_kan_m_41_ikv_L_50_neglkrut>	36	</_75mm_kan_m_41_ikv_L_50_neglkrut>
    <_105mm_kan_strv_103_L_62_1>	6	</_105mm_kan_strv_103_L_62_1>
    <_90mm_kan_m_F>	31	</_90mm_kan_m_F>
    <_105mm_kan_UDES_03>	33	</_105mm_kan_UDES_03>
    <_105mm_kan_strv_103_L_51>	34	</_105mm_kan_strv_103_L_51>
    <_105mm_kan_strv_103_L_62>	35	</_105mm_kan_strv_103_L_62>
    <_105mm_kan_strv_103_L_51_1>	37	</_105mm_kan_strv_103_L_51_1>
    <_84mm_kan_strv_81_1>	38	</_84mm_kan_strv_81_1>
    <_105mm_lvkan_L_67>	39	</_105mm_lvkan_L_67>
	<_105mm_lvkan_L_53>	40	</_105mm_lvkan_L_53>
	<_90mm_Bofors_strvkan_L_43>	41	</_90mm_Bofors_strvkan_L_43>
    <_90mm_Bofors_strvkan_L_53>	42	</_90mm_Bofors_strvkan_L_53>
    <_105mm_strvkan_L_45>	43	</_105mm_strvkan_L_45>
    <_105mm_strvkan_L_51>	44	</_105mm_strvkan_L_51>
    <_120mm_strvkan_L_40>	46	</_120mm_strvkan_L_40>
	<_105mm_strvkan_L_45_Alt_3>	47	</_105mm_strvkan_L_45_Alt_3>
	<_105mm_kan_strv_K_L_52>	48	</_105mm_kan_strv_K_L_52>
  </ids>
  <shared>
    <_20mm_akan_m_Madsen>
      <userString>#sweden_vehicles:_20mm_akan_m_Madsen</userString>
      <tags>
      </tags>
      <level>	2	</level>
      <price>	1940	</price>
      <impulse>0.08</impulse>
      <recoil>
        <lodDist>MEDIUM</lodDist>
        <amplitude>0.04</amplitude>
        <recoilEffect>	auto	</recoilEffect>
      </recoil>
      <effects>shot_20mm_tnsh</effects>
      <reloadEffect>reload12_25</reloadEffect>
      <pitchLimits>
        <minPitch>0.0 -30.0 1.0 -30.0</minPitch>
        <maxPitch>0.0 10.0 1.0 10.0</maxPitch>
      </pitchLimits>
      <turretYawLimits>-180 180</turretYawLimits>
      <rotationSpeed>	40	</rotationSpeed>
      <reloadTime>	8	</reloadTime>
      <maxAmmo>	320	</maxAmmo>
      <aimingTime>1.7</aimingTime>
      <clip>
        <count>	20	</count>
        <rate>	350	</rate>
      </clip>
      <burst>
        <count>	2	</count>
        <rate>	350	</rate>
      </burst>
      <weight>	53	</weight>
      <maxHealth>	50	</maxHealth>
      <maxRegenHealth>	25	</maxRegenHealth>
      <repairCost>	2	</repairCost>
      <invisibilityFactorAtShot>0.238</invisibilityFactorAtShot>
      <shotDispersionRadius>0.5</shotDispersionRadius>
      <shotDispersionFactors>
        <turretRotation>0.08</turretRotation>
        <afterShot>1.0</afterShot>
        <whileGunDamaged>2.0</whileGunDamaged>
      </shotDispersionFactors>
      <shots>
        <_20mm_slpprj_m_Madsen>
          <defaultPortion>1.0</defaultPortion>
          <speed>	805	</speed>
          <gravity>9.81</gravity>
          <maxDistance>	400	</maxDistance>
          <piercingPower>27 17</piercingPower>
        </_20mm_slpprj_m_Madsen>
        <_20mm_slpprj_m_40_M>
          <defaultPortion>0.0</defaultPortion>
          <speed>	775	</speed>
          <gravity>9.81</gravity>
          <maxDistance>	400	</maxDistance>
          <piercingPower>38 24</piercingPower>
        </_20mm_slpprj_m_40_M>
        <_20mm_slsgr_m_Madsen>
          <defaultPortion>0.0</defaultPortion>
          <speed>	890	</speed>
          <gravity>9.81</gravity>
          <maxDistance>	400	</maxDistance>
          <piercingPower>10 10</piercingPower>
        </_20mm_slsgr_m_Madsen>
      </shots>
    </_20mm_akan_m_Madsen>
    <_20mm_akan_m_Madsen_A>
      <userString>#sweden_vehicles:_20mm_akan_m_Madsen_A</userString>
      <tags>
      </tags>
      <level>	2	</level>
      <price>	2400	</price>
      <notInShop>	true	</notInShop>
      <impulse>0.08</impulse>
      <recoil>
        <lodDist>MEDIUM</lodDist>
        <amplitude>0.04</amplitude>
        <recoilEffect>	auto	</recoilEffect>
      </recoil>
      <effects>shot_20mm_tnsh</effects>
      <reloadEffect>reload12_25</reloadEffect>
      <pitchLimits>
        <minPitch>0.0 -30.0 1.0 -30.0</minPitch>
        <maxPitch>0.0 10.0 1.0 10.0</maxPitch>
      </pitchLimits>
      <turretYawLimits>-180 180</turretYawLimits>
      <rotationSpeed>	40	</rotationSpeed>
      <reloadTime>	8	</reloadTime>
      <maxAmmo>	320	</maxAmmo>
      <aimingTime>1.7</aimingTime>
      <clip>
        <count>	20	</count>
        <rate>	350	</rate>
      </clip>
      <burst>
        <count>	2	</count>
        <rate>	350	</rate>
      </burst>
      <weight>	53	</weight>
      <maxHealth>	50	</maxHealth>
      <maxRegenHealth>	25	</maxRegenHealth>
      <repairCost>	2	</repairCost>
      <invisibilityFactorAtShot>0.238</invisibilityFactorAtShot>
      <shotDispersionRadius>0.5</shotDispersionRadius>
      <shotDispersionFactors>
        <turretRotation>0.08</turretRotation>
        <afterShot>1.0</afterShot>
        <whileGunDamaged>2.0</whileGunDamaged>
      </shotDispersionFactors>
      <shots>
        <_20mm_slpprj_m_Madsen>
          <defaultPortion>1.0</defaultPortion>
          <speed>	805	</speed>
          <gravity>9.81</gravity>
          <maxDistance>	400	</maxDistance>
          <piercingPower>27 17</piercingPower>
        </_20mm_slpprj_m_Madsen>
        <_20mm_slpprj_m_40_M>
          <defaultPortion>0.0</defaultPortion>
          <speed>	775	</speed>
          <gravity>9.81</gravity>
          <maxDistance>	400	</maxDistance>
          <piercingPower>38 24</piercingPower>
        </_20mm_slpprj_m_40_M>
        <_20mm_slsgr_m_Madsen>
          <defaultPortion>0.0</defaultPortion>
          <speed>	890	</speed>
          <gravity>9.81</gravity>
          <maxDistance>	400	</maxDistance>
          <piercingPower>10 10</piercingPower>
        </_20mm_slsgr_m_Madsen>
      </shots>
    </_20mm_akan_m_Madsen_A>
    <_20mm_akan_m_40>
      <userString>#sweden_vehicles:_20mm_akan_m_40</userString>
      <tags>
      </tags>
      <level>	2	</level>
      <price>	3050	</price>
      <impulse>0.08</impulse>
      <recoil>
        <lodDist>MEDIUM</lodDist>
        <amplitude>0.04</amplitude>
        <recoilEffect>	auto	</recoilEffect>
      </recoil>
      <effects>shot_20mm_tnsh</effects>
      <reloadEffect>reload12_25</reloadEffect>
      <pitchLimits>
        <minPitch>0.0 -30.0 1.0 -30.0</minPitch>
        <maxPitch>0.0 10.0 1.0 10.0</maxPitch>
      </pitchLimits>
      <turretYawLimits>-180 180</turretYawLimits>
      <rotationSpeed>	40	</rotationSpeed>
      <reloadTime>	8	</reloadTime>
      <maxAmmo>	320	</maxAmmo>
      <aimingTime>1.7</aimingTime>
      <clip>
        <count>	20	</count>
        <rate>	360	</rate>
      </clip>
      <burst>
        <count>	2	</count>
        <rate>	360	</rate>
      </burst>
      <weight>	44	</weight>
      <maxHealth>	50	</maxHealth>
      <maxRegenHealth>	25	</maxRegenHealth>
      <repairCost>	2	</repairCost>
      <invisibilityFactorAtShot>0.238</invisibilityFactorAtShot>
      <shotDispersionRadius>0.5</shotDispersionRadius>
      <shotDispersionFactors>
        <turretRotation>0.08</turretRotation>
        <afterShot>1.0</afterShot>
        <whileGunDamaged>2.0</whileGunDamaged>
      </shotDispersionFactors>
      <shots>
        <_20mm_slpprj_m_40>
          <defaultPortion>1.0</defaultPortion>
          <speed>	815	</speed>
          <gravity>9.81</gravity>
          <maxDistance>	400	</maxDistance>
          <piercingPower>31 23</piercingPower>
        </_20mm_slpprj_m_40>
        <_20mm_slpprj_m_49>
          <defaultPortion>0.0</defaultPortion>
          <speed>	1200	</speed>
          <gravity>9.81</gravity>
          <maxDistance>	400	</maxDistance>
          <piercingPower>59 44</piercingPower>
        </_20mm_slpprj_m_49>
        <_20mm_slsgr_m_42>
          <defaultPortion>0.0</defaultPortion>
          <speed>	845	</speed>
          <gravity>9.81</gravity>
          <maxDistance>	400	</maxDistance>
          <piercingPower>10 10</piercingPower>
        </_20mm_slsgr_m_42>
      </shots>
    </_20mm_akan_m_40>
    <_20mm_pvlvkan_m_40>
      <userString>#sweden_vehicles:_20mm_pvlvkan_m_40</userString>
      <tags>
      </tags>
      <level>	2	</level>
      <price>	1900	</price>
      <impulse>0.08</impulse>
      <recoil>
        <lodDist>MEDIUM</lodDist>
        <amplitude>0.04</amplitude>
        <recoilEffect>	auto	</recoilEffect>
      </recoil>
      <effects>shot_20mm_tnsh</effects>
      <reloadEffect>reload12_25</reloadEffect>
      <pitchLimits>
        <minPitch>0.0 -30.0 1.0 -30.0</minPitch>
        <maxPitch>0.0 10.0 1.0 10.0</maxPitch>
      </pitchLimits>
      <turretYawLimits>-180 180</turretYawLimits>
      <rotationSpeed>	40	</rotationSpeed>
      <reloadTime>	8	</reloadTime>
      <maxAmmo>	320	</maxAmmo>
      <aimingTime>1.7</aimingTime>
      <clip>
        <count>	20	</count>
        <rate>	360	</rate>
      </clip>
      <burst>
        <count>	2	</count>
        <rate>	360	</rate>
      </burst>
      <weight>	44	</weight>
      <maxHealth>	50	</maxHealth>
      <maxRegenHealth>	25	</maxRegenHealth>
      <repairCost>	2	</repairCost>
      <invisibilityFactorAtShot>0.238</invisibilityFactorAtShot>
      <shotDispersionRadius>0.5</shotDispersionRadius>
      <shotDispersionFactors>
        <turretRotation>0.08</turretRotation>
        <afterShot>1.0</afterShot>
        <whileGunDamaged>2.0</whileGunDamaged>
      </shotDispersionFactors>
      <shots>
        <_20mm_slpprj_m_40>
          <defaultPortion>1.0</defaultPortion>
          <speed>	815	</speed>
          <gravity>9.81</gravity>
          <maxDistance>	400	</maxDistance>
          <piercingPower>31 23</piercingPower>
        </_20mm_slpprj_m_40>
        <_20mm_slpprj_m_49>
          <defaultPortion>0.0</defaultPortion>
          <speed>	1200	</speed>
          <gravity>9.81</gravity>
          <maxDistance>	400	</maxDistance>
          <piercingPower>59 44</piercingPower>
        </_20mm_slpprj_m_49>
        <_20mm_slsgr_m_42>
          <defaultPortion>0.0</defaultPortion>
          <speed>	845	</speed>
          <gravity>9.81</gravity>
          <maxDistance>	400	</maxDistance>
          <piercingPower>10 10</piercingPower>
        </_20mm_slsgr_m_42>
      </shots>
    </_20mm_pvlvkan_m_40>
    <_37mm_kanon_m_Skoda>
      <userString>#sweden_vehicles:_37mm_kanon_m_Skoda</userString>
      <tags>
      </tags>
      <level>	1	</level>
      <price>	0	</price>
      <impulse>0.26</impulse>
      <recoil>
        <lodDist>MEDIUM</lodDist>
        <amplitude>0.1</amplitude>
        <recoilEffect>small</recoilEffect>
      </recoil>
      <effects>shot_37mm</effects>
      <reloadEffect>reload20_45</reloadEffect>
      <pitchLimits>
        <minPitch>0.0 -20.0 1.0 -20.0</minPitch>
        <maxPitch>0.0 20.0 1.0 20.0</maxPitch>
      </pitchLimits>
      <turretYawLimits>-180 180</turretYawLimits>
      <rotationSpeed>	40	</rotationSpeed>
      <reloadTime>2.5</reloadTime>
      <maxAmmo>	100	</maxAmmo>
      <aimingTime>1.9</aimingTime>
      <weight>	38	</weight>
      <maxHealth>	54	</maxHealth>
      <maxRegenHealth>	27	</maxRegenHealth>
      <repairCost>	2	</repairCost>
      <invisibilityFactorAtShot>0.1</invisibilityFactorAtShot>
      <shotDispersionRadius>0.48</shotDispersionRadius>
      <shotDispersionFactors>
        <turretRotation>0.16</turretRotation>
        <afterShot>4.0</afterShot>
        <whileGunDamaged>2.0</whileGunDamaged>
      </shotDispersionFactors>
      <shots>
        <_37mm_pgr_m_Skoda>
          <defaultPortion>1.0</defaultPortion>
          <speed>	500	</speed>
          <gravity>9.81</gravity>
          <maxDistance>	720	</maxDistance>
          <piercingPower>33 22</piercingPower>
        </_37mm_pgr_m_Skoda>
        <_37mm_slpgr_m_Skoda>
          <defaultPortion>0.0</defaultPortion>
          <speed>	460	</speed>
          <gravity>9.81</gravity>
          <maxDistance>	720	</maxDistance>
          <piercingPower>44 33</piercingPower>
        </_37mm_slpgr_m_Skoda>
        <_37mm_sgr_m_Skoda>
          <defaultPortion>0.0</defaultPortion>
          <speed>	460	</speed>
          <gravity>9.81</gravity>
          <maxDistance>	720	</maxDistance>
          <piercingPower>18 18</piercingPower>
        </_37mm_sgr_m_Skoda>
      </shots>
    </_37mm_kanon_m_Skoda>
    <_37mm_kan_m_38_strv>
      <userString>#sweden_vehicles:_37mm_kan_m_38_strv</userString>
      <tags>
      </tags>
      <level>	3	</level>
      <price>	8200	</price>
      <impulse>0.26</impulse>
      <recoil>
        <lodDist>MEDIUM</lodDist>
        <amplitude>0.15</amplitude>
        <recoilEffect>small</recoilEffect>
      </recoil>
      <effects>shot_37mm</effects>
      <reloadEffect>reload20_45</reloadEffect>
      <pitchLimits>
        <minPitch>0.0 -25.0 1.0 -25.0</minPitch>
        <maxPitch>0.0 10.0 1.0 10.0</maxPitch>
      </pitchLimits>
      <turretYawLimits>-180 180</turretYawLimits>
      <rotationSpeed>	40	</rotationSpeed>
      <reloadTime>	2	</reloadTime>
      <maxAmmo>	50	</maxAmmo>
      <aimingTime>	2	</aimingTime>
      <weight>	82	</weight>
      <maxHealth>	66	</maxHealth>
      <maxRegenHealth>	33	</maxRegenHealth>
      <repairCost>	2	</repairCost>
      <invisibilityFactorAtShot>0.1</invisibilityFactorAtShot>
      <shotDispersionRadius>0.4</shotDispersionRadius>
      <shotDispersionFactors>
        <turretRotation>0.12</turretRotation>
        <afterShot>4.0</afterShot>
        <whileGunDamaged>2.0</whileGunDamaged>
      </shotDispersionFactors>
      <shots>
        <_37mm_slpprj_m_38>
          <defaultPortion>1.0</defaultPortion>
          <speed>	785	</speed>
          <gravity>9.81</gravity>
          <maxDistance>	720	</maxDistance>
          <piercingPower>55 43</piercingPower>
        </_37mm_slpprj_m_38>
        <_37mm_uprj_fm_47>
          <defaultPortion>0.0</defaultPortion>
          <speed>	1150	</speed>
          <gravity>9.81</gravity>
          <maxDistance>	720	</maxDistance>
          <piercingPower>78 70</piercingPower>
        </_37mm_uprj_fm_47>
        <_37mm_sgr_m_34>
          <defaultPortion>0.0</defaultPortion>
          <speed>	800	</speed>
          <gravity>9.81</gravity>
          <maxDistance>	720	</maxDistance>
          <piercingPower>19 19</piercingPower>
        </_37mm_sgr_m_34>
      </shots>
    </_37mm_kan_m_38_strv>
    <_37mm_pvkan_m_38>
      <userString>#sweden_vehicles:_37mm_pvkan_m_38</userString>
      <tags>
      </tags>
      <level>	3	</level>
      <price>	8100	</price>
      <impulse>0.26</impulse>
      <recoil>
        <lodDist>MEDIUM</lodDist>
        <amplitude>0.15</amplitude>
        <recoilEffect>small</recoilEffect>
      </recoil>
      <effects>shot_37mm</effects>
      <reloadEffect>reload20_45</reloadEffect>
      <pitchLimits>
        <minPitch>0.0 -25.0 1.0 -25.0</minPitch>
        <maxPitch>0.0 10.0 1.0 10.0</maxPitch>
      </pitchLimits>
      <turretYawLimits>-180 180</turretYawLimits>
      <rotationSpeed>	40	</rotationSpeed>
      <reloadTime>	2	</reloadTime>
      <maxAmmo>	50	</maxAmmo>
      <aimingTime>	2	</aimingTime>
      <weight>	82	</weight>
      <maxHealth>	66	</maxHealth>
      <maxRegenHealth>	33	</maxRegenHealth>
      <repairCost>	2	</repairCost>
      <invisibilityFactorAtShot>0.1</invisibilityFactorAtShot>
      <shotDispersionRadius>0.4</shotDispersionRadius>
      <shotDispersionFactors>
        <turretRotation>0.12</turretRotation>
        <afterShot>4.0</afterShot>
        <whileGunDamaged>2.0</whileGunDamaged>
      </shotDispersionFactors>
      <shots>
        <_37mm_slpprj_m_38>
          <defaultPortion>1.0</defaultPortion>
          <speed>	785	</speed>
          <gravity>9.81</gravity>
          <maxDistance>	720	</maxDistance>
          <piercingPower>55 43</piercingPower>
        </_37mm_slpprj_m_38>
        <_37mm_uprj_fm_47>
          <defaultPortion>0.0</defaultPortion>
          <speed>	1150	</speed>
          <gravity>9.81</gravity>
          <maxDistance>	720	</maxDistance>
          <piercingPower>78 70</piercingPower>
        </_37mm_uprj_fm_47>
        <_37mm_sgr_m_34>
          <defaultPortion>0.0</defaultPortion>
          <speed>	800	</speed>
          <gravity>9.81</gravity>
          <maxDistance>	720	</maxDistance>
          <piercingPower>19 19</piercingPower>
        </_37mm_sgr_m_34>
      </shots>
    </_37mm_pvkan_m_38>
    <_37mm_kan_m_38_49_strv>
      <userString>#sweden_vehicles:_37mm_kan_m_38_49_strv</userString>
      <tags>
      </tags>
      <level>	4	</level>
      <price>	16700	</price>
      <impulse>0.26</impulse>
      <recoil>
        <lodDist>MEDIUM</lodDist>
        <amplitude>0.15</amplitude>
        <recoilEffect>small</recoilEffect>
      </recoil>
      <effects>shot_37mm</effects>
      <reloadEffect>reload20_45</reloadEffect>
      <pitchLimits>
        <minPitch>0.0 -25.0 1.0 -25.0</minPitch>
        <maxPitch>0.0 10.0 1.0 10.0</maxPitch>
      </pitchLimits>
      <turretYawLimits>-180 180</turretYawLimits>
      <rotationSpeed>	40	</rotationSpeed>
      <reloadTime>	2	</reloadTime>
      <maxAmmo>	50	</maxAmmo>
      <aimingTime>	2	</aimingTime>
      <weight>	82	</weight>
      <maxHealth>	76	</maxHealth>
      <maxRegenHealth>	38	</maxRegenHealth>
      <repairCost>	1	</repairCost>
      <invisibilityFactorAtShot>0.1</invisibilityFactorAtShot>
      <shotDispersionRadius>0.4</shotDispersionRadius>
      <shotDispersionFactors>
        <turretRotation>0.12</turretRotation>
        <afterShot>4.0</afterShot>
        <whileGunDamaged>2.0</whileGunDamaged>
      </shotDispersionFactors>
      <shots>
        <_37mm_slpprj_fm_47>
          <defaultPortion>1.0</defaultPortion>
          <speed>	1150	</speed>
          <gravity>9.81</gravity>
          <maxDistance>	720	</maxDistance>
          <piercingPower>78 70</piercingPower>
        </_37mm_slpprj_fm_47>
        <_37mm_slpprj_m_49>
          <defaultPortion>0.0</defaultPortion>
          <speed>	1150	</speed>
          <gravity>9.81</gravity>
          <maxDistance>	720	</maxDistance>
          <piercingPower>98 90</piercingPower>
        </_37mm_slpprj_m_49>
        <_37mm_sgr_m_34>
          <defaultPortion>0.0</defaultPortion>
          <speed>	800	</speed>
          <gravity>9.81</gravity>
          <maxDistance>	720	</maxDistance>
          <piercingPower>19 19</piercingPower>
        </_37mm_sgr_m_34>
      </shots>
    </_37mm_kan_m_38_49_strv>
    <_47mm_kan_m_38_strv>
      <userString>#sweden_vehicles:_47mm_kan_m_38_strv</userString>
      <tags>
      </tags>
      <level>	4	</level>
      <price>	16000	</price>
      <impulse>0.24</impulse>
      <recoil>
        <lodDist>MEDIUM</lodDist>
        <amplitude>0.32</amplitude>
        <recoilEffect>small</recoilEffect>
      </recoil>
      <effects>shot_57mm_alt</effects>
      <reloadEffect>reload20_45</reloadEffect>
      <pitchLimits>
        <minPitch>0.0 -25.0 1.0 -25.0</minPitch>
        <maxPitch>0.0 10.0 1.0 10.0</maxPitch>
      </pitchLimits>
      <turretYawLimits>-180 180</turretYawLimits>
      <rotationSpeed>	40	</rotationSpeed>
      <reloadTime>4.04</reloadTime>
      <maxAmmo>	100	</maxAmmo>
      <aimingTime>4.04</aimingTime>
      <weight>	200	</weight>
      <maxHealth>	76	</maxHealth>
      <maxRegenHealth>	38	</maxRegenHealth>
      <repairCost>	1	</repairCost>
      <invisibilityFactorAtShot>0.1</invisibilityFactorAtShot>
      <shotDispersionRadius>0.4</shotDispersionRadius>
      <shotDispersionFactors>
        <turretRotation>0.16</turretRotation>
        <afterShot>4.0</afterShot>
        <whileGunDamaged>2.0</whileGunDamaged>
      </shotDispersionFactors>
      <shots>
        <_47mm_slpprj_m_38>
          <defaultPortion>1.0</defaultPortion>
          <speed>	782	</speed>
          <gravity>9.81</gravity>
          <maxDistance>	720	</maxDistance>
          <piercingPower>62 55</piercingPower>
        </_47mm_slpprj_m_38>
        <_47mm_slpprj_m_39>
          <defaultPortion>0.0</defaultPortion>
          <speed>	782	</speed>
          <gravity>9.81</gravity>
          <maxDistance>	720	</maxDistance>
          <piercingPower>78 69</piercingPower>
        </_47mm_slpprj_m_39>
        <_47mm_sgr_m_38>
          <defaultPortion>0.0</defaultPortion>
          <speed>	660	</speed>
          <gravity>9.81</gravity>
          <maxDistance>	720	</maxDistance>
          <piercingPower>24 24</piercingPower>
        </_47mm_sgr_m_38>
      </shots>
    </_47mm_kan_m_38_strv>
    <_57mm_pvkan_m_43>
      <userString>#sweden_vehicles:_57mm_pvkan_m_43</userString>
      <tags>
      </tags>
      <level>	4	</level>
      <price>	28100	</price>
      <impulse>0.26</impulse>
      <recoil>
        <lodDist>MEDIUM</lodDist>
        <amplitude>0.18</amplitude>
        <recoilEffect>medium</recoilEffect>
      </recoil>
      <effects>shot_57mm_alt</effects>
      <reloadEffect>reload50_75</reloadEffect>
      <pitchLimits>
        <minPitch>0.0 -25.0 1.0 -25.0</minPitch>
        <maxPitch>0.0 15.0 1.0 15.0</maxPitch>
      </pitchLimits>
      <turretYawLimits>-180 180</turretYawLimits>
      <rotationSpeed>	40	</rotationSpeed>
      <reloadTime>	2	</reloadTime>
      <maxAmmo>	100	</maxAmmo>
      <aimingTime>	2	</aimingTime>
      <weight>	316	</weight>
      <maxHealth>	94	</maxHealth>
      <maxRegenHealth>	47	</maxRegenHealth>
      <repairCost>	4	</repairCost>
      <invisibilityFactorAtShot>0.1</invisibilityFactorAtShot>
      <shotDispersionRadius>0.4</shotDispersionRadius>
      <shotDispersionFactors>
        <turretRotation>0.08</turretRotation>
        <afterShot>4.0</afterShot>
        <whileGunDamaged>2.0</whileGunDamaged>
      </shotDispersionFactors>
      <shots>
        <_57mm_slpprj_m_43>
          <defaultPortion>1.0</defaultPortion>
          <speed>	825	</speed>
          <gravity>9.81</gravity>
          <maxDistance>	720	</maxDistance>
          <piercingPower>91 76</piercingPower>
        </_57mm_slpprj_m_43>
        <_57mm_slpprj_m_49>
          <defaultPortion>0.0</defaultPortion>
          <speed>	1200	</speed>
          <gravity>9.81</gravity>
          <maxDistance>	720	</maxDistance>
          <piercingPower>138 125</piercingPower>
        </_57mm_slpprj_m_49>
        <_57mm_sgr_m_43>
          <defaultPortion>0.0</defaultPortion>
          <speed>	600	</speed>
          <gravity>9.81</gravity>
          <maxDistance>	720	</maxDistance>
          <piercingPower>29 29</piercingPower>
        </_57mm_sgr_m_43>
      </shots>
    </_57mm_pvkan_m_43>
    <_75mm_kan_m_02>
      <userString>#sweden_vehicles:_75mm_kan_m_02</userString>
      <tags>
      </tags>
      <level>	4	</level>
      <price>	16500	</price>
      <impulse>0.38</impulse>
      <recoil>
        <lodDist>MEDIUM</lodDist>
        <amplitude>0.16</amplitude>
        <recoilEffect>medium</recoilEffect>
      </recoil>
      <effects>shot_84mm</effects>
      <reloadEffect>reload50_75</reloadEffect>
      <pitchLimits>
        <minPitch>0.0 -25.0 1.0 -25.0</minPitch>
        <maxPitch>0.0 15.0 1.0 15.0</maxPitch>
      </pitchLimits>
      <turretYawLimits>-180 180</turretYawLimits>
      <rotationSpeed>	40	</rotationSpeed>
      <reloadTime>	4	</reloadTime>
      <maxAmmo>	80	</maxAmmo>
      <aimingTime>	2	</aimingTime>
      <weight>	500	</weight>
      <maxHealth>	100	</maxHealth>
      <maxRegenHealth>	50	</maxRegenHealth>
      <repairCost>	5	</repairCost>
      <invisibilityFactorAtShot>0.1</invisibilityFactorAtShot>
      <shotDispersionRadius>0.4</shotDispersionRadius>
      <shotDispersionFactors>
        <turretRotation>0.16</turretRotation>
        <afterShot>4.0</afterShot>
        <whileGunDamaged>2.0</whileGunDamaged>
      </shotDispersionFactors>
      <shots>
        <_75mm_slpprj_m_40>
          <defaultPortion>0.95</defaultPortion>
          <speed>	501	</speed>
          <gravity>9.81</gravity>
          <maxDistance>	720	</maxDistance>
          <piercingPower>63 54</piercingPower>
        </_75mm_slpprj_m_40>
        <_75mm_slpsgr_fm_45>
          <defaultPortion>0.0</defaultPortion>
          <speed>	501	</speed>
          <gravity>9.81</gravity>
          <maxDistance>	720	</maxDistance>
          <piercingPower>115 115</piercingPower>
        </_75mm_slpsgr_fm_45>
        <_75mm_sgr_m_22_38>
          <defaultPortion>0.05</defaultPortion>
          <speed>	501	</speed>
          <gravity>9.81</gravity>
          <maxDistance>	720	</maxDistance>
          <piercingPower>38 38</piercingPower>
        </_75mm_sgr_m_22_38>
      </shots>
    </_75mm_kan_m_02>
    <_75mm_kan_m_41_strv>
      <userString>#sweden_vehicles:_75mm_kan_m_41_strv</userString>
      <tags>
      </tags>
      <level>	4	</level>
      <price>	24200	</price>
      <impulse>0.38</impulse>
      <recoil>
        <lodDist>MEDIUM</lodDist>
        <amplitude>0.16</amplitude>
        <recoilEffect>medium</recoilEffect>
      </recoil>
      <effects>shot_84mm</effects>
      <reloadEffect>reload50_75</reloadEffect>
      <pitchLimits>
        <minPitch>0.0 -25.0 1.0 -25.0</minPitch>
        <maxPitch>0.0 15.0 1.0 15.0</maxPitch>
      </pitchLimits>
      <turretYawLimits>-180 180</turretYawLimits>
      <rotationSpeed>	40	</rotationSpeed>
      <reloadTime>	4	</reloadTime>
      <maxAmmo>	80	</maxAmmo>
      <aimingTime>	2	</aimingTime>
      <weight>	575	</weight>
      <maxHealth>	100	</maxHealth>
      <maxRegenHealth>	50	</maxRegenHealth>
      <repairCost>	5	</repairCost>
      <invisibilityFactorAtShot>0.1</invisibilityFactorAtShot>
      <shotDispersionRadius>0.4</shotDispersionRadius>
      <shotDispersionFactors>
        <turretRotation>0.16</turretRotation>
        <afterShot>4.0</afterShot>
        <whileGunDamaged>2.0</whileGunDamaged>
      </shotDispersionFactors>
      <shots>
        <_75mm_slpprj_m_40_B>
          <defaultPortion>0.8</defaultPortion>
          <speed>	590	</speed>
          <gravity>9.81</gravity>
          <maxDistance>	720	</maxDistance>
          <piercingPower>88 76</piercingPower>
        </_75mm_slpprj_m_40_B>
        <_75mm_slpsgr_fm_45>
          <defaultPortion>0.0</defaultPortion>
          <speed>	570	</speed>
          <gravity>9.81</gravity>
          <maxDistance>	720	</maxDistance>
          <piercingPower>115 115</piercingPower>
        </_75mm_slpsgr_fm_45>
        <_75mm_sgr_m_40>
          <defaultPortion>0.2</defaultPortion>
          <speed>	570	</speed>
          <gravity>9.81</gravity>
          <maxDistance>	720	</maxDistance>
          <piercingPower>38 38</piercingPower>
        </_75mm_sgr_m_40>
      </shots>
    </_75mm_kan_m_41_strv>
    <_75mm_kan_m_41_ikv>
      <userString>#sweden_vehicles:_75mm_kan_m_41_ikv</userString>
      <tags>
      </tags>
      <level>	4	</level>
      <price>	17000	</price>
      <impulse>0.38</impulse>
      <recoil>
        <lodDist>MEDIUM</lodDist>
        <amplitude>0.16</amplitude>
        <recoilEffect>medium</recoilEffect>
      </recoil>
      <effects>shot_84mm</effects>
      <reloadEffect>reload50_75</reloadEffect>
      <pitchLimits>
        <minPitch>0.0 -25.0 1.0 -25.0</minPitch>
        <maxPitch>0.0 15.0 1.0 15.0</maxPitch>
      </pitchLimits>
      <turretYawLimits>-180 180</turretYawLimits>
      <rotationSpeed>	40	</rotationSpeed>
      <reloadTime>	4	</reloadTime>
      <maxAmmo>	80	</maxAmmo>
      <aimingTime>	2	</aimingTime>
      <weight>	575	</weight>
      <maxHealth>	100	</maxHealth>
      <maxRegenHealth>	50	</maxRegenHealth>
      <repairCost>	5	</repairCost>
      <invisibilityFactorAtShot>0.1</invisibilityFactorAtShot>
      <shotDispersionRadius>0.4</shotDispersionRadius>
      <shotDispersionFactors>
        <turretRotation>0.16</turretRotation>
        <afterShot>4.0</afterShot>
        <whileGunDamaged>2.0</whileGunDamaged>
      </shotDispersionFactors>
      <shots>
        <_75mm_slpprj_m_40_B>
          <defaultPortion>0.8</defaultPortion>
          <speed>	590	</speed>
          <gravity>9.81</gravity>
          <maxDistance>	720	</maxDistance>
          <piercingPower>88 76</piercingPower>
        </_75mm_slpprj_m_40_B>
        <_75mm_slpsgr_fm_45>
          <defaultPortion>0.0</defaultPortion>
          <speed>	570	</speed>
          <gravity>9.81</gravity>
          <maxDistance>	720	</maxDistance>
          <piercingPower>115 115</piercingPower>
        </_75mm_slpsgr_fm_45>
        <_75mm_sgr_m_40>
          <defaultPortion>0.2</defaultPortion>
          <speed>	570	</speed>
          <gravity>9.81</gravity>
          <maxDistance>	720	</maxDistance>
          <piercingPower>38 38</piercingPower>
        </_75mm_sgr_m_40>
      </shots>
    </_75mm_kan_m_41_ikv>
    <_75mm_kan_m_41_ikv_L_50>
      <userString>#sweden_vehicles:_75mm_kan_m_41_ikv_L_50</userString>
      <tags>
      </tags>
      <level>	4	</level>
      <price>	24600	</price>
      <impulse>0.38</impulse>
      <recoil>
        <lodDist>MEDIUM</lodDist>
        <amplitude>0.36</amplitude>
        <recoilEffect>medium</recoilEffect>
      </recoil>
      <effects>shot_84mm</effects>
      <reloadEffect>reload50_75</reloadEffect>
      <pitchLimits>
        <minPitch>0.0 -25.0 1.0 -25.0</minPitch>
        <maxPitch>0.0 15 1.0 15</maxPitch>
      </pitchLimits>
      <turretYawLimits>-180 180</turretYawLimits>
      <rotationSpeed>35.0</rotationSpeed>
      <reloadTime>	5	</reloadTime>
      <maxAmmo>	55	</maxAmmo>
      <aimingTime>2.5</aimingTime>
      <weight>	750	</weight>
      <maxHealth>	100	</maxHealth>
      <maxRegenHealth>	50	</maxRegenHealth>
      <repairCost>	5	</repairCost>
      <invisibilityFactorAtShot>0.1</invisibilityFactorAtShot>
      <shotDispersionRadius>0.4</shotDispersionRadius>
      <shotDispersionFactors>
        <turretRotation>0.16</turretRotation>
        <afterShot>4.0</afterShot>
        <whileGunDamaged>2.0</whileGunDamaged>
      </shotDispersionFactors>
      <shots>
        <_75mm_slpprj_m_40_C>
          <defaultPortion>0.8</defaultPortion>
          <speed>	655	</speed>
          <gravity>9.81</gravity>
          <maxDistance>	720	</maxDistance>
          <piercingPower>97 83</piercingPower>
        </_75mm_slpprj_m_40_C>
        <_75mm_slpprj_m_40_N>
          <defaultPortion>0.0</defaultPortion>
          <speed>	705	</speed>
          <gravity>9.81</gravity>
          <maxDistance>	720	</maxDistance>
          <piercingPower>120 114</piercingPower>
        </_75mm_slpprj_m_40_N>
        <_75mm_sgr_m_40>
          <defaultPortion>0.2</defaultPortion>
          <speed>	615	</speed>
          <gravity>9.81</gravity>
          <maxDistance>	720	</maxDistance>
          <piercingPower>38 38</piercingPower>
        </_75mm_sgr_m_40>
      </shots>
    </_75mm_kan_m_41_ikv_L_50>
    <_75mm_kan_m_41_ikv_L_50_neglkrut>
      <userString>#sweden_vehicles:_75mm_kan_m_41_ikv_L_50_neglkrut</userString>
      <tags>
      </tags>
      <level>	4	</level>
      <price>	26800	</price>
      <impulse>0.38</impulse>
      <recoil>
        <lodDist>MEDIUM</lodDist>
        <amplitude>0.36</amplitude>
        <recoilEffect>medium</recoilEffect>
      </recoil>
      <effects>shot_84mm</effects>
      <reloadEffect>reload50_75</reloadEffect>
      <pitchLimits>
        <minPitch>0.0 -25.0 1.0 -25.0</minPitch>
        <maxPitch>0.0 15 1.0 15</maxPitch>
      </pitchLimits>
      <turretYawLimits>-180 180</turretYawLimits>
      <rotationSpeed>35.0</rotationSpeed>
      <reloadTime>	5	</reloadTime>
      <maxAmmo>	55	</maxAmmo>
      <aimingTime>2.5</aimingTime>
      <weight>	750	</weight>
      <maxHealth>	100	</maxHealth>
      <maxRegenHealth>	50	</maxRegenHealth>
      <repairCost>	5	</repairCost>
      <invisibilityFactorAtShot>0.1</invisibilityFactorAtShot>
      <shotDispersionRadius>0.4</shotDispersionRadius>
      <shotDispersionFactors>
        <turretRotation>0.16</turretRotation>
        <afterShot>4.0</afterShot>
        <whileGunDamaged>2.0</whileGunDamaged>
      </shotDispersionFactors>
      <shots>
        <_75mm_slpprj_m_40_C>
          <defaultPortion>0.8</defaultPortion>
          <speed>	690	</speed>
          <gravity>9.81</gravity>
          <maxDistance>	720	</maxDistance>
          <piercingPower>107 93</piercingPower>
        </_75mm_slpprj_m_40_C>
        <_75mm_slpprj_m_40_N>
          <defaultPortion>0.0</defaultPortion>
          <speed>	740	</speed>
          <gravity>9.81</gravity>
          <maxDistance>	720	</maxDistance>
          <piercingPower>130 124</piercingPower>
        </_75mm_slpprj_m_40_N>
        <_75mm_sgr_m_40>
          <defaultPortion>0.2</defaultPortion>
          <speed>	650	</speed>
          <gravity>9.81</gravity>
          <maxDistance>	720	</maxDistance>
          <piercingPower>38 38</piercingPower>
        </_75mm_sgr_m_40>
      </shots>
    </_75mm_kan_m_41_ikv_L_50_neglkrut>
    <_75mm_kan_m_43_strv>
      <userString>#sweden_vehicles:_75mm_kan_m_43_strv</userString>
      <tags>
      </tags>
      <level>	5	</level>
      <price>	43100	</price>
      <impulse>0.38</impulse>
      <recoil>
        <lodDist>MEDIUM</lodDist>
        <amplitude>0.36</amplitude>
        <recoilEffect>medium</recoilEffect>
      </recoil>
      <effects>shot_84mm</effects>
      <reloadEffect>reload50_75</reloadEffect>
      <pitchLimits>
        <minPitch>0.0 -25.0 1.0 -25.0</minPitch>
        <maxPitch>0.0 15 1.0 15</maxPitch>
      </pitchLimits>
      <turretYawLimits>-180 180</turretYawLimits>
      <rotationSpeed>35.0</rotationSpeed>
      <reloadTime>	5	</reloadTime>
      <maxAmmo>	55	</maxAmmo>
      <aimingTime>2.5</aimingTime>
      <weight>	840	</weight>
      <maxHealth>	120	</maxHealth>
      <maxRegenHealth>	60	</maxRegenHealth>
      <repairCost>	5	</repairCost>
      <invisibilityFactorAtShot>0.1</invisibilityFactorAtShot>
      <shotDispersionRadius>0.41</shotDispersionRadius>
      <shotDispersionFactors>
        <turretRotation>0.16</turretRotation>
        <afterShot>4.0</afterShot>
        <whileGunDamaged>2.0</whileGunDamaged>
      </shotDispersionFactors>
      <shots>
        <_75mm_slpprj_m_41>
          <defaultPortion>0.95</defaultPortion>
          <speed>	815	</speed>
          <gravity>9.81</gravity>
          <maxDistance>	720	</maxDistance>
          <piercingPower>115 102</piercingPower>
        </_75mm_slpprj_m_41>
        <_75mm_slpgr_fm_43>
          <defaultPortion>0.0</defaultPortion>
          <speed>	890	</speed>
          <gravity>9.81</gravity>
          <maxDistance>	720	</maxDistance>
          <piercingPower>144 124</piercingPower>
        </_75mm_slpgr_fm_43>
        <_75mm_sgr_m_38>
          <defaultPortion>0.05</defaultPortion>
          <speed>	814	</speed>
          <gravity>9.81</gravity>
          <maxDistance>	720	</maxDistance>
          <piercingPower>38 38</piercingPower>
        </_75mm_sgr_m_38>
      </shots>
    </_75mm_kan_m_43_strv>
    <_75mm_lvkan_m_36>
      <userString>#sweden_vehicles:_75mm_lvkan_m_36</userString>
      <tags>
      </tags>
      <level>	6	</level>
      <price>	58200	</price>
      <impulse>0.46</impulse>
      <recoil>
        <lodDist>MEDIUM</lodDist>
        <amplitude>0.2</amplitude>
        <recoilEffect>medium</recoilEffect>
      </recoil>
      <effects>shot_84mm</effects>
      <reloadEffect>reload50_75</reloadEffect>
      <pitchLimits>
        <minPitch>0.0 -15.0 1.0 -15.0</minPitch>
        <maxPitch>0.0 15.0 1.0 15.0</maxPitch>
      </pitchLimits>
      <turretYawLimits>-180 180</turretYawLimits>
      <rotationSpeed>35.0</rotationSpeed>
      <reloadTime>	6	</reloadTime>
      <maxAmmo>	60	</maxAmmo>
      <aimingTime>2.3</aimingTime>
      <weight>	1035	</weight>
      <maxHealth>	130	</maxHealth>
      <maxRegenHealth>	65	</maxRegenHealth>
      <repairCost>	5	</repairCost>
      <invisibilityFactorAtShot>0.1</invisibilityFactorAtShot>
      <shotDispersionRadius>0.4</shotDispersionRadius>
      <shotDispersionFactors>
        <turretRotation>0.16</turretRotation>
        <afterShot>4.0</afterShot>
        <whileGunDamaged>2.0</whileGunDamaged>
      </shotDispersionFactors>
      <shots>
        <_75mm_slpprj_m_41>
          <defaultPortion>0.95</defaultPortion>
          <speed>	840	</speed>
          <gravity>9.81</gravity>
          <maxDistance>	720	</maxDistance>
          <piercingPower>120 107</piercingPower>
        </_75mm_slpprj_m_41>
        <_75mm_slpgr_fm_43>
          <defaultPortion>0.0</defaultPortion>
          <speed>	925	</speed>
          <gravity>9.81</gravity>
          <maxDistance>	720	</maxDistance>
          <piercingPower>148 128</piercingPower>
        </_75mm_slpgr_fm_43>
        <_75mm_sgr_m_38>
          <defaultPortion>0.05</defaultPortion>
          <speed>	826	</speed>
          <gravity>9.81</gravity>
          <maxDistance>	720	</maxDistance>
          <piercingPower>38 38</piercingPower>
        </_75mm_sgr_m_38>
      </shots>
    </_75mm_lvkan_m_36>
    <_75mm_kan_strv_74_R>
      <userString>#sweden_vehicles:_75mm_kan_strv_74_R</userString>
      <tags>
      </tags>
      <level>	6	</level>
      <price>	63700	</price>
      <impulse>0.46</impulse>
      <recoil>
        <lodDist>MEDIUM</lodDist>
        <amplitude>0.2</amplitude>
        <recoilEffect>medium</recoilEffect>
      </recoil>
      <effects>shot_84mm</effects>
      <reloadEffect>reload50_75</reloadEffect>
      <pitchLimits>
        <minPitch>0.0 -15.0 1.0 -15.0</minPitch>
        <maxPitch>0.0 15.0 1.0 15.0</maxPitch>
      </pitchLimits>
      <turretYawLimits>-180 180</turretYawLimits>
      <rotationSpeed>35.0</rotationSpeed>
      <reloadTime>	6	</reloadTime>
      <maxAmmo>	60	</maxAmmo>
      <aimingTime>2.3</aimingTime>
      <weight>	1035	</weight>
      <maxHealth>	130	</maxHealth>
      <maxRegenHealth>	65	</maxRegenHealth>
      <repairCost>	5	</repairCost>
      <invisibilityFactorAtShot>0.1</invisibilityFactorAtShot>
      <shotDispersionRadius>0.4</shotDispersionRadius>
      <shotDispersionFactors>
        <turretRotation>0.16</turretRotation>
        <afterShot>4.0</afterShot>
        <whileGunDamaged>2.0</whileGunDamaged>
      </shotDispersionFactors>
      <shots>
        <_75mm_slpgr_m_43>
          <defaultPortion>1.0</defaultPortion>
          <speed>	925	</speed>
          <gravity>9.81</gravity>
          <maxDistance>	720	</maxDistance>
          <piercingPower>148 128</piercingPower>
        </_75mm_slpgr_m_43>
        <_75mm_slpprj_m_49>
          <defaultPortion>0.0</defaultPortion>
          <speed>	1160	</speed>
          <gravity>9.81</gravity>
          <maxDistance>	720	</maxDistance>
          <piercingPower>200 175</piercingPower>
        </_75mm_slpprj_m_49>
        <_75mm_sgr_m_38>
          <defaultPortion>0.0</defaultPortion>
          <speed>	840	</speed>
          <gravity>9.81</gravity>
          <maxDistance>	720	</maxDistance>
          <piercingPower>38 38</piercingPower>
        </_75mm_sgr_m_38>
      </shots>
    </_75mm_kan_strv_74_R>
    <_75mm_kan_strv_74>
      <userString>#sweden_vehicles:_75mm_kan_strv_74</userString>
      <tags>
      </tags>
      <level>	6	</level>
      <price>	64200	</price>
      <notInShop>	true	</notInShop>
      <impulse>0.46</impulse>
      <recoil>
        <lodDist>MEDIUM</lodDist>
        <amplitude>0.2</amplitude>
        <recoilEffect>medium</recoilEffect>
      </recoil>
      <effects>shot_84mm</effects>
      <reloadEffect>reload_automat_reloading_50_75</reloadEffect>
      <pitchLimits>
        <minPitch>0.0 -12.0 1.0 -12.0</minPitch>
        <maxPitch>0.0 6.0 1.0 6.0</maxPitch>
      </pitchLimits>
      <turretYawLimits>-180 180</turretYawLimits>
      <rotationSpeed>35.0</rotationSpeed>
      <reloadTime>	6	</reloadTime>
      <maxAmmo>	60	</maxAmmo>
      <aimingTime>2.3</aimingTime>
      <weight>	1035	</weight>
      <maxHealth>	130	</maxHealth>
      <maxRegenHealth>	65	</maxRegenHealth>
      <repairCost>	5	</repairCost>
      <invisibilityFactorAtShot>0.1</invisibilityFactorAtShot>
      <shotDispersionRadius>0.4</shotDispersionRadius>
      <shotDispersionFactors>
        <turretRotation>0.16</turretRotation>
        <afterShot>4.0</afterShot>
        <whileGunDamaged>2.0</whileGunDamaged>
      </shotDispersionFactors>
      <shots>
        <_75mm_slpgr_m_43>
          <defaultPortion>1.0</defaultPortion>
          <speed>	925	</speed>
          <gravity>9.81</gravity>
          <maxDistance>	720	</maxDistance>
          <piercingPower>148 128</piercingPower>
        </_75mm_slpgr_m_43>
        <_75mm_slpprj_m_49>
          <defaultPortion>0.0</defaultPortion>
          <speed>	1160	</speed>
          <gravity>9.81</gravity>
          <maxDistance>	720	</maxDistance>
          <piercingPower>190 165</piercingPower>
        </_75mm_slpprj_m_49>
        <_75mm_sgr_m_38>
          <defaultPortion>0.0</defaultPortion>
          <speed>	840	</speed>
          <gravity>9.81</gravity>
          <maxDistance>	720	</maxDistance>
          <piercingPower>38 38</piercingPower>
        </_75mm_sgr_m_38>
      </shots>
    </_75mm_kan_strv_74>
    <_84mm_kan_strv_81_1>
      <userString>#sweden_vehicles:_84mm_kan_strv_81_1</userString>
      <tags>
      </tags>
      <level>	9	</level>
      <price>	180000	</price>
      <notInShop>	true	</notInShop>
      <impulse>0.48</impulse>
      <recoil>
        <lodDist>MEDIUM</lodDist>
        <amplitude>0.36</amplitude>
        <recoilEffect>	main	</recoilEffect>
      </recoil>
      <effects>shot_84mm</effects>
      <reloadEffect>reload85_107</reloadEffect>
      <pitchLimits>
        <minPitch>0.0 -20.0 1.0 -20.0</minPitch>
        <maxPitch>0.0 10.0 1.0 10.0</maxPitch>
      </pitchLimits>
      <turretYawLimits>-180 180</turretYawLimits>
      <rotationSpeed>35.0</rotationSpeed>
      <reloadTime>	3	</reloadTime>
      <maxAmmo>	65	</maxAmmo>
      <aimingTime>2.1</aimingTime>
      <weight>	1242	</weight>
      <maxHealth>	190	</maxHealth>
      <maxRegenHealth>	95	</maxRegenHealth>
      <repairCost>	6	</repairCost>
      <invisibilityFactorAtShot>0.238</invisibilityFactorAtShot>
      <shotDispersionRadius>0.36</shotDispersionRadius>
      <shotDispersionFactors>
        <turretRotation>0.1</turretRotation>
        <afterShot>3.5</afterShot>
        <whileGunDamaged>2.0</whileGunDamaged>
      </shotDispersionFactors>
      <shots>
        <_84mm_slpprj_m_53>
          <defaultPortion>0.95</defaultPortion>
          <speed>	1300	</speed>
          <gravity>9.81</gravity>
          <maxDistance>	720	</maxDistance>
          <piercingPower>226 211</piercingPower>
        </_84mm_slpprj_m_53>
        <_84mm_slpprj_m_54>
          <defaultPortion>0.0</defaultPortion>
          <speed>	1400	</speed>
          <gravity>9.81</gravity>
          <maxDistance>	720	</maxDistance>
          <piercingPower>258 248</piercingPower>
        </_84mm_slpprj_m_54>
        <_84mm_slsgr_m_53>
          <defaultPortion>0.05</defaultPortion>
          <speed>	600	</speed>
          <gravity>9.81</gravity>
          <maxDistance>	720	</maxDistance>
          <piercingPower>42 42</piercingPower>
        </_84mm_slsgr_m_53>
      </shots>
    </_84mm_kan_strv_81_1>
	<_90mm_Bofors_strvkan_L_43>
      <userString>#sweden_vehicles:_90mm_Bofors_strvkan_L_43</userString>
      <tags>
      </tags>
      <level>	7	</level>
      <price>	85000	</price>
      <impulse>0.48</impulse>
      <recoil>
        <lodDist>MEDIUM</lodDist>
        <amplitude>0.38</amplitude>
        <recoilEffect>	main	</recoilEffect>
      </recoil>
      <effects>shot_90mm_alt</effects>
      <reloadEffect>reload85_107</reloadEffect>
      <pitchLimits>
        <minPitch>0.0 -17.0 1.0 -17.0</minPitch>
        <maxPitch>0.0 6.0 1.0 6.0</maxPitch>
      </pitchLimits>
      <turretYawLimits>-180 180</turretYawLimits>
      <rotationSpeed>	20	</rotationSpeed>
      <reloadTime>8.16</reloadTime>
      <maxAmmo>	52	</maxAmmo>
      <aimingTime>	2	</aimingTime>
      <weight>	600	</weight>
      <maxHealth>	150	</maxHealth>
      <maxRegenHealth>	75	</maxRegenHealth>
      <repairCost>	7	</repairCost>
      <invisibilityFactorAtShot>0.1</invisibilityFactorAtShot>
      <shotDispersionRadius>0.4</shotDispersionRadius>
      <shotDispersionFactors>
        <turretRotation>0.12</turretRotation>
        <afterShot>3.5</afterShot>
        <whileGunDamaged>2.0</whileGunDamaged>
      </shotDispersionFactors>
      <shots>
        <_90mm_slpprj_typ_I>
          <defaultPortion>0.95</defaultPortion>
          <speed>	880	</speed>
          <gravity>9.81</gravity>
          <maxDistance>	720	</maxDistance>
          <piercingPower>179 162</piercingPower>
        </_90mm_slpprj_typ_I>
        <_90mm_slpsgr_typ_I>
          <defaultPortion>0.0</defaultPortion>
          <speed>	890	</speed>
          <gravity>9.81</gravity>
          <maxDistance>	720	</maxDistance>
          <piercingPower>240 240</piercingPower>
        </_90mm_slpsgr_typ_I>
        <_90mm_slsgr_m_72>
          <defaultPortion>0.05</defaultPortion>
          <speed>	880	</speed>
          <gravity>9.81</gravity>
          <maxDistance>	720	</maxDistance>
          <piercingPower>45 45</piercingPower>
        </_90mm_slsgr_m_72>
      </shots>
    </_90mm_Bofors_strvkan_L_43>
    <_90mm_Bofors_L_43>
      <userString>#sweden_vehicles:_90mm_Bofors_L_43</userString>
      <tags>
      </tags>
      <level>	6	</level>
      <price>	72000	</price>
      <impulse>0.48</impulse>
      <recoil>
        <lodDist>MEDIUM</lodDist>
        <amplitude>0.38</amplitude>
        <recoilEffect>	main	</recoilEffect>
      </recoil>
      <effects>shot_90mm_alt</effects>
      <reloadEffect>reload85_107</reloadEffect>
      <pitchLimits>
        <minPitch>0.0 -17.0 1.0 -17.0</minPitch>
        <maxPitch>0.0 6.0 1.0 6.0</maxPitch>
      </pitchLimits>
      <turretYawLimits>-180 180</turretYawLimits>
      <rotationSpeed>35.0</rotationSpeed>
      <reloadTime>8.16</reloadTime>
      <maxAmmo>	52	</maxAmmo>
      <aimingTime>	2	</aimingTime>
      <weight>	600	</weight>
      <maxHealth>	150	</maxHealth>
      <maxRegenHealth>	75	</maxRegenHealth>
      <repairCost>	7	</repairCost>
      <invisibilityFactorAtShot>0.1</invisibilityFactorAtShot>
      <shotDispersionRadius>0.4</shotDispersionRadius>
      <shotDispersionFactors>
        <turretRotation>0.12</turretRotation>
        <afterShot>3.5</afterShot>
        <whileGunDamaged>2.0</whileGunDamaged>
      </shotDispersionFactors>
      <shots>
        <_90mm_slpprj_typ_I>
          <defaultPortion>0.95</defaultPortion>
          <speed>	880	</speed>
          <gravity>9.81</gravity>
          <maxDistance>	720	</maxDistance>
          <piercingPower>155 145</piercingPower>
        </_90mm_slpprj_typ_I>
        <_90mm_slpsgr_typ_I>
          <defaultPortion>0.0</defaultPortion>
          <speed>	890	</speed>
          <gravity>9.81</gravity>
          <maxDistance>	720	</maxDistance>
          <piercingPower>230 230</piercingPower>
        </_90mm_slpsgr_typ_I>
        <_90mm_slsgr_m_72>
          <defaultPortion>0.05</defaultPortion>
          <speed>	880	</speed>
          <gravity>9.81</gravity>
          <maxDistance>	720	</maxDistance>
          <piercingPower>45 45</piercingPower>
        </_90mm_slsgr_m_72>
      </shots>
    </_90mm_Bofors_L_43>
	<_90mm_Bofors_strvkan_L_53>
      <userString>#sweden_vehicles:_90mm_Bofors_strvkan_L_53</userString>
      <tags>
      </tags>
      <level>	8	</level>
      <price>	107500	</price>
      <impulse>0.48</impulse>
      <recoil>
        <lodDist>MEDIUM</lodDist>
        <amplitude>0.38</amplitude>
        <recoilEffect>	main	</recoilEffect>
      </recoil>
      <effects>shot_90mm_alt</effects>
      <reloadEffect>reload85_107</reloadEffect>
      <pitchLimits>
        <minPitch>0.0 -17.0 1.0 -17.0</minPitch>
        <maxPitch>0.0 6.0 1.0 6.0</maxPitch>
      </pitchLimits>
      <turretYawLimits>-180 180</turretYawLimits>
      <rotationSpeed>	20	</rotationSpeed>
      <reloadTime>8.16</reloadTime>
      <maxAmmo>	52	</maxAmmo>
      <aimingTime>	2	</aimingTime>
      <weight>	815	</weight>
      <maxHealth>	170	</maxHealth>
      <maxRegenHealth>	85	</maxRegenHealth>
      <repairCost>	7	</repairCost>
      <invisibilityFactorAtShot>0.1</invisibilityFactorAtShot>
      <shotDispersionRadius>0.4</shotDispersionRadius>
      <shotDispersionFactors>
        <turretRotation>0.12</turretRotation>
        <afterShot>3.5</afterShot>
        <whileGunDamaged>2.0</whileGunDamaged>
      </shotDispersionFactors>
      <shots>
        <_90mm_slpprj_typ_II>
          <defaultPortion>0.95</defaultPortion>
          <speed>	960	</speed>
          <gravity>9.81</gravity>
          <maxDistance>	720	</maxDistance>
          <piercingPower>196 181</piercingPower>
        </_90mm_slpprj_typ_II>
        <_90mm_slpsgr_typ_I>
          <defaultPortion>0.0</defaultPortion>
          <speed>	950	</speed>
          <gravity>9.81</gravity>
          <maxDistance>	720	</maxDistance>
          <piercingPower>250 250</piercingPower>
        </_90mm_slpsgr_typ_I>
        <_90mm_slsgr_m_72>
          <defaultPortion>0.05</defaultPortion>
          <speed>	950	</speed>
          <gravity>9.81</gravity>
          <maxDistance>	720	</maxDistance>
          <piercingPower>45 45</piercingPower>
        </_90mm_slsgr_m_72>
      </shots>
    </_90mm_Bofors_strvkan_L_53>
    <_90mm_Bofors_L_53>
      <userString>#sweden_vehicles:_90mm_Bofors_L_53</userString>
      <tags>
      </tags>
      <level>	7	</level>
      <price>	84000	</price>
      <impulse>0.48</impulse>
      <recoil>
        <lodDist>MEDIUM</lodDist>
        <amplitude>0.38</amplitude>
        <recoilEffect>	main	</recoilEffect>
      </recoil>
      <effects>shot_90mm_alt</effects>
      <reloadEffect>reload85_107</reloadEffect>
      <pitchLimits>
        <minPitch>0.0 -17.0 1.0 -17.0</minPitch>
        <maxPitch>0.0 6.0 1.0 6.0</maxPitch>
      </pitchLimits>
      <turretYawLimits>-180 180</turretYawLimits>
      <rotationSpeed>35.0</rotationSpeed>
      <reloadTime>8.16</reloadTime>
      <maxAmmo>	52	</maxAmmo>
      <aimingTime>	2	</aimingTime>
      <weight>	815	</weight>
      <maxHealth>	170	</maxHealth>
      <maxRegenHealth>	85	</maxRegenHealth>
      <repairCost>	7	</repairCost>
      <invisibilityFactorAtShot>0.1</invisibilityFactorAtShot>
      <shotDispersionRadius>0.4</shotDispersionRadius>
      <shotDispersionFactors>
        <turretRotation>0.12</turretRotation>
        <afterShot>3.5</afterShot>
        <whileGunDamaged>2.0</whileGunDamaged>
      </shotDispersionFactors>
      <shots>
        <_90mm_slpprj_typ_II>
          <defaultPortion>0.95</defaultPortion>
          <speed>	960	</speed>
          <gravity>9.81</gravity>
          <maxDistance>	720	</maxDistance>
          <piercingPower>180 170</piercingPower>
        </_90mm_slpprj_typ_II>
        <_90mm_slpsgr_typ_I>
          <defaultPortion>0.0</defaultPortion>
          <speed>	950	</speed>
          <gravity>9.81</gravity>
          <maxDistance>	720	</maxDistance>
          <piercingPower>230 230</piercingPower>
        </_90mm_slpsgr_typ_I>
        <_90mm_slsgr_m_72>
          <defaultPortion>0.05</defaultPortion>
          <speed>	950	</speed>
          <gravity>9.81</gravity>
          <maxDistance>	720	</maxDistance>
          <piercingPower>45 45</piercingPower>
        </_90mm_slsgr_m_72>
      </shots>
    </_90mm_Bofors_L_53>
    <_90mm_kan_m_F>
      <userString>#sweden_vehicles:_90mm_kan_m_F</userString>
      <tags>
      </tags>
      <level>	8	</level>
      <price>	124000	</price>
      <impulse>0.48</impulse>
      <recoil>
        <lodDist>MEDIUM</lodDist>
        <amplitude>0.38</amplitude>
        <recoilEffect>	main	</recoilEffect>
      </recoil>
      <effects>shot_90mm_alt</effects>
      <reloadEffect>reload85_107</reloadEffect>
      <pitchLimits>
        <minPitch>0.0 -19.0 1.0 -19.0</minPitch>
        <maxPitch>0.0 0.0 1.0 0.0</maxPitch>
      </pitchLimits>
      <turretYawLimits>-180 180</turretYawLimits>
      <rotationSpeed>	12	</rotationSpeed>
      <reloadTime>7.5</reloadTime>
      <maxAmmo>	64	</maxAmmo>
      <aimingTime>2.3</aimingTime>
      <weight>	1030	</weight>
      <maxHealth>	170	</maxHealth>
      <maxRegenHealth>	85	</maxRegenHealth>
      <repairCost>	7	</repairCost>
      <invisibilityFactorAtShot>0.1</invisibilityFactorAtShot>
      <shotDispersionRadius>0.38</shotDispersionRadius>
      <shotDispersionFactors>
        <turretRotation>0.12</turretRotation>
        <afterShot>3.5</afterShot>
        <whileGunDamaged>2.0</whileGunDamaged>
      </shotDispersionFactors>
      <shots>
        <_90mm_slpprj_m_F>
          <defaultPortion>0.95</defaultPortion>
          <speed>	1275	</speed>
          <gravity>9.81</gravity>
          <maxDistance>	720	</maxDistance>
          <piercingPower>210 195</piercingPower>
        </_90mm_slpprj_m_F>
        <_90mm_slpsgr_m_F>
          <defaultPortion>0.0</defaultPortion>
          <speed>	950	</speed>
          <gravity>9.81</gravity>
          <maxDistance>	720	</maxDistance>
          <piercingPower>250 250</piercingPower>
        </_90mm_slpsgr_m_F>
        <_90mm_sgr_m_F>
          <defaultPortion>0.05</defaultPortion>
          <speed>	750	</speed>
          <gravity>9.81</gravity>
          <maxDistance>	720	</maxDistance>
          <piercingPower>45 45</piercingPower>
        </_90mm_sgr_m_F>
      </shots>
    </_90mm_kan_m_F>
    <_105mm_kan_m_44_sav>
      <userString>#sweden_vehicles:_105mm_kan_m_44_sav</userString>
      <tags>
      </tags>
      <level>	5	</level>
      <price>	32300	</price>
      <impulse>0.38</impulse>
      <recoil>
        <lodDist>MEDIUM</lodDist>
        <amplitude>0.5</amplitude>
        <recoilEffect>	main	</recoilEffect>
      </recoil>
      <effects>shot_115mm</effects>
      <reloadEffect>reload85_107</reloadEffect>
      <pitchLimits>
        <minPitch>0.0 -25.0 1.0 -25.0</minPitch>
        <maxPitch>0.0 15.0 1.0 15.0</maxPitch>
      </pitchLimits>
      <turretYawLimits>-180 180</turretYawLimits>
      <rotationSpeed>40.0</rotationSpeed>
      <reloadTime>	8	</reloadTime>
      <maxAmmo>	42	</maxAmmo>
      <aimingTime>	2	</aimingTime>
      <weight>	500	</weight>
      <maxHealth>	150	</maxHealth>
      <maxRegenHealth>	75	</maxRegenHealth>
      <repairCost>	8	</repairCost>
      <invisibilityFactorAtShot>0.1</invisibilityFactorAtShot>
      <shotDispersionRadius>0.4</shotDispersionRadius>
      <shotDispersionFactors>
        <turretRotation>0.16</turretRotation>
        <afterShot>4.0</afterShot>
        <whileGunDamaged>2.0</whileGunDamaged>
      </shotDispersionFactors>
      <shots>
        <_105mm_slpprj_m_44>
          <defaultPortion>0.0</defaultPortion>
          <speed>	475	</speed>
          <gravity>9.81</gravity>
          <maxDistance>	720	</maxDistance>
          <piercingPower>65 62</piercingPower>
        </_105mm_slpprj_m_44>
        <_105mm_psgr_m_49>
          <defaultPortion>0.0</defaultPortion>
          <speed>	425	</speed>
          <gravity>9.81</gravity>
          <maxDistance>	720	</maxDistance>
          <piercingPower>110 110</piercingPower>
        </_105mm_psgr_m_49>
        <_105mm_lt_sgr_m_34>
          <defaultPortion>1.00</defaultPortion>
          <speed>	475	</speed>
          <gravity>9.81</gravity>
          <maxDistance>	720	</maxDistance>
          <piercingPower>53 53</piercingPower>
        </_105mm_lt_sgr_m_34>
      </shots>
    </_105mm_kan_m_44_sav>
    <_105mm_kan_ikv_102>
      <userString>#sweden_vehicles:_105mm_kan_ikv_102</userString>
      <tags>
      </tags>
      <level>	5	</level>
      <price>	38000	</price>
      <impulse>0.38</impulse>
      <recoil>
        <lodDist>MEDIUM</lodDist>
        <amplitude>0.5</amplitude>
        <recoilEffect>	main	</recoilEffect>
      </recoil>
      <effects>shot_115mm</effects>
      <reloadEffect>reload85_107</reloadEffect>
      <pitchLimits>
        <minPitch>0.0 -25.0 1.0 -25.0</minPitch>
        <maxPitch>0.0 15.0 1.0 15.0</maxPitch>
      </pitchLimits>
      <turretYawLimits>-180 180</turretYawLimits>
      <rotationSpeed>40.0</rotationSpeed>
      <reloadTime>	8	</reloadTime>
      <maxAmmo>	42	</maxAmmo>
      <aimingTime>	2	</aimingTime>
      <weight>	550	</weight>
      <maxHealth>	150	</maxHealth>
      <maxRegenHealth>	75	</maxRegenHealth>
      <repairCost>	8	</repairCost>
      <invisibilityFactorAtShot>0.1</invisibilityFactorAtShot>
      <shotDispersionRadius>0.4</shotDispersionRadius>
      <shotDispersionFactors>
        <turretRotation>0.16</turretRotation>
        <afterShot>4.0</afterShot>
        <whileGunDamaged>2.0</whileGunDamaged>
      </shotDispersionFactors>
      <shots>
        <_105mm_slpgr_m_43>
          <defaultPortion>0.0</defaultPortion>
          <speed>	359	</speed>
          <gravity>9.81</gravity>
          <maxDistance>	720	</maxDistance>
          <piercingPower>102 93</piercingPower>
        </_105mm_slpgr_m_43>
        <_105mm_slpsgr_m_49>
          <defaultPortion>0.0</defaultPortion>
          <speed>	418	</speed>
          <gravity>9.81</gravity>
          <maxDistance>	720	</maxDistance>
          <piercingPower>110 110</piercingPower>
        </_105mm_slpsgr_m_49>
        <_105mm_lt_sgr_m_34>
          <defaultPortion>1.00</defaultPortion>
          <speed>	371	</speed>
          <gravity>9.81</gravity>
          <maxDistance>	720	</maxDistance>
          <piercingPower>53 53</piercingPower>
        </_105mm_lt_sgr_m_34>
      </shots>
    </_105mm_kan_ikv_102>
    <_105mm_kan_ikv_103>
      <userString>#sweden_vehicles:_105mm_kan_ikv_103</userString>
      <tags>
      </tags>
      <level>	5	</level>
      <price>	45700	</price>
      <impulse>0.38</impulse>
      <recoil>
        <lodDist>MEDIUM</lodDist>
        <amplitude>0.5</amplitude>
        <recoilEffect>	main	</recoilEffect>
      </recoil>
      <effects>shot_115mm</effects>
      <reloadEffect>reload85_107</reloadEffect>
      <pitchLimits>
        <minPitch>0.0 -25.0 1.0 -25.0</minPitch>
        <maxPitch>0.0 15.0 1.0 15.0</maxPitch>
      </pitchLimits>
      <turretYawLimits>-180 180</turretYawLimits>
      <rotationSpeed>40.0</rotationSpeed>
      <reloadTime>	8	</reloadTime>
      <maxAmmo>	42	</maxAmmo>
      <aimingTime>	2	</aimingTime>
      <weight>	550	</weight>
      <maxHealth>	150	</maxHealth>
      <maxRegenHealth>	75	</maxRegenHealth>
      <repairCost>	8	</repairCost>
      <invisibilityFactorAtShot>0.1</invisibilityFactorAtShot>
      <shotDispersionRadius>0.4</shotDispersionRadius>
      <shotDispersionFactors>
        <turretRotation>0.16</turretRotation>
        <afterShot>4.0</afterShot>
        <whileGunDamaged>2.0</whileGunDamaged>
      </shotDispersionFactors>
      <shots>
        <_105mm_slpsgr_m_60>
          <defaultPortion>1.0</defaultPortion>
          <speed>	418	</speed>
          <gravity>9.81</gravity>
          <maxDistance>	720	</maxDistance>
          <piercingPower>120 120</piercingPower>
        </_105mm_slpsgr_m_60>
        <_105mm_slpsgr_m_65>
          <defaultPortion>0.0</defaultPortion>
          <speed>	418	</speed>
          <gravity>9.81</gravity>
          <maxDistance>	720	</maxDistance>
          <piercingPower>140 140</piercingPower>
        </_105mm_slpsgr_m_65>
      </shots>
    </_105mm_kan_ikv_103>
    <_105mm_kan_m_34>
      <userString>#sweden_vehicles:_105mm_kan_m_34</userString>
      <tags>
      </tags>
      <level>	7	</level>
      <price>	81500	</price>
      <impulse>0.44</impulse>
      <recoil>
        <lodDist>MEDIUM</lodDist>
        <amplitude>0.26</amplitude>
        <recoilEffect>	main	</recoilEffect>
      </recoil>
      <effects>shot_115mm</effects>
      <reloadEffect>reload85_107</reloadEffect>
      <pitchLimits>
        <minPitch>0.0 -15.0 1.0 -15.0</minPitch>
        <maxPitch>0.0 10.0 1.0 10.0</maxPitch>
      </pitchLimits>
      <turretYawLimits>-180 180</turretYawLimits>
      <rotationSpeed>33.25</rotationSpeed>
      <reloadTime>	8	</reloadTime>
      <maxAmmo>	24	</maxAmmo>
      <aimingTime>	2	</aimingTime>
      <weight>	1245	</weight>
      <maxHealth>	148	</maxHealth>
      <maxRegenHealth>	74	</maxRegenHealth>
      <repairCost>	8	</repairCost>
      <invisibilityFactorAtShot>0.1</invisibilityFactorAtShot>
      <shotDispersionRadius>0.4</shotDispersionRadius>
      <shotDispersionFactors>
        <turretRotation>0.16</turretRotation>
        <afterShot>4.0</afterShot>
        <whileGunDamaged>2.0</whileGunDamaged>
      </shotDispersionFactors>
      <shots>
        <_105mm_slpgr_m_43_1>
          <defaultPortion>0.95</defaultPortion>
          <speed>	785	</speed>
          <gravity>9.81</gravity>
          <maxDistance>	720	</maxDistance>
          <piercingPower>155 142</piercingPower>
        </_105mm_slpgr_m_43_1>
        <_105mm_slpprj_fm_49>
          <defaultPortion>0.0</defaultPortion>
          <speed>	930	</speed>
          <gravity>9.81</gravity>
          <maxDistance>	720	</maxDistance>
          <piercingPower>194 161</piercingPower>
        </_105mm_slpprj_fm_49>
        <_105mm_tung_sgr_m_34>
          <defaultPortion>0.05</defaultPortion>
          <speed>	785	</speed>
          <gravity>9.81</gravity>
          <maxDistance>	720	</maxDistance>
          <piercingPower>53 53</piercingPower>
        </_105mm_tung_sgr_m_34>
      </shots>
    </_105mm_kan_m_34>
    <_105mm_lvkan_m_42>
      <userString>#sweden_vehicles:_105mm_lvkan_m_42</userString>
      <tags>
      </tags>
      <level>	8	</level>
      <price>	105000	</price>
      <impulse>0.44</impulse>
      <recoil>
        <lodDist>MEDIUM</lodDist>
        <amplitude>0.56</amplitude>
        <recoilEffect>	main	</recoilEffect>
      </recoil>
      <effects>shot_100mm_auto</effects>
      <reloadEffect>reload_automat_reloading_85_107</reloadEffect>
      <pitchLimits>
        <minPitch>0.0 -15.0 1.0 -15.0</minPitch>
        <maxPitch>0.0 15.0 1.0 15.0</maxPitch>
      </pitchLimits>
      <turretYawLimits>-180 180</turretYawLimits>
      <rotationSpeed>	33	</rotationSpeed>
      <reloadTime>	8	</reloadTime>
      <maxAmmo>	34	</maxAmmo>
      <aimingTime>	2	</aimingTime>
      <weight>	2050	</weight>
      <maxHealth>	180	</maxHealth>
      <maxRegenHealth>	90	</maxRegenHealth>
      <repairCost>	8	</repairCost>
      <invisibilityFactorAtShot>0.1</invisibilityFactorAtShot>
      <shotDispersionRadius>0.4</shotDispersionRadius>
      <shotDispersionFactors>
        <turretRotation>0.16</turretRotation>
        <afterShot>4.0</afterShot>
        <whileGunDamaged>2.0</whileGunDamaged>
      </shotDispersionFactors>
      <shots>
        <_105mm_slpgr_m_42>
          <defaultPortion>0.95</defaultPortion>
          <speed>	852	</speed>
          <gravity>9.81</gravity>
          <maxDistance>	720	</maxDistance>
          <piercingPower>179 167</piercingPower>
        </_105mm_slpgr_m_42>
        <_105mm_slpprj_m_49>
          <defaultPortion>0.0</defaultPortion>
          <speed>	1009	</speed>
          <gravity>9.81</gravity>
          <maxDistance>	720	</maxDistance>
          <piercingPower>224 194</piercingPower>
        </_105mm_slpprj_m_49>
        <_105mm_sgr_m_40_B>
          <defaultPortion>0.05</defaultPortion>
          <speed>	840	</speed>
          <gravity>9.81</gravity>
          <maxDistance>	720	</maxDistance>
          <piercingPower>53 53</piercingPower>
        </_105mm_sgr_m_40_B>
      </shots>
    </_105mm_lvkan_m_42>
    <_105mm_TK_105_9>
      <userString>#sweden_vehicles:_105mm_TK_105_9</userString>
      <tags>
      </tags>
      <level>	9	</level>
      <price>	165000	</price>
      <impulse>0.48</impulse>
      <recoil>
        <lodDist>MEDIUM</lodDist>
        <amplitude>0.24</amplitude>
        <recoilEffect>	main	</recoilEffect>
      </recoil>
      <effects>shot_100mm_auto</effects>
      <reloadEffect>reload_automat_reloading_85_107</reloadEffect>
      <pitchLimits>
        <minPitch>0.0 -15.0 1.0 -15.0</minPitch>
        <maxPitch>0.0 15.0 1.0 15.0</maxPitch>
      </pitchLimits>
      <turretYawLimits>-180 180</turretYawLimits>
      <rotationSpeed>	35	</rotationSpeed>
      <reloadTime>8.8</reloadTime>
      <maxAmmo>	46	</maxAmmo>
      <aimingTime>	2	</aimingTime>
      <weight>	2390	</weight>
      <maxHealth>	194	</maxHealth>
      <maxRegenHealth>	97	</maxRegenHealth>
      <repairCost>	8	</repairCost>
      <invisibilityFactorAtShot>0.1</invisibilityFactorAtShot>
      <shotDispersionRadius>0.4</shotDispersionRadius>
      <shotDispersionFactors>
        <turretRotation>0.05</turretRotation>
        <afterShot>4.0</afterShot>
        <whileGunDamaged>2.0</whileGunDamaged>
      </shotDispersionFactors>
      <shots>
        <_105mm_slpprj_m_52>
          <defaultPortion>0.95</defaultPortion>
          <speed>	1080	</speed>
          <gravity>9.81</gravity>
          <maxDistance>	720	</maxDistance>
          <piercingPower>217 200</piercingPower>
        </_105mm_slpprj_m_52>
        <_105mm_slpprj_m_52_B>
          <defaultPortion>0.0</defaultPortion>
          <speed>	1350	</speed>
          <gravity>9.81</gravity>
          <maxDistance>	720	</maxDistance>
          <piercingPower>242 220</piercingPower>
        </_105mm_slpprj_m_52_B>
        <_105mm_sgr_m_52>
          <defaultPortion>0.05</defaultPortion>
          <speed>	900	</speed>
          <gravity>9.81</gravity>
          <maxDistance>	720	</maxDistance>
          <piercingPower>53 53</piercingPower>
        </_105mm_sgr_m_52>
      </shots>
    </_105mm_TK_105_9>
	<_105mm_kan_strv_K_L_52>
      <userString>#sweden_vehicles:_105mm_kan_strv_K_L_52</userString>
      <tags>
      </tags>
      <level>	9	</level>
      <price>	165000	</price>
      <notInShop>	true	</notInShop>
      <impulse>0.48</impulse>
      <recoil>
        <lodDist>MEDIUM</lodDist>
        <amplitude>0.24</amplitude>
        <recoilEffect>	main	</recoilEffect>
      </recoil>
      <effects>shot_94mm</effects>
      <reloadEffect>reloadrh_120mm</reloadEffect>
      <pitchLimits>
        <minPitch>0.0 -15.0 1.0 -15.0</minPitch>
        <maxPitch>0.0 15.0 1.0 15.0</maxPitch>
      </pitchLimits>
      <turretYawLimits>-180 180</turretYawLimits>
      <rotationSpeed>	35	</rotationSpeed>
      <reloadTime>8.8</reloadTime>
      <maxAmmo>	46	</maxAmmo>
      <aimingTime>	2	</aimingTime>
      <weight>	2390	</weight>
      <maxHealth>	194	</maxHealth>
      <maxRegenHealth>	97	</maxRegenHealth>
      <repairCost>	8	</repairCost>
      <invisibilityFactorAtShot>0.1</invisibilityFactorAtShot>
      <shotDispersionRadius>0.4</shotDispersionRadius>
      <shotDispersionFactors>
        <turretRotation>0.05</turretRotation>
        <afterShot>4.0</afterShot>
        <whileGunDamaged>2.0</whileGunDamaged>
      </shotDispersionFactors>
      <shots>
        <_105mm_slpprj_m_612>
          <defaultPortion>0.95</defaultPortion>
          <speed>	1008	</speed>
          <gravity>9.81</gravity>
          <maxDistance>	720	</maxDistance>
          <piercingPower>249 212</piercingPower>
        </_105mm_slpprj_m_612>
        <_105mm_slpprj_m_62>
          <defaultPortion>0.0</defaultPortion>
          <speed>	1523	</speed>
          <gravity>9.81</gravity>
          <maxDistance>	720	</maxDistance>
          <piercingPower>298 282</piercingPower>
        </_105mm_slpprj_m_62>
        <_105mm_slsgr_m_61S>
          <defaultPortion>0.05</defaultPortion>
          <speed>	640	</speed>
          <gravity>9.81</gravity>
          <maxDistance>	720	</maxDistance>
          <piercingPower>53 53</piercingPower>
        </_105mm_slsgr_m_61S>
      </shots>
    </_105mm_kan_strv_K_L_52>
    <_105mm_lvkan_L_67>
      <userString>#sweden_vehicles:_105mm_lvkan_L_67</userString>
      <tags>
      </tags>
      <level>	9	</level>
      <price>	165000	</price>
      <notInShop>	true	</notInShop>
      <impulse>0.48</impulse>
      <recoil>
        <lodDist>MEDIUM</lodDist>
        <amplitude>0.24</amplitude>
        <recoilEffect>	main	</recoilEffect>
      </recoil>
      <effects>shot_100mm_auto</effects>
      <reloadEffect>reload_automat_reloading_85_107</reloadEffect>
      <pitchLimits>
        <minPitch>0.0 -14.0 1.0 -14.0</minPitch>
        <maxPitch>0.0 15.0 1.0 15.0</maxPitch>
      </pitchLimits>
      <turretYawLimits>-180 180</turretYawLimits>
      <rotationSpeed>	35	</rotationSpeed>
      <reloadTime>8.8</reloadTime>
      <maxAmmo>	46	</maxAmmo>
      <aimingTime>	2	</aimingTime>
      <weight>	2390	</weight>
      <maxHealth>	194	</maxHealth>
      <maxRegenHealth>	97	</maxRegenHealth>
      <repairCost>	8	</repairCost>
      <invisibilityFactorAtShot>0.1</invisibilityFactorAtShot>
      <shotDispersionRadius>0.4</shotDispersionRadius>
      <shotDispersionFactors>
        <turretRotation>0.05</turretRotation>
        <afterShot>4.0</afterShot>
        <whileGunDamaged>2.0</whileGunDamaged>
      </shotDispersionFactors>
      <shots>
        <_105mm_slpprj_L_67>
          <defaultPortion>0.95</defaultPortion>
          <speed>	1080	</speed>
          <gravity>9.81</gravity>
          <maxDistance>	720	</maxDistance>
          <piercingPower>217 200</piercingPower>
        </_105mm_slpprj_L_67>
        <_105mm_slpprj_L_67_B>
          <defaultPortion>0.0</defaultPortion>
          <speed>	1350	</speed>
          <gravity>9.81</gravity>
          <maxDistance>	720	</maxDistance>
          <piercingPower>242 220</piercingPower>
        </_105mm_slpprj_L_67_B>
        <_105mm_sgr_L_67>
          <defaultPortion>0.05</defaultPortion>
          <speed>	900	</speed>
          <gravity>9.81</gravity>
          <maxDistance>	720	</maxDistance>
          <piercingPower>53 53</piercingPower>
        </_105mm_sgr_L_67>
      </shots>
    </_105mm_lvkan_L_67>
    <_120mm_akan_L_40>
      <userString>#sweden_vehicles:_120mm_akan_L_40</userString>
      <tags>
      </tags>
      <level>	10	</level>
      <price>	320000	</price>
      <impulse>0.64</impulse>
      <recoil>
        <lodDist>MEDIUM</lodDist>
        <amplitude>0.66</amplitude>
        <recoilEffect>large</recoilEffect>
      </recoil>
      <effects>shot_120mm_auto</effects>
      <reloadEffect>reload_automat_reloading_115_152</reloadEffect>
      <pitchLimits>
        <minPitch>0.0 -12.0 1.0 -12.0</minPitch>
        <maxPitch>0.0 10.0 1.0 10.0</maxPitch>
      </pitchLimits>
      <turretYawLimits>-180 180</turretYawLimits>
      <rotationSpeed>	26	</rotationSpeed>
      <reloadTime>	10	</reloadTime>
      <maxAmmo>	36	</maxAmmo>
      <aimingTime>	2	</aimingTime>
      <weight>	1600	</weight>
      <maxHealth>	210	</maxHealth>
      <maxRegenHealth>	105	</maxRegenHealth>
      <repairCost>	10	</repairCost>
      <invisibilityFactorAtShot>0.1</invisibilityFactorAtShot>
      <shotDispersionRadius>0.3</shotDispersionRadius>
      <shotDispersionFactors>
        <turretRotation>0.08</turretRotation>
        <afterShot>3.0</afterShot>
        <whileGunDamaged>2.0</whileGunDamaged>
      </shotDispersionFactors>
      <shots>
        <_120mm_slpprj_m_51>
          <defaultPortion>1.00</defaultPortion>
          <speed>	1000	</speed>
          <gravity>9.81</gravity>
          <maxDistance>	720	</maxDistance>
          <piercingPower>252 228</piercingPower>
        </_120mm_slpprj_m_51>
        <_120mm_psgr_m_51>
          <defaultPortion>0.0</defaultPortion>
          <speed>	840	</speed>
          <gravity>9.81</gravity>
          <maxDistance>	720	</maxDistance>
          <piercingPower>300 300</piercingPower>
        </_120mm_psgr_m_51>
        <_120mm_sgr_m_51>
          <defaultPortion>0.00</defaultPortion>
          <speed>	680	</speed>
          <gravity>9.81</gravity>
          <maxDistance>	720	</maxDistance>
          <piercingPower>60 60</piercingPower>
        </_120mm_sgr_m_51>
      </shots>
    </_120mm_akan_L_40>
	<_120mm_strvkan_L_40>
      <userString>#sweden_vehicles:_120mm_strvkan_L_40</userString>
      <tags>
      </tags>
      <level>	10	</level>
      <price>	330000	</price>
      <notInShop>	true	</notInShop>
      <impulse>0.64</impulse>
      <recoil>
        <lodDist>MEDIUM</lodDist>
        <amplitude>0.66</amplitude>
        <recoilEffect>large</recoilEffect>
      </recoil>
      <effects>shot_120mm_auto</effects>
      <reloadEffect>reload_automat_reloading_115_152</reloadEffect>
      <pitchLimits>
        <minPitch>0.0 -12.0 1.0 -12.0</minPitch>
        <maxPitch>0.0 10.0 1.0 10.0</maxPitch>
      </pitchLimits>
      <turretYawLimits>-180 180</turretYawLimits>
      <rotationSpeed>	20	</rotationSpeed>
      <reloadTime>	10	</reloadTime>
      <maxAmmo>	36	</maxAmmo>
      <aimingTime>	2	</aimingTime>
      <weight>	1600	</weight>
      <maxHealth>	210	</maxHealth>
      <maxRegenHealth>	105	</maxRegenHealth>
      <repairCost>	10	</repairCost>
      <invisibilityFactorAtShot>0.1</invisibilityFactorAtShot>
      <shotDispersionRadius>0.3</shotDispersionRadius>
      <shotDispersionFactors>
        <turretRotation>0.08</turretRotation>
        <afterShot>3.0</afterShot>
        <whileGunDamaged>2.0</whileGunDamaged>
      </shotDispersionFactors>
      <shots>
        <_120mm_slpprj_m_ny>
          <defaultPortion>1.00</defaultPortion>
          <speed>	1000	</speed>
          <gravity>9.81</gravity>
          <maxDistance>	720	</maxDistance>
          <piercingPower>254 240</piercingPower>
        </_120mm_slpprj_m_ny>
        <_120mm_psgr_m_ny>
          <defaultPortion>0.0</defaultPortion>
          <speed>	840	</speed>
          <gravity>9.81</gravity>
          <maxDistance>	720	</maxDistance>
          <piercingPower>310 310</piercingPower>
        </_120mm_psgr_m_ny>
        <_120mm_sgr_m_ny>
          <defaultPortion>0.00</defaultPortion>
          <speed>	680	</speed>
          <gravity>9.81</gravity>
          <maxDistance>	720	</maxDistance>
          <piercingPower>60 60</piercingPower>
        </_120mm_sgr_m_ny>
      </shots>
    </_120mm_strvkan_L_40>
	<_105mm_strvkan_L_45>
      <userString>#sweden_vehicles:_105mm_strvkan_L_45</userString>
      <tags>
      </tags>
      <level>	8	</level>
      <price>	128000	</price>
      <impulse>0.48</impulse>
      <recoil>
        <lodDist>MEDIUM</lodDist>
        <amplitude>0.24</amplitude>
        <recoilEffect>	main	</recoilEffect>
      </recoil>
      <effects>shot_105mm</effects>
      <reloadEffect>reload85_107</reloadEffect>
      <pitchLimits>
        <minPitch>0.0 -11.0 1.0 -11.0</minPitch>
        <maxPitch>0.0 11.0 1.0 11.0</maxPitch>
      </pitchLimits>
      <turretYawLimits>-180 180</turretYawLimits>
      <rotationSpeed>	20	</rotationSpeed>
      <reloadTime>7.5</reloadTime>
      <maxAmmo>	50	</maxAmmo>
      <aimingTime>4.04</aimingTime>
      <weight>	1670	</weight>
      <maxHealth>	208	</maxHealth>
      <maxRegenHealth>	104	</maxRegenHealth>
      <repairCost>	8	</repairCost>
      <invisibilityFactorAtShot>0.1</invisibilityFactorAtShot>
      <shotDispersionRadius>0.4</shotDispersionRadius>
      <shotDispersionFactors>
        <turretRotation>0.05</turretRotation>
        <afterShot>4.0</afterShot>
        <whileGunDamaged>2.0</whileGunDamaged>
      </shotDispersionFactors>
      <shots>
        <_105mm_slpprj_m_61B>
          <defaultPortion>1.0</defaultPortion>
          <speed>	1385	</speed>
          <gravity>9.81</gravity>
          <maxDistance>	720	</maxDistance>
          <piercingPower>217 201</piercingPower>
        </_105mm_slpprj_m_61B>
        <_105mm_slpprj_m_66B>
          <defaultPortion>0.0</defaultPortion>
          <speed>	1560	</speed>
          <gravity>9.81</gravity>
          <maxDistance>	720	</maxDistance>
          <piercingPower>253 227</piercingPower>
        </_105mm_slpprj_m_66B>
        <_105mm_slsgr_m_61B>
          <defaultPortion>0.0</defaultPortion>
          <speed>	640	</speed>
          <gravity>9.81</gravity>
          <maxDistance>	720	</maxDistance>
          <piercingPower>53 53</piercingPower>
        </_105mm_slsgr_m_61B>
      </shots>
    </_105mm_strvkan_L_45>
	<_105mm_strvkan_L_45_Alt_3>
      <userString>#sweden_vehicles:_105mm_strvkan_L_45_Alt_3</userString>
      <tags>
      </tags>
      <level>	9	</level>
      <price>	200000	</price>
      <notInShop>	true	</notInShop>
      <impulse>0.48</impulse>
      <recoil>
        <lodDist>MEDIUM</lodDist>
        <amplitude>0.24</amplitude>
        <recoilEffect>	main	</recoilEffect>
      </recoil>
      <effects>shot_94mm</effects>
      <reloadEffect>reloadrh_120mm</reloadEffect>
      <pitchLimits>
        <minPitch>0.0 -15.0 1.0 -15.0</minPitch>
        <maxPitch>0.0 7.0 1.0 7.0</maxPitch>
      </pitchLimits>
      <turretYawLimits>-180 180</turretYawLimits>
      <rotationSpeed>	20	</rotationSpeed>
      <reloadTime>7.5</reloadTime>
      <maxAmmo>	50	</maxAmmo>
      <aimingTime>4.04</aimingTime>
      <weight>	1670	</weight>
      <maxHealth>	208	</maxHealth>
      <maxRegenHealth>	104	</maxRegenHealth>
      <repairCost>	8	</repairCost>
      <invisibilityFactorAtShot>0.1</invisibilityFactorAtShot>
      <shotDispersionRadius>0.4</shotDispersionRadius>
      <shotDispersionFactors>
        <turretRotation>0.05</turretRotation>
        <afterShot>4.0</afterShot>
        <whileGunDamaged>2.0</whileGunDamaged>
      </shotDispersionFactors>
      <shots>
        <_105mm_slpprj_m_61B>
          <defaultPortion>1.0</defaultPortion>
          <speed>	1385	</speed>
          <gravity>9.81</gravity>
          <maxDistance>	720	</maxDistance>
          <piercingPower>252 240</piercingPower>
        </_105mm_slpprj_m_61B>
        <_105mm_slpprj_m_66B>
          <defaultPortion>0.0</defaultPortion>
          <speed>	1560	</speed>
          <gravity>9.81</gravity>
          <maxDistance>	720	</maxDistance>
          <piercingPower>284 269</piercingPower>
        </_105mm_slpprj_m_66B>
        <_105mm_slsgr_m_61B>
          <defaultPortion>0.0</defaultPortion>
          <speed>	640	</speed>
          <gravity>9.81</gravity>
          <maxDistance>	720	</maxDistance>
          <piercingPower>53 53</piercingPower>
        </_105mm_slsgr_m_61B>
      </shots>
    </_105mm_strvkan_L_45_Alt_3>
    <_105mm_kan_UDES_03>
      <userString>#sweden_vehicles:_105mm_kan_UDES_03</userString>
      <tags>
      </tags>
      <level>	9	</level>
      <price>	230000	</price>
      <impulse>0.48</impulse>
      <recoil>
        <lodDist>MEDIUM</lodDist>
        <amplitude>0.24</amplitude>
        <recoilEffect>	main	</recoilEffect>
      </recoil>
      <effects>shot_94mm</effects>
      <reloadEffect>reloadrh_120mm</reloadEffect>
      <pitchLimits>
        <minPitch>0.0 -11.0 1.0 -11.0</minPitch>
        <maxPitch>0.0 11.0 1.0 11.0</maxPitch>
      </pitchLimits>
      <turretYawLimits>-180 180</turretYawLimits>
      <rotationSpeed>	12	</rotationSpeed>
      <reloadTime>7.5</reloadTime>
      <maxAmmo>	50	</maxAmmo>
      <aimingTime>4.04</aimingTime>
      <weight>	1670	</weight>
      <maxHealth>	208	</maxHealth>
      <maxRegenHealth>	104	</maxRegenHealth>
      <repairCost>	8	</repairCost>
      <invisibilityFactorAtShot>0.1</invisibilityFactorAtShot>
      <shotDispersionRadius>0.4</shotDispersionRadius>
      <shotDispersionFactors>
        <turretRotation>0.05</turretRotation>
        <afterShot>4.0</afterShot>
        <whileGunDamaged>2.0</whileGunDamaged>
      </shotDispersionFactors>
      <shots>
        <_105mm_slpprj_m_61>
          <defaultPortion>1.0</defaultPortion>
          <speed>	1385	</speed>
          <gravity>9.81</gravity>
          <maxDistance>	720	</maxDistance>
          <piercingPower>288 278</piercingPower>
        </_105mm_slpprj_m_61>
        <_105mm_slpprj_m_ny>
          <defaultPortion>0.0</defaultPortion>
          <speed>	1560	</speed>
          <gravity>9.81</gravity>
          <maxDistance>	720	</maxDistance>
          <piercingPower>330 320</piercingPower>
        </_105mm_slpprj_m_ny>
        <_105mm_slsgr_m_61A>
          <defaultPortion>0.0</defaultPortion>
          <speed>	640	</speed>
          <gravity>9.81</gravity>
          <maxDistance>	720	</maxDistance>
          <piercingPower>53 53</piercingPower>
        </_105mm_slsgr_m_61A>
      </shots>
    </_105mm_kan_UDES_03>
	<_105mm_strvkan_L_51>
      <userString>#sweden_vehicles:_105mm_strvkan_L_51</userString>
      <tags>
      </tags>
      <level>	9	</level>
      <price>	220000	</price>
      <impulse>0.48</impulse>
      <recoil>
        <lodDist>MEDIUM</lodDist>
        <amplitude>0.24</amplitude>
        <recoilEffect>	main	</recoilEffect>
      </recoil>
      <effects>shot_105mm</effects>
      <reloadEffect>reload85_107</reloadEffect>
      <pitchLimits>
        <minPitch>0.0 -11.0 1.0 -11.0</minPitch>
        <maxPitch>0.0 11.0 1.0 11.0</maxPitch>
      </pitchLimits>
      <turretYawLimits>-180 180</turretYawLimits>
      <rotationSpeed>	20	</rotationSpeed>
      <reloadTime>7.5</reloadTime>
      <maxAmmo>	50	</maxAmmo>
      <aimingTime>4.04</aimingTime>
      <weight>	1350	</weight>
      <maxHealth>	208	</maxHealth>
      <maxRegenHealth>	104	</maxRegenHealth>
      <repairCost>	8	</repairCost>
      <invisibilityFactorAtShot>0.1</invisibilityFactorAtShot>
      <shotDispersionRadius>0.4</shotDispersionRadius>
      <shotDispersionFactors>
        <turretRotation>0.05</turretRotation>
        <afterShot>4.0</afterShot>
        <whileGunDamaged>2.0</whileGunDamaged>
      </shotDispersionFactors>
      <shots>
        <_105mm_slpprj_m_61>
          <defaultPortion>0.95</defaultPortion>
          <speed>	1150	</speed>
          <gravity>9.81</gravity>
          <maxDistance>	720	</maxDistance>
          <piercingPower>234 220</piercingPower>
        </_105mm_slpprj_m_61>
        <_105mm_slpprj_m_66>
          <defaultPortion>0.0</defaultPortion>
          <speed>	1150	</speed>
          <gravity>9.81</gravity>
          <maxDistance>	720	</maxDistance>
          <piercingPower>263 250</piercingPower>
        </_105mm_slpprj_m_66>
        <_105mm_slsgr_m_61A>
          <defaultPortion>0.05</defaultPortion>
          <speed>	680	</speed>
          <gravity>9.81</gravity>
          <maxDistance>	720	</maxDistance>
          <piercingPower>53 53</piercingPower>
        </_105mm_slsgr_m_61A>
      </shots>
    </_105mm_strvkan_L_51>
    <_105mm_kan_strv_103_L_51>
      <userString>#sweden_vehicles:_105mm_kan_strv_103_L_51</userString>
      <tags>
      </tags>
      <level>	10	</level>
      <price>	290000	</price>
      <impulse>0.48</impulse>
      <recoil>
        <lodDist>MEDIUM</lodDist>
        <amplitude>0.24</amplitude>
        <recoilEffect>	main	</recoilEffect>
      </recoil>
      <effects>shot_94mm</effects>
      <reloadEffect>reloadrh_120mm</reloadEffect>
      <pitchLimits>
        <minPitch>0.0 -11.0 1.0 -11.0</minPitch>
        <maxPitch>0.0 11.0 1.0 11.0</maxPitch>
      </pitchLimits>
      <turretYawLimits>-180 180</turretYawLimits>
      <rotationSpeed>5.0</rotationSpeed>
      <reloadTime>7.5</reloadTime>
      <maxAmmo>	50	</maxAmmo>
      <aimingTime>4.04</aimingTime>
      <weight>	1350	</weight>
      <maxHealth>	208	</maxHealth>
      <maxRegenHealth>	104	</maxRegenHealth>
      <repairCost>	8	</repairCost>
      <invisibilityFactorAtShot>0.1</invisibilityFactorAtShot>
      <shotDispersionRadius>0.4</shotDispersionRadius>
      <shotDispersionFactors>
        <turretRotation>0.05</turretRotation>
        <afterShot>4.0</afterShot>
        <whileGunDamaged>2.0</whileGunDamaged>
      </shotDispersionFactors>
      <shots>
        <_105mm_slpprj_m_61>
          <defaultPortion>0.95</defaultPortion>
          <speed>	1450	</speed>
          <gravity>9.81</gravity>
          <maxDistance>	720	</maxDistance>
          <piercingPower>288 278</piercingPower>
        </_105mm_slpprj_m_61>
        <_105mm_slpprj_m_66>
          <defaultPortion>0.0</defaultPortion>
          <speed>	1400	</speed>
          <gravity>9.81</gravity>
          <maxDistance>	720	</maxDistance>
          <piercingPower>330 320</piercingPower>
        </_105mm_slpprj_m_66>
        <_105mm_slsgr_m_61A>
          <defaultPortion>0.05</defaultPortion>
          <speed>	650	</speed>
          <gravity>9.81</gravity>
          <maxDistance>	720	</maxDistance>
          <piercingPower>53 53</piercingPower>
        </_105mm_slsgr_m_61A>
      </shots>
    </_105mm_kan_strv_103_L_51>
    <_105mm_kan_strv_103_L_51_1>
      <userString>#sweden_vehicles:_105mm_kan_strv_103_L_51_1</userString>
      <tags>
      </tags>
      <level>	10	</level>
      <price>	290000	</price>
      <notInShop>	true	</notInShop>
      <impulse>0.48</impulse>
      <recoil>
        <lodDist>MEDIUM</lodDist>
        <amplitude>0.24</amplitude>
        <recoilEffect>	main	</recoilEffect>
      </recoil>
      <effects>shot_94mm</effects>
      <reloadEffect>reloadrh_120mm</reloadEffect>
      <pitchLimits>
        <minPitch>0.0 -11.0 1.0 -11.0</minPitch>
        <maxPitch>0.0 11.0 1.0 11.0</maxPitch>
      </pitchLimits>
      <turretYawLimits>-180 180</turretYawLimits>
      <rotationSpeed>5.0</rotationSpeed>
      <reloadTime>7.5</reloadTime>
      <maxAmmo>	50	</maxAmmo>
      <aimingTime>4.04</aimingTime>
      <weight>	1350	</weight>
      <maxHealth>	208	</maxHealth>
      <maxRegenHealth>	104	</maxRegenHealth>
      <repairCost>	8	</repairCost>
      <invisibilityFactorAtShot>0.1</invisibilityFactorAtShot>
      <shotDispersionRadius>0.4</shotDispersionRadius>
      <shotDispersionFactors>
        <turretRotation>0.05</turretRotation>
        <afterShot>4.0</afterShot>
        <whileGunDamaged>2.0</whileGunDamaged>
      </shotDispersionFactors>
      <shots>
        <_105mm_slpprj_m_61>
          <defaultPortion>0.95</defaultPortion>
          <speed>	1450	</speed>
          <gravity>9.81</gravity>
          <maxDistance>	720	</maxDistance>
          <piercingPower>288 278</piercingPower>
        </_105mm_slpprj_m_61>
        <_105mm_slpprj_m_66>
          <defaultPortion>0.0</defaultPortion>
          <speed>	1400	</speed>
          <gravity>9.81</gravity>
          <maxDistance>	720	</maxDistance>
          <piercingPower>330 320</piercingPower>
        </_105mm_slpprj_m_66>
        <_105mm_slsgr_m_61A>
          <defaultPortion>0.05</defaultPortion>
          <speed>	650	</speed>
          <gravity>9.81</gravity>
          <maxDistance>	720	</maxDistance>
          <piercingPower>53 53</piercingPower>
        </_105mm_slsgr_m_61A>
      </shots>
    </_105mm_kan_strv_103_L_51_1>
    <_105mm_kan_strv_103_L_62>
      <userString>#sweden_vehicles:_105mm_kan_strv_103_L_62</userString>
      <tags>
      </tags>
      <level>	10	</level>
      <price>	330000	</price>
      <impulse>0.48</impulse>
      <recoil>
        <lodDist>MEDIUM</lodDist>
        <amplitude>0.24</amplitude>
        <recoilEffect>	main	</recoilEffect>
      </recoil>
      <effects>shot_94mm</effects>
      <reloadEffect>reloadrh_120mm</reloadEffect>
      <pitchLimits>
        <minPitch>0.0 -11.0 1.0 -11.0</minPitch>
        <maxPitch>0.0 11.0 1.0 11.0</maxPitch>
      </pitchLimits>
      <turretYawLimits>-180 180</turretYawLimits>
      <rotationSpeed>5.0</rotationSpeed>
      <reloadTime>7.5</reloadTime>
      <maxAmmo>	50	</maxAmmo>
      <aimingTime>4.04</aimingTime>
      <weight>	1645	</weight>
      <maxHealth>	208	</maxHealth>
      <maxRegenHealth>	104	</maxRegenHealth>
      <repairCost>	8	</repairCost>
      <invisibilityFactorAtShot>0.1</invisibilityFactorAtShot>
      <shotDispersionRadius>0.4</shotDispersionRadius>
      <shotDispersionFactors>
        <turretRotation>0.05</turretRotation>
        <afterShot>4.0</afterShot>
        <whileGunDamaged>2.0</whileGunDamaged>
      </shotDispersionFactors>
      <shots>
        <_105mm_slpprj_m_61>
          <defaultPortion>0.95</defaultPortion>
          <speed>	1500	</speed>
          <gravity>9.81</gravity>
          <maxDistance>	720	</maxDistance>
          <piercingPower>308 298</piercingPower>
        </_105mm_slpprj_m_61>
        <_105mm_slpprj_m_66>
          <defaultPortion>0.0</defaultPortion>
          <speed>	1450	</speed>
          <gravity>9.81</gravity>
          <maxDistance>	720	</maxDistance>
          <piercingPower>350 340</piercingPower>
        </_105mm_slpprj_m_66>
        <_105mm_slsgr_m_61A>
          <defaultPortion>0.05</defaultPortion>
          <speed>	680	</speed>
          <gravity>9.81</gravity>
          <maxDistance>	720	</maxDistance>
          <piercingPower>53 53</piercingPower>
        </_105mm_slsgr_m_61A>
      </shots>
    </_105mm_kan_strv_103_L_62>
    <_105mm_kan_strv_103_L_62_1>
      <userString>#sweden_vehicles:_105mm_kan_strv_103_L_62_1</userString>
      <tags>
      </tags>
      <level>	10	</level>
      <price>	330000	</price>
      <notInShop>	true	</notInShop>
      <impulse>0.48</impulse>
      <recoil>
        <lodDist>MEDIUM</lodDist>
        <amplitude>0.24</amplitude>
        <recoilEffect>	main	</recoilEffect>
      </recoil>
      <effects>shot_94mm</effects>
      <reloadEffect>reloadrh_120mm</reloadEffect>
      <pitchLimits>
        <minPitch>0.0 -11.0 1.0 -11.0</minPitch>
        <maxPitch>0.0 11.0 1.0 11.0</maxPitch>
      </pitchLimits>
      <turretYawLimits>-180 180</turretYawLimits>
      <rotationSpeed>5.0</rotationSpeed>
      <reloadTime>7.5</reloadTime>
      <maxAmmo>	50	</maxAmmo>
      <aimingTime>4.04</aimingTime>
      <weight>	1645	</weight>
      <maxHealth>	208	</maxHealth>
      <maxRegenHealth>	104	</maxRegenHealth>
      <repairCost>	8	</repairCost>
      <invisibilityFactorAtShot>0.1</invisibilityFactorAtShot>
      <shotDispersionRadius>0.4</shotDispersionRadius>
      <shotDispersionFactors>
        <turretRotation>0.05</turretRotation>
        <afterShot>4.0</afterShot>
        <whileGunDamaged>2.0</whileGunDamaged>
      </shotDispersionFactors>
      <shots>
        <_105mm_slpprj_m_61>
          <defaultPortion>1.0</defaultPortion>
          <speed>	1500	</speed>
          <gravity>9.81</gravity>
          <maxDistance>	720	</maxDistance>
          <piercingPower>308 298</piercingPower>
        </_105mm_slpprj_m_61>
        <_105mm_slpprj_m_66>
          <defaultPortion>0.0</defaultPortion>
          <speed>	1450	</speed>
          <gravity>9.81</gravity>
          <maxDistance>	720	</maxDistance>
          <piercingPower>350 340</piercingPower>
        </_105mm_slpprj_m_66>
        <_105mm_slsgr_m_61A>
          <defaultPortion>0.0</defaultPortion>
          <speed>	680	</speed>
          <gravity>9.81</gravity>
          <maxDistance>	720	</maxDistance>
          <piercingPower>53 53</piercingPower>
        </_105mm_slsgr_m_61A>
      </shots>
    </_105mm_kan_strv_103_L_62_1>
	<_105mm_lvkan_L_53>
      <userString>#sweden_vehicles:_105mm_lvkan_L_53</userString>
      <tags>
      </tags>
      <level>	9	</level>
      <price>	165000	</price>
      <notInShop>	true	</notInShop>
      <impulse>0.48</impulse>
      <recoil>
        <lodDist>MEDIUM</lodDist>
        <amplitude>0.24</amplitude>
        <recoilEffect>	main	</recoilEffect>
      </recoil>
      <effects>shot_94mm</effects>
      <reloadEffect>reloadrh_120mm</reloadEffect>
      <pitchLimits>
        <minPitch>0.0 -20.0 1.0 -20.0</minPitch>
        <maxPitch>0.0 10.0 1.0 10.0</maxPitch>
      </pitchLimits>
      <turretYawLimits>-180 180</turretYawLimits>
      <rotationSpeed>35.0</rotationSpeed>
      <reloadTime>	6	</reloadTime>
      <maxAmmo>	33	</maxAmmo>
      <aimingTime>2.1</aimingTime>
      <weight>	1282	</weight>
      <maxHealth>	194	</maxHealth>
      <maxRegenHealth>	97	</maxRegenHealth>
      <repairCost>	8	</repairCost>
      <invisibilityFactorAtShot>0.238</invisibilityFactorAtShot>
      <shotDispersionRadius>0.4</shotDispersionRadius>
      <shotDispersionFactors>
        <turretRotation>0.05</turretRotation>
        <afterShot>	4	</afterShot>
        <whileGunDamaged>2.0</whileGunDamaged>
      </shotDispersionFactors>
      <shots>
        <_105mm_slpprj_L_53>
          <defaultPortion>0.95</defaultPortion>
          <speed>	930	</speed>
          <gravity>9.81</gravity>
          <maxDistance>	720	</maxDistance>
          <piercingPower>208 192</piercingPower>
        </_105mm_slpprj_L_53>
        <_105mm_slpprj_L_53_B>
          <defaultPortion>0.0</defaultPortion>
          <speed>	1150	</speed>
          <gravity>9.81</gravity>
          <maxDistance>	720	</maxDistance>
          <piercingPower>242 220</piercingPower>
        </_105mm_slpprj_L_53_B>
        <_105mm_sgr_L_53>
          <defaultPortion>0.05</defaultPortion>
          <speed>	900	</speed>
          <gravity>9.81</gravity>
          <maxDistance>	720	</maxDistance>
          <piercingPower>53 53</piercingPower>
        </_105mm_sgr_L_53>
      </shots>
    </_105mm_lvkan_L_53>	
  </shared>
</guns.xml>