<?xml version="1.0" encoding="utf-8"?>
<root>
	<xmlns:xmlref>http://bwt/xmlref</xmlns:xmlref>
	<crew>
		<commander/>
		<gunner/>
		<driver/>
		<radioman/>
		<loader/>
		<loader/>
	</crew>
	<supplySlots>5 1 1 6 6 6 7 8 8 8</supplySlots>
	<speedLimits>
		<forward>35</forward>
		<backward>12</backward>
	</speedLimits>
	<invisibility>
		<moving>
			0.042
			<!--BW_String-->
		</moving>
		<still>
			0.084
			<!--BW_String-->
		</still>
		<camouflageBonus>
			0.02
			<!--BW_String-->
		</camouflageBonus>
		<firePenalty>
			0.126
			<!--BW_String-->
		</firePenalty>
	</invisibility>
	<optDevsOverrides>
		<camouflageNet>
			<invisibilityBonus>
				0.05 0.075
				<!--BW_String-->
			</invisibilityBonus>
		</camouflageNet>
		<additionalInvisibilityDevice>
			<invisibilityBonus>
				0.03 0.04
				<!--BW_String-->
			</invisibilityBonus>
		</additionalInvisibilityDevice>
	</optDevsOverrides>
	<repairCost>
		5.687
		<!--BW_String-->
	</repairCost>
	<crewXpFactor>
		1.0
		<!--BW_String-->
	</crewXpFactor>
	<camouflage>
		<priceFactor>
			1.4
			<!--BW_String-->
		</priceFactor>
		<tiling>1 1 0 0</tiling>
		<exclusionMask/>
	</camouflage>
	<hull>
		<armor>
			<armor_1>102</armor_1>
			<armor_2>70</armor_2>
			<armor_3>76</armor_3>
			<armor_4>51</armor_4>
			<armor_5>51</armor_5>
			<armor_6>38</armor_6>
			<armor_7>25</armor_7>
			<armor_8>0</armor_8>
			<armor_9>19</armor_9>
			<armor_10>30</armor_10>
			<armor_12>38</armor_12>
			<armor_16>122</armor_16>
		</armor>
		<primaryArmor>armor_1 armor_3 armor_4</primaryArmor>
		<weight>40550</weight>
		<maxHealth>920</maxHealth>
		<ammoBayHealth>
			<maxHealth>220</maxHealth>
			<maxRegenHealth>150</maxRegenHealth>
			<repairCost>
				1.0
				<!--BW_String-->
			</repairCost>
		</ammoBayHealth>
		<models>
			<undamaged>vehicles/american/A11_T29/normal/lod0/Hull.model</undamaged>
			<destroyed>vehicles/american/A11_T29/crash/lod0/Hull.model</destroyed>
			<exploded>vehicles/american/A11_T29/crash/lod0/Hull.model</exploded>
		</models>
		<swinging>
			<lodDist>FAR</lodDist>
			<pitchParams>
				0.10 38.00 0.34 1.00 0.04 0.27
				<!--BW_String-->
			</pitchParams>
			<rollParams>
				1.00 0.26 38.00 0.34 1.00 0.04 0.27
				<!--BW_String-->
			</rollParams>
			<sensitivityToImpulse>
				0.2
				<!--BW_String-->
			</sensitivityToImpulse>
		</swinging>
		<exhaust>
			<pixie>gas_large</pixie>
			<nodes>HP_Track_Exhaus_1 HP_Track_Exhaus_2</nodes>
		</exhaust>
		<turretPositions>
			<turret>
				0.000000 0.586407 0.62212
				<!--BW_String-->
			</turret>
		</turretPositions>
		<hitTester>
			<collisionModelServer>vehicles/american/A11_T29/collision/Hull.model</collisionModelServer>
			<collisionModelClient>vehicles/american/A11_T29/collision_client/Hull.model</collisionModelClient>
		</hitTester>
		<hangarShadowTexture>vehicles/american/A11_T29/T29_HangarShadowMap.dds</hangarShadowTexture>
		<customization>
			<customizableVehicleAreas>
				<paint/>
				<camouflage>HULL</camouflage>
			</customizableVehicleAreas>
		</customization>
		<customizationSlots>
			<slot>
				<slotType>clan</slotType>
				<slotId>10000</slotId>
				<rayStart>
					-0.00646259 0.60478 2.46573
					<!--BW_String-->
				</rayStart>
				<rayEnd>
					0.00155307 0.44441 2.3465
					<!--BW_String-->
				</rayEnd>
				<rayUp>
					0.000000 0.000000 -1
					<!--BW_String-->
				</rayUp>
				<size>
					0.32
					<!--BW_String-->
				</size>
				<hideIfDamaged>true</hideIfDamaged>
				<isUVProportional>true</isUVProportional>
			</slot>
		</customizationSlots>
		<camouflage>
			<tiling>
				1 1 0.27 0.000000
				<!--BW_String-->
			</tiling>
			<density>
				87.4098 87.4577
				<!--BW_String-->
			</density>
			<aoTextureSize>1024 1024</aoTextureSize>
		</camouflage>
	</hull>
	<chassis>
		<T84E3_IGR>
			<userString>#igr_vehicles:T84E3_IGR</userString>
			<tags/>
			<level>7</level>
			<price>22000</price>
			<notInShop>true</notInShop>
			<armor>
				<leftTrack>20</leftTrack>
				<rightTrack>20</rightTrack>
			</armor>
			<weight>11500</weight>
			<maxLoad>66800</maxLoad>
			<terrainResistance>
				1.1 1.5 2.6
				<!--BW_String-->
			</terrainResistance>
			<brakeForce>34500</brakeForce>
			<rotationIsAroundCenter>true</rotationIsAroundCenter>
			<rotationSpeed>25</rotationSpeed>
			<shotDispersionFactors>
				<vehicleMovement>
					0.22
					<!--BW_String-->
				</vehicleMovement>
				<vehicleRotation>
					0.22
					<!--BW_String-->
				</vehicleRotation>
			</shotDispersionFactors>
			<bulkHealthFactor>
				3.0
				<!--BW_String-->
			</bulkHealthFactor>
			<maxHealth>190</maxHealth>
			<maxRegenHealth>145</maxRegenHealth>
			<repairCost>
				5.0
				<!--BW_String-->
			</repairCost>
			<models>
				<undamaged>vehicles/american/A11_T29/normal/lod0/Chassis.model</undamaged>
				<destroyed>vehicles/american/A11_T29/crash/lod0/Chassis.model</destroyed>
				<exploded>vehicles/american/A11_T29/crash/lod0/Chassis.model</exploded>
			</models>
			<traces>
				<lodDist>FAR</lodDist>
				<bufferPrefs>largeTank</bufferPrefs>
				<textureSet>usa_03</textureSet>
				<size>
					0.5 0.76
					<!--BW_String-->
				</size>
			</traces>
			<tracks>
				<lodDist>MEDIUM_TRACK</lodDist>
				<leftMaterial>track_mat_L_skinned</leftMaterial>
				<rightMaterial>track_mat_R_skinned</rightMaterial>
				<textureScale>-2</textureScale>
			</tracks>
			<wheels>
				<lodDist>MEDIUM</lodDist>
				<group>
					<isLeft>true</isLeft>
					<template>W_L</template>
					<radius>
						0.34519
						<!--BW_String-->
					</radius>
					<startIndex>0</startIndex>
					<count>8</count>
				</group>
				<group>
					<isLeft>false</isLeft>
					<template>W_R</template>
					<radius>
						0.34519
						<!--BW_String-->
					</radius>
					<startIndex>0</startIndex>
					<count>8</count>
				</group>
				<wheel>
					<isLeft>true</isLeft>
					<isLeading>true</isLeading>
					<name>WD_L0</name>
					<radius>0.342708</radius>
					<syncAngle>24</syncAngle>
				</wheel>
				<group>
					<isLeft>true</isLeft>
					<template>WD_L</template>
					<radius>0.173059</radius>
					<startIndex>1</startIndex>
					<count>7</count>
				</group>
				<wheel>
					<isLeft>true</isLeft>
					<isLeading>true</isLeading>
					<name>WD_L8</name>
					<radius>0.420543</radius>
					<syncAngle>24</syncAngle>
				</wheel>
				<wheel>
					<isLeft>false</isLeft>
					<isLeading>true</isLeading>
					<name>WD_R0</name>
					<radius>0.342708</radius>
					<syncAngle>24</syncAngle>
				</wheel>
				<group>
					<isLeft>false</isLeft>
					<template>WD_R</template>
					<radius>0.173059</radius>
					<startIndex>1</startIndex>
					<count>7</count>
				</group>
				<wheel>
					<isLeft>false</isLeft>
					<isLeading>true</isLeading>
					<name>WD_R8</name>
					<radius>0.420543</radius>
					<syncAngle>24</syncAngle>
				</wheel>
			</wheels>
			<drivingWheels>WD_L0 WD_L8</drivingWheels>
			<effects>
				<lodDist>MEDIUM</lodDist>
				<mud>largeTankMud</mud>
			</effects>
			<wwsoundPC>treads_type_pc</wwsoundPC>
			<wwsoundNPC>trds_chf_npc</wwsoundNPC>
			<hullPosition>
				0.000000 1.11959 0.000000
				<!--BW_String-->
			</hullPosition>
			<hitTester>
				<collisionModelServer>vehicles/american/A11_T29/collision/Chassis.model</collisionModelServer>
				<collisionModelClient>vehicles/american/A11_T29/collision_client/Chassis.model</collisionModelClient>
			</hitTester>
			<topRightCarryingPoint>
				1.47813 2.66262
				<!--BW_String-->
			</topRightCarryingPoint>
			<maxClimbAngle>25</maxClimbAngle>
			<navmeshGirth>
				6.0
				<!--BW_String-->
			</navmeshGirth>
			<AODecals>
				<decal>
					<transform>
						<row0>4.821720 -0.000000 0.000000</row0>
						<row1>0.000000 1.548230 0.000000</row1>
						<row2>-0.000000 0.000000 10.442900</row2>
						<row3>-0.000000 0.000000 0.000000</row3>
					</transform>
				</decal>
			</AODecals>
			<groundNodes>
				<group>
					<template>Track_L</template>
					<startIndex>0</startIndex>
					<count>8</count>
					<isLeft>true</isLeft>
					<minOffset>
						-0.0737705
						<!--BW_String-->
					</minOffset>
					<maxOffset>
						0.0737705
						<!--BW_String-->
					</maxOffset>
				</group>
				<group>
					<template>Track_R</template>
					<startIndex>0</startIndex>
					<count>8</count>
					<isLeft>false</isLeft>
					<minOffset>
						-0.0737705
						<!--BW_String-->
					</minOffset>
					<maxOffset>
						0.0737705
						<!--BW_String-->
					</maxOffset>
				</group>
			</groundNodes>
			<splineDesc>
				<segmentModelLeft>vehicles/american/A11_T29/track/left_01.model</segmentModelLeft>
				<segmentModelRight>vehicles/american/A11_T29/track/right_01.model</segmentModelRight>
				<segment2ModelLeft>vehicles/american/A11_T29/track/left_02.model</segment2ModelLeft>
				<segment2ModelRight>vehicles/american/A11_T29/track/right_02.model</segment2ModelRight>
				<left>vehicles/american/A11_T29/track/left.track</left>
				<right>vehicles/american/A11_T29/track/right.track</right>
				<segmentLength>
					0.13
					<!--BW_String-->
				</segmentLength>
				<segmentOffset>
					0.058
					<!--BW_String-->
				</segmentOffset>
				<segment2Offset>
					0.073
					<!--BW_String-->
				</segment2Offset>
				<lodDist>SPLINE_TRACK</lodDist>
				<atlas>
					<UTiles>1</UTiles>
					<VTiles>1</VTiles>
				</atlas>
			</splineDesc>
			<trackNodes>
				<enable>true</enable>
				<linkBones>false</linkBones>
				<maxAmplitude>
					0.1
					<!--BW_String-->
				</maxAmplitude>
				<maxOffset>
					0.1
					<!--BW_String-->
				</maxOffset>
				<gravity>
					-9.8
					<!--BW_String-->
				</gravity>
				<elasticity>1248</elasticity>
				<damping>2</damping>
				<node>
					<isLeft>false</isLeft>
					<name>Track_VT_R0</name>
					<offset>
						-0.036
						<!--BW_String-->
					</offset>
				</node>
				<node>
					<isLeft>false</isLeft>
					<name>Track_VT_R1</name>
					<forwardElastK>
						0.9
						<!--BW_String-->
					</forwardElastK>
					<backwardElastK>
						1.37
						<!--BW_String-->
					</backwardElastK>
				</node>
				<node>
					<isLeft>false</isLeft>
					<name>Track_VT_R2</name>
				</node>
				<node>
					<isLeft>false</isLeft>
					<name>Track_VT_R3</name>
				</node>
				<node>
					<isLeft>false</isLeft>
					<name>Track_VT_R4</name>
				</node>
				<node>
					<isLeft>false</isLeft>
					<name>Track_VT_R5</name>
				</node>
				<node>
					<isLeft>false</isLeft>
					<name>Track_VT_R6</name>
				</node>
				<node>
					<isLeft>false</isLeft>
					<name>Track_VT_R7</name>
					<offset>
						-0.048
						<!--BW_String-->
					</offset>
				</node>
				<node>
					<isLeft>true</isLeft>
					<name>Track_VT_L0</name>
					<offset>
						-0.036
						<!--BW_String-->
					</offset>
				</node>
				<node>
					<isLeft>true</isLeft>
					<name>Track_VT_L1</name>
					<forwardElastK>
						0.9
						<!--BW_String-->
					</forwardElastK>
					<backwardElastK>
						1.37
						<!--BW_String-->
					</backwardElastK>
				</node>
				<node>
					<isLeft>true</isLeft>
					<name>Track_VT_L2</name>
				</node>
				<node>
					<isLeft>true</isLeft>
					<name>Track_VT_L3</name>
				</node>
				<node>
					<isLeft>true</isLeft>
					<name>Track_VT_L4</name>
				</node>
				<node>
					<isLeft>true</isLeft>
					<name>Track_VT_L5</name>
				</node>
				<node>
					<isLeft>true</isLeft>
					<name>Track_VT_L6</name>
				</node>
				<node>
					<isLeft>true</isLeft>
					<name>Track_VT_L7</name>
					<offset>
						-0.048
						<!--BW_String-->
					</offset>
				</node>
				<node>
					<isLeft>true</isLeft>
					<name>Track_VD_L0</name>
				</node>
				<node>
					<isLeft>false</isLeft>
					<name>Track_VD_R0</name>
				</node>
				<node>
					<isLeft>true</isLeft>
					<name>Track_VD_L1</name>
				</node>
				<node>
					<isLeft>false</isLeft>
					<name>Track_VD_R1</name>
				</node>
			</trackNodes>
			<physicalTracks>
				<left>
					<segmentsCount>240</segmentsCount>
					<segmentsOuterThickness>
						0.1
						<!--BW_String-->
					</segmentsOuterThickness>
					<segmentsInnerThickness>
						-0.0174231
						<!--BW_String-->
					</segmentsInnerThickness>
					<segmentsPlaneOffset>
						-1.47813
						<!--BW_String-->
					</segmentsPlaneOffset>
					<springsLength>
						<backwardMovement>
							<back>
								0.0666142
								<!--BW_String-->
							</back>
							<top>
								0.0566705
								<!--BW_String-->
							</top>
							<front>
								0.0593479
								<!--BW_String-->
							</front>
							<bottom>
								0.0119731
								<!--BW_String-->
							</bottom>
						</backwardMovement>
						<forwardMovement>
							<back>
								0.0583726
								<!--BW_String-->
							</back>
							<top>
								0.0630666
								<!--BW_String-->
							</top>
							<front>
								0.0665256
								<!--BW_String-->
							</front>
							<bottom>
								0.0115287
								<!--BW_String-->
							</bottom>
						</forwardMovement>
					</springsLength>
					<mainSegment>
						<model>vehicles/american/A11_T29/track/left_01.model</model>
						<length>
							0.0768737
							<!--BW_String-->
						</length>
					</mainSegment>
					<secSegment>
						<model>vehicles/american/A11_T29/track/left_02.model</model>
						<length>
							0.0735292
							<!--BW_String-->
						</length>
					</secSegment>
					<collisionHull>
						<bottom/>
						<top>
							<part>
								<xStart>
									-3.63281
									<!--BW_String-->
								</xStart>
								<xStep>
									0.0384369
									<!--BW_String-->
								</xStep>
								<ySamples>
									1.27105 1.30122 1.32247 1.33677 1.35108 1.36537 1.37967 1.39396 1.39686 1.39686 1.39686 1.39686 1.39686 1.39687 1.39687 1.39687 1.39687 1.39687 1.39687 1.39687 1.39687 1.39687 1.39687 1.39687 1.39687 1.39687 1.3969 1.39693 1.39696 1.39699 1.39702 1.39705 1.39708 1.39712 1.39715 1.39718 1.39721 1.39724 1.39727 1.3973 1.39733 1.39737 1.3974 1.39743 1.39746 1.39749 1.39752 1.39755 1.39759 1.39762 1.39765 1.39768 1.39771 1.39774 1.39777 1.39781 1.39781 1.39781 1.39781 1.39781 1.39781 1.39781 1.39781 1.39781 1.39782 1.39782 1.39782 1.39782 1.39782 1.39782 1.39772 1.39701 1.3963 1.3956 1.39489 1.39418 1.39348 1.39403 1.3947 1.39538 1.39607 1.39675 1.39743 1.39811 1.39878 1.3993 1.39982 1.40034 1.40085 1.40122 1.40124 1.40127 1.4013 1.40132 1.40135 1.40138 1.40141 1.40143 1.40146 1.40149 1.40152 1.40154 1.40157 1.4016 1.40139 1.40079 1.40018 1.39958 1.39898 1.39838 1.39778 1.39718 1.39663 1.39618 1.39574 1.39529 1.39484 1.3944 1.39395 1.39351 1.39306 1.39261 1.39217 1.39172 1.39127 1.39164 1.39226 1.39287 1.39349 1.3941 1.39472 1.39534 1.39595 1.39657 1.39718 1.3978 1.39842 1.39869 1.39872 1.39876 1.3988 1.39883 1.39887 1.39891 1.39894 1.39898 1.39901 1.39905 1.39909 1.39912 1.39916 1.39919 1.3991 1.397 1.3949 1.3928 1.39102 1.39 1.38898 1.38796 1.387 1.3861 1.38519 1.38429 1.38338 1.38247 1.38157 1.38066 1.37976 1.37885 1.37796 1.37707 1.37638 1.37569 1.37499 1.3743 1.37361 1.37305 1.37243 1.37173 1.37104 1.37035 1.36966 1.35947 1.34385 1.32794 1.30783 1.28776
									<!--BW_String-->
								</ySamples>
							</part>
						</top>
					</collisionHull>
					<bottomWheels>
						<wheel>WD_L8</wheel>
						<wheel>W_L7</wheel>
						<wheel>W_L6</wheel>
						<wheel>W_L5</wheel>
						<wheel>W_L4</wheel>
						<wheel>W_L3</wheel>
						<wheel>W_L2</wheel>
						<wheel>W_L1</wheel>
						<wheel>W_L0</wheel>
						<wheel>WD_L0</wheel>
					</bottomWheels>
					<snapWheels>
						<topFront>
							<wheelName>WD_L0</wheelName>
							<basePos>
								3.21109 0.845799
								<!--BW_String-->
							</basePos>
							<shiftVec>
								0.326999 0.0398699
								<!--BW_String-->
							</shiftVec>
							<jointIdx>19</jointIdx>
						</topFront>
						<topBack>
							<wheelName>WD_L8</wheelName>
							<basePos>
								-3.28327 0.930935
								<!--BW_String-->
							</basePos>
							<shiftVec>
								-0.31367 0.0426665
								<!--BW_String-->
							</shiftVec>
							<jointIdx>135</jointIdx>
						</topBack>
						<bottomBack>
							<wheelName>W_L7</wheelName>
							<basePos>
								-2.57148 0.390373
								<!--BW_String-->
							</basePos>
							<shiftVec>
								-0.0214655 -0.327063
								<!--BW_String-->
							</shiftVec>
							<jointIdx>157</jointIdx>
						</bottomBack>
						<bottomFront>
							<wheelName>W_L0</wheelName>
							<basePos>
								2.66974 0.390373
								<!--BW_String-->
							</basePos>
							<shiftVec>
								0.0374508 -0.32562
								<!--BW_String-->
							</shiftVec>
							<jointIdx>0</jointIdx>
						</bottomFront>
					</snapWheels>
					<radiusOverrides>
						<wheel>
							<name>WD_L8</name>
							<radius>0.315126</radius>
						</wheel>
						<wheel>
							<name>WD_L0</name>
							<radius>0.328044</radius>
						</wheel>
					</radiusOverrides>
					<teethSyncs>
						<syncWithMainModel>true</syncWithMainModel>
						<segmentSyncPivotOffset>
							-1.47979
							<!--BW_String-->
						</segmentSyncPivotOffset>
						<sync>
							<name>WD_L8</name>
							<startAngle>
								-3.10368
								<!--BW_String-->
							</startAngle>
							<teethCount>15</teethCount>
						</sync>
						<sync>
							<name>WD_L0</name>
							<startAngle>
								-0.05978
								<!--BW_String-->
							</startAngle>
							<teethCount>15</teethCount>
						</sync>
					</teethSyncs>
					<sourceCollisionHullPoints>
						<top>
							<range>
								<point>
									-1.47361 1.35834 -3.6328
									<!--BW_String-->
								</point>
								<point>
									-1.47361 1.38851 -3.59436
									<!--BW_String-->
								</point>
								<point>
									-1.47361 1.40976 -3.55593
									<!--BW_String-->
								</point>
								<point>
									-1.47361 1.42406 -3.51749
									<!--BW_String-->
								</point>
								<point>
									-1.47361 1.43836 -3.47905
									<!--BW_String-->
								</point>
								<point>
									-1.47361 1.45266 -3.44061
									<!--BW_String-->
								</point>
								<point>
									-1.47361 1.46696 -3.40218
									<!--BW_String-->
								</point>
								<point>
									-1.47361 1.48125 -3.36374
									<!--BW_String-->
								</point>
								<point>
									-1.47361 1.48415 -3.3253
									<!--BW_String-->
								</point>
								<point>
									-1.47361 1.48415 -3.28687
									<!--BW_String-->
								</point>
								<point>
									-1.47361 1.48415 -3.24843
									<!--BW_String-->
								</point>
								<point>
									-1.47361 1.48415 -3.20999
									<!--BW_String-->
								</point>
								<point>
									-1.47361 1.48415 -3.17156
									<!--BW_String-->
								</point>
								<point>
									-1.47361 1.48415 -3.13312
									<!--BW_String-->
								</point>
								<point>
									-1.47361 1.48416 -3.09468
									<!--BW_String-->
								</point>
								<point>
									-1.47361 1.48416 -3.05625
									<!--BW_String-->
								</point>
								<point>
									-1.47361 1.48416 -3.01781
									<!--BW_String-->
								</point>
								<point>
									-1.47361 1.48416 -2.97937
									<!--BW_String-->
								</point>
								<point>
									-1.47361 1.48416 -2.94094
									<!--BW_String-->
								</point>
								<point>
									-1.47361 1.48416 -2.9025
									<!--BW_String-->
								</point>
								<point>
									-1.47361 1.48416 -2.86406
									<!--BW_String-->
								</point>
								<point>
									-1.47361 1.48416 -2.82562
									<!--BW_String-->
								</point>
								<point>
									-1.47361 1.48416 -2.78719
									<!--BW_String-->
								</point>
								<point>
									-1.47361 1.48416 -2.74875
									<!--BW_String-->
								</point>
								<point>
									-1.47361 1.48416 -2.71031
									<!--BW_String-->
								</point>
								<point>
									-1.47361 1.48416 -2.67188
									<!--BW_String-->
								</point>
								<point>
									-1.47361 1.48419 -2.63344
									<!--BW_String-->
								</point>
								<point>
									-1.47361 1.48422 -2.595
									<!--BW_String-->
								</point>
								<point>
									-1.47361 1.48425 -2.55657
									<!--BW_String-->
								</point>
								<point>
									-1.47361 1.48428 -2.51813
									<!--BW_String-->
								</point>
								<point>
									-1.47361 1.48431 -2.47969
									<!--BW_String-->
								</point>
								<point>
									-1.47361 1.48434 -2.44126
									<!--BW_String-->
								</point>
								<point>
									-1.47361 1.48437 -2.40282
									<!--BW_String-->
								</point>
								<point>
									-1.47361 1.4844 -2.36438
									<!--BW_String-->
								</point>
								<point>
									-1.47361 1.48444 -2.32595
									<!--BW_String-->
								</point>
								<point>
									-1.47361 1.48447 -2.28751
									<!--BW_String-->
								</point>
								<point>
									-1.47361 1.4845 -2.24907
									<!--BW_String-->
								</point>
								<point>
									-1.47361 1.48453 -2.21063
									<!--BW_String-->
								</point>
								<point>
									-1.47361 1.48456 -2.1722
									<!--BW_String-->
								</point>
								<point>
									-1.47361 1.48459 -2.13376
									<!--BW_String-->
								</point>
								<point>
									-1.47361 1.48462 -2.09532
									<!--BW_String-->
								</point>
								<point>
									-1.47361 1.48466 -2.05689
									<!--BW_String-->
								</point>
								<point>
									-1.47361 1.48469 -2.01845
									<!--BW_String-->
								</point>
								<point>
									-1.47361 1.48472 -1.98001
									<!--BW_String-->
								</point>
								<point>
									-1.47361 1.48475 -1.94158
									<!--BW_String-->
								</point>
								<point>
									-1.47361 1.48478 -1.90314
									<!--BW_String-->
								</point>
								<point>
									-1.47361 1.48481 -1.8647
									<!--BW_String-->
								</point>
								<point>
									-1.47361 1.48484 -1.82627
									<!--BW_String-->
								</point>
								<point>
									-1.47361 1.48488 -1.78783
									<!--BW_String-->
								</point>
								<point>
									-1.47361 1.48491 -1.74939
									<!--BW_String-->
								</point>
								<point>
									-1.47361 1.48494 -1.71096
									<!--BW_String-->
								</point>
								<point>
									-1.47361 1.48497 -1.67252
									<!--BW_String-->
								</point>
								<point>
									-1.47361 1.485 -1.63408
									<!--BW_String-->
								</point>
								<point>
									-1.47361 1.48503 -1.59564
									<!--BW_String-->
								</point>
								<point>
									-1.47361 1.48506 -1.55721
									<!--BW_String-->
								</point>
								<point>
									-1.47361 1.48509 -1.51877
									<!--BW_String-->
								</point>
								<point>
									-1.47361 1.4851 -1.48033
									<!--BW_String-->
								</point>
								<point>
									-1.47361 1.4851 -1.4419
									<!--BW_String-->
								</point>
								<point>
									-1.47361 1.4851 -1.40346
									<!--BW_String-->
								</point>
								<point>
									-1.47361 1.4851 -1.36502
									<!--BW_String-->
								</point>
								<point>
									-1.47361 1.4851 -1.32659
									<!--BW_String-->
								</point>
								<point>
									-1.47361 1.4851 -1.28815
									<!--BW_String-->
								</point>
								<point>
									-1.47361 1.4851 -1.24971
									<!--BW_String-->
								</point>
								<point>
									-1.47361 1.4851 -1.21128
									<!--BW_String-->
								</point>
								<point>
									-1.47361 1.4851 -1.17284
									<!--BW_String-->
								</point>
								<point>
									-1.47361 1.48511 -1.1344
									<!--BW_String-->
								</point>
								<point>
									-1.47361 1.48511 -1.09597
									<!--BW_String-->
								</point>
								<point>
									-1.47361 1.48511 -1.05753
									<!--BW_String-->
								</point>
								<point>
									-1.47361 1.48511 -1.01909
									<!--BW_String-->
								</point>
								<point>
									-1.47361 1.48511 -0.980655
									<!--BW_String-->
								</point>
								<point>
									-1.71361 1.485 -0.942218
									<!--BW_String-->
								</point>
								<point>
									-1.71361 1.4843 -0.903781
									<!--BW_String-->
								</point>
								<point>
									-1.71361 1.48359 -0.865344
									<!--BW_String-->
								</point>
								<point>
									-1.71361 1.48288 -0.826907
									<!--BW_String-->
								</point>
								<point>
									-1.71361 1.48217 -0.78847
									<!--BW_String-->
								</point>
								<point>
									-1.71361 1.48147 -0.750033
									<!--BW_String-->
								</point>
								<point>
									-1.71361 1.48077 -0.711597
									<!--BW_String-->
								</point>
								<point>
									-1.71361 1.48131 -0.67316
									<!--BW_String-->
								</point>
								<point>
									-1.71361 1.48198 -0.634723
									<!--BW_String-->
								</point>
								<point>
									-1.71361 1.48267 -0.596286
									<!--BW_String-->
								</point>
								<point>
									-1.71361 1.48335 -0.557849
									<!--BW_String-->
								</point>
								<point>
									-1.71361 1.48403 -0.519412
									<!--BW_String-->
								</point>
								<point>
									-1.71361 1.48472 -0.480975
									<!--BW_String-->
								</point>
								<point>
									-1.71361 1.4854 -0.442538
									<!--BW_String-->
								</point>
								<point>
									-1.71361 1.48607 -0.404101
									<!--BW_String-->
								</point>
								<point>
									-1.71361 1.48659 -0.365665
									<!--BW_String-->
								</point>
								<point>
									-1.71361 1.4871 -0.327228
									<!--BW_String-->
								</point>
								<point>
									-1.71361 1.48762 -0.288791
									<!--BW_String-->
								</point>
								<point>
									-1.71361 1.48814 -0.250354
									<!--BW_String-->
								</point>
								<point>
									-1.47361 1.4885 -0.211917
									<!--BW_String-->
								</point>
								<point>
									-1.47361 1.48853 -0.17348
									<!--BW_String-->
								</point>
								<point>
									-1.47361 1.48856 -0.135043
									<!--BW_String-->
								</point>
								<point>
									-1.47361 1.48859 -0.0966064
									<!--BW_String-->
								</point>
								<point>
									-1.47361 1.48861 -0.0581695
									<!--BW_String-->
								</point>
								<point>
									-1.47361 1.48864 -0.0197326
									<!--BW_String-->
								</point>
								<point>
									-1.47361 1.48867 0.0187043
									<!--BW_String-->
								</point>
								<point>
									-1.47361 1.4887 0.0571412
									<!--BW_String-->
								</point>
								<point>
									-1.47361 1.48872 0.0955776
									<!--BW_String-->
								</point>
								<point>
									-1.47361 1.48875 0.134015
									<!--BW_String-->
								</point>
								<point>
									-1.47361 1.48878 0.172451
									<!--BW_String-->
								</point>
								<point>
									-1.47361 1.4888 0.210888
									<!--BW_String-->
								</point>
								<point>
									-1.47361 1.48883 0.249325
									<!--BW_String-->
								</point>
								<point>
									-1.47361 1.48886 0.287762
									<!--BW_String-->
								</point>
								<point>
									-1.47361 1.48889 0.326199
									<!--BW_String-->
								</point>
								<point>
									-1.47361 1.48868 0.364636
									<!--BW_String-->
								</point>
								<point>
									-1.47361 1.48807 0.403073
									<!--BW_String-->
								</point>
								<point>
									-1.47361 1.48747 0.44151
									<!--BW_String-->
								</point>
								<point>
									-1.47361 1.48687 0.479946
									<!--BW_String-->
								</point>
								<point>
									-1.47361 1.48627 0.518383
									<!--BW_String-->
								</point>
								<point>
									-1.47361 1.48567 0.55682
									<!--BW_String-->
								</point>
								<point>
									-1.47361 1.48507 0.595257
									<!--BW_String-->
								</point>
								<point>
									-1.47361 1.48446 0.633694
									<!--BW_String-->
								</point>
								<point>
									-1.71361 1.48392 0.672131
									<!--BW_String-->
								</point>
								<point>
									-1.71361 1.48347 0.710568
									<!--BW_String-->
								</point>
								<point>
									-1.71361 1.48302 0.749005
									<!--BW_String-->
								</point>
								<point>
									-1.71361 1.48258 0.787442
									<!--BW_String-->
								</point>
								<point>
									-1.71361 1.48213 0.825879
									<!--BW_String-->
								</point>
								<point>
									-1.71361 1.48168 0.864315
									<!--BW_String-->
								</point>
								<point>
									-1.71361 1.48124 0.902752
									<!--BW_String-->
								</point>
								<point>
									-1.71361 1.48079 0.941189
									<!--BW_String-->
								</point>
								<point>
									-1.71361 1.48035 0.979626
									<!--BW_String-->
								</point>
								<point>
									-1.71361 1.4799 1.01806
									<!--BW_String-->
								</point>
								<point>
									-1.71361 1.47945 1.0565
									<!--BW_String-->
								</point>
								<point>
									-1.71361 1.47901 1.09494
									<!--BW_String-->
								</point>
								<point>
									-1.71361 1.47856 1.13337
									<!--BW_String-->
								</point>
								<point>
									-1.71361 1.47893 1.17181
									<!--BW_String-->
								</point>
								<point>
									-1.71361 1.47954 1.21025
									<!--BW_String-->
								</point>
								<point>
									-1.71361 1.48016 1.24868
									<!--BW_String-->
								</point>
								<point>
									-1.71361 1.48077 1.28712
									<!--BW_String-->
								</point>
								<point>
									-1.71361 1.48139 1.32556
									<!--BW_String-->
								</point>
								<point>
									-1.71361 1.48201 1.364
									<!--BW_String-->
								</point>
								<point>
									-1.71361 1.48262 1.40243
									<!--BW_String-->
								</point>
								<point>
									-1.71361 1.48324 1.44087
									<!--BW_String-->
								</point>
								<point>
									-1.71361 1.48385 1.47931
									<!--BW_String-->
								</point>
								<point>
									-1.71361 1.48447 1.51774
									<!--BW_String-->
								</point>
								<point>
									-1.71361 1.48509 1.55618
									<!--BW_String-->
								</point>
								<point>
									-1.71361 1.4857 1.59462
									<!--BW_String-->
								</point>
								<point>
									-1.47361 1.48598 1.63305
									<!--BW_String-->
								</point>
								<point>
									-1.47361 1.48601 1.67149
									<!--BW_String-->
								</point>
								<point>
									-1.47361 1.48605 1.70993
									<!--BW_String-->
								</point>
								<point>
									-1.47361 1.48609 1.74836
									<!--BW_String-->
								</point>
								<point>
									-1.47361 1.48612 1.7868
									<!--BW_String-->
								</point>
								<point>
									-1.47361 1.48616 1.82524
									<!--BW_String-->
								</point>
								<point>
									-1.47361 1.48619 1.86367
									<!--BW_String-->
								</point>
								<point>
									-1.47361 1.48623 1.90211
									<!--BW_String-->
								</point>
								<point>
									-1.47361 1.48627 1.94055
									<!--BW_String-->
								</point>
								<point>
									-1.47361 1.4863 1.97898
									<!--BW_String-->
								</point>
								<point>
									-1.47361 1.48634 2.01742
									<!--BW_String-->
								</point>
								<point>
									-1.47361 1.48638 2.05586
									<!--BW_String-->
								</point>
								<point>
									-1.47361 1.48641 2.09429
									<!--BW_String-->
								</point>
								<point>
									-1.47361 1.48645 2.13273
									<!--BW_String-->
								</point>
								<point>
									-1.47361 1.48648 2.17117
									<!--BW_String-->
								</point>
								<point>
									-1.71361 1.48639 2.20961
									<!--BW_String-->
								</point>
								<point>
									-1.71361 1.48429 2.24804
									<!--BW_String-->
								</point>
								<point>
									-1.71361 1.48219 2.28648
									<!--BW_String-->
								</point>
								<point>
									-1.71361 1.48008 2.32492
									<!--BW_String-->
								</point>
								<point>
									-1.71361 1.47831 2.36335
									<!--BW_String-->
								</point>
								<point>
									-1.71361 1.47729 2.40179
									<!--BW_String-->
								</point>
								<point>
									-1.71361 1.47627 2.44023
									<!--BW_String-->
								</point>
								<point>
									-1.71361 1.47525 2.47866
									<!--BW_String-->
								</point>
								<point>
									-1.71361 1.47429 2.5171
									<!--BW_String-->
								</point>
								<point>
									-1.71361 1.47338 2.55554
									<!--BW_String-->
								</point>
								<point>
									-1.71361 1.47248 2.59397
									<!--BW_String-->
								</point>
								<point>
									-1.71361 1.47157 2.63241
									<!--BW_String-->
								</point>
								<point>
									-1.71361 1.47067 2.67085
									<!--BW_String-->
								</point>
								<point>
									-1.71361 1.46976 2.70929
									<!--BW_String-->
								</point>
								<point>
									-1.71361 1.46885 2.74772
									<!--BW_String-->
								</point>
								<point>
									-1.71361 1.46795 2.78616
									<!--BW_String-->
								</point>
								<point>
									-1.71361 1.46704 2.8246
									<!--BW_String-->
								</point>
								<point>
									-1.71361 1.46614 2.86303
									<!--BW_String-->
								</point>
								<point>
									-1.71361 1.46525 2.90147
									<!--BW_String-->
								</point>
								<point>
									-1.71361 1.46435 2.93991
									<!--BW_String-->
								</point>
								<point>
									-1.70361 1.46366 2.97834
									<!--BW_String-->
								</point>
								<point>
									-1.69361 1.46297 3.01678
									<!--BW_String-->
								</point>
								<point>
									-1.68361 1.46228 3.05522
									<!--BW_String-->
								</point>
								<point>
									-1.67361 1.46159 3.09365
									<!--BW_String-->
								</point>
								<point>
									-1.66361 1.4609 3.13209
									<!--BW_String-->
								</point>
								<point>
									-1.65361 1.46034 3.17053
									<!--BW_String-->
								</point>
								<point>
									-1.63361 1.45971 3.20896
									<!--BW_String-->
								</point>
								<point>
									-1.62361 1.45902 3.2474
									<!--BW_String-->
								</point>
								<point>
									-1.61361 1.45833 3.28584
									<!--BW_String-->
								</point>
								<point>
									-1.60361 1.45764 3.32428
									<!--BW_String-->
								</point>
								<point>
									-1.59361 1.45695 3.36271
									<!--BW_String-->
								</point>
								<point>
									-1.57361 1.44675 3.40115
									<!--BW_String-->
								</point>
								<point>
									-1.56361 1.43114 3.43959
									<!--BW_String-->
								</point>
								<point>
									-1.54361 1.41523 3.47802
									<!--BW_String-->
								</point>
								<point>
									-1.54361 1.39512 3.51646
									<!--BW_String-->
								</point>
								<point>
									-1.53361 1.37505 3.5549
									<!--BW_String-->
								</point>
							</range>
						</top>
						<bottom/>
					</sourceCollisionHullPoints>
				</left>
				<right>
					<segmentsCount>240</segmentsCount>
					<segmentsOuterThickness>
						0.1
						<!--BW_String-->
					</segmentsOuterThickness>
					<segmentsInnerThickness>
						-0.0176164
						<!--BW_String-->
					</segmentsInnerThickness>
					<segmentsPlaneOffset>
						1.47813
						<!--BW_String-->
					</segmentsPlaneOffset>
					<springsLength>
						<backwardMovement>
							<back>
								0.0666142
								<!--BW_String-->
							</back>
							<top>
								0.0566705
								<!--BW_String-->
							</top>
							<front>
								0.0593479
								<!--BW_String-->
							</front>
							<bottom>
								0.0119731
								<!--BW_String-->
							</bottom>
						</backwardMovement>
						<forwardMovement>
							<back>
								0.0583726
								<!--BW_String-->
							</back>
							<top>
								0.0630666
								<!--BW_String-->
							</top>
							<front>
								0.0665256
								<!--BW_String-->
							</front>
							<bottom>
								0.0115287
								<!--BW_String-->
							</bottom>
						</forwardMovement>
					</springsLength>
					<mainSegment>
						<model>vehicles/american/A11_T29/track/right_01.model</model>
						<length>
							0.0767201
							<!--BW_String-->
						</length>
					</mainSegment>
					<secSegment>
						<model>vehicles/american/A11_T29/track/right_02.model</model>
						<length>
							0.0735483
							<!--BW_String-->
						</length>
					</secSegment>
					<collisionHull>
						<bottom/>
						<top>
							<part>
								<xStart>
									-3.63888
									<!--BW_String-->
								</xStart>
								<xStep>
									0.03836
									<!--BW_String-->
								</xStep>
								<ySamples>
									1.26625 1.29639 1.32015 1.33443 1.3487 1.36297 1.37724 1.39151 1.39664 1.39629 1.39593 1.39558 1.39522 1.39487 1.39452 1.39416 1.39381 1.3937 1.39373 1.39376 1.39379 1.39383 1.39386 1.3939 1.39393 1.39397 1.394 1.39404 1.39407 1.39411 1.39414 1.39418 1.39422 1.39434 1.3945 1.39466 1.39482 1.39498 1.39514 1.3953 1.39546 1.39562 1.39578 1.39594 1.3961 1.39626 1.39639 1.39642 1.39646 1.39649 1.39652 1.39656 1.39659 1.39662 1.39666 1.39669 1.39673 1.39676 1.39679 1.39683 1.39686 1.39689 1.39693 1.39692 1.39684 1.39677 1.3967 1.39663 1.39655 1.39648 1.39641 1.39634 1.39627 1.39619 1.39612 1.39605 1.39598 1.39591 1.39583 1.39576 1.39569 1.39562 1.39554 1.39547 1.3954 1.39533 1.39526 1.39518 1.39511 1.39504 1.39497 1.3949 1.39482 1.39475 1.39468 1.39461 1.39454 1.39446 1.39442 1.39446 1.3945 1.39454 1.39458 1.39462 1.39466 1.3947 1.39474 1.39478 1.39486 1.39495 1.39504 1.39513 1.39522 1.39531 1.39539 1.39549 1.39557 1.39566 1.39575 1.39584 1.39593 1.39602 1.3961 1.39621 1.39631 1.39642 1.39652 1.39663 1.39673 1.39684 1.39694 1.39705 1.39715 1.39726 1.39736 1.39747 1.39757 1.39768 1.39779 1.39789 1.398 1.3981 1.39821 1.39831 1.39842 1.39852 1.39863 1.39873 1.39884 1.39894 1.39798 1.39492 1.39185 1.38886 1.38596 1.38584 1.38588 1.38608 1.38668 1.38729 1.38789 1.38849 1.3891 1.3897 1.3903 1.39091 1.39151 1.39211 1.39271 1.39332 1.39392 1.39452 1.39513 1.39573 1.39633 1.39694 1.39754 1.39814 1.39875 1.39935 1.3994 1.39943 1.39945 1.39948 1.38692 1.37342 1.35915 1.34338 1.31537
									<!--BW_String-->
								</ySamples>
							</part>
						</top>
					</collisionHull>
					<bottomWheels>
						<wheel>WD_R8</wheel>
						<wheel>W_R7</wheel>
						<wheel>W_R6</wheel>
						<wheel>W_R5</wheel>
						<wheel>W_R4</wheel>
						<wheel>W_R3</wheel>
						<wheel>W_R2</wheel>
						<wheel>W_R1</wheel>
						<wheel>W_R0</wheel>
						<wheel>WD_R0</wheel>
					</bottomWheels>
					<snapWheels>
						<topFront>
							<wheelName>WD_R0</wheelName>
							<basePos>
								3.21109 0.845624
								<!--BW_String-->
							</basePos>
							<shiftVec>
								0.315149 0.0951876
								<!--BW_String-->
							</shiftVec>
							<jointIdx>20</jointIdx>
						</topFront>
						<topBack>
							<wheelName>WD_R8</wheelName>
							<basePos>
								-3.28507 0.929426
								<!--BW_String-->
							</basePos>
							<shiftVec>-0.312838 0.040971</shiftVec>
							<jointIdx>135</jointIdx>
						</topBack>
						<bottomBack>
							<wheelName>W_R7</wheelName>
							<basePos>
								-2.65244 0.390351
								<!--BW_String-->
							</basePos>
							<shiftVec>
								-0.0213764 -0.326875
								<!--BW_String-->
							</shiftVec>
							<jointIdx>156</jointIdx>
						</bottomBack>
						<bottomFront>
							<wheelName>W_R0</wheelName>
							<basePos>
								2.66262 0.390352
								<!--BW_String-->
							</basePos>
							<shiftVec>
								0.0339847 -0.325806
								<!--BW_String-->
							</shiftVec>
							<jointIdx>0</jointIdx>
						</bottomFront>
					</snapWheels>
					<radiusOverrides>
						<wheel>
							<name>WD_R8</name>
							<radius>0.314075</radius>
						</wheel>
						<wheel>
							<name>WD_R0</name>
							<radius>0.327835</radius>
						</wheel>
					</radiusOverrides>
					<teethSyncs>
						<syncWithMainModel>true</syncWithMainModel>
						<segmentSyncPivotOffset>
							1.47979
							<!--BW_String-->
						</segmentSyncPivotOffset>
						<sync>
							<name>WD_R8</name>
							<startAngle>
								-3.10917
								<!--BW_String-->
							</startAngle>
							<teethCount>15</teethCount>
						</sync>
						<sync>
							<name>WD_R0</name>
							<startAngle>
								-0.0946266
								<!--BW_String-->
							</startAngle>
							<teethCount>15</teethCount>
						</sync>
					</teethSyncs>
					<sourceCollisionHullPoints>
						<top>
							<range>
								<point>
									1.47361 1.35358 -3.63887
									<!--BW_String-->
								</point>
								<point>
									1.47361 1.38371 -3.60051
									<!--BW_String-->
								</point>
								<point>
									1.47361 1.40748 -3.56215
									<!--BW_String-->
								</point>
								<point>
									1.47361 1.42175 -3.52379
									<!--BW_String-->
								</point>
								<point>
									1.47361 1.43603 -3.48543
									<!--BW_String-->
								</point>
								<point>
									1.47361 1.4503 -3.44707
									<!--BW_String-->
								</point>
								<point>
									1.47361 1.46457 -3.40871
									<!--BW_String-->
								</point>
								<point>
									1.47361 1.47883 -3.37035
									<!--BW_String-->
								</point>
								<point>
									1.47361 1.48397 -3.33199
									<!--BW_String-->
								</point>
								<point>
									1.47361 1.48361 -3.29363
									<!--BW_String-->
								</point>
								<point>
									1.47361 1.48326 -3.25527
									<!--BW_String-->
								</point>
								<point>
									1.47361 1.48291 -3.21691
									<!--BW_String-->
								</point>
								<point>
									1.47361 1.48255 -3.17855
									<!--BW_String-->
								</point>
								<point>
									1.47361 1.4822 -3.14019
									<!--BW_String-->
								</point>
								<point>
									1.47361 1.48184 -3.10183
									<!--BW_String-->
								</point>
								<point>
									1.47361 1.48149 -3.06347
									<!--BW_String-->
								</point>
								<point>
									1.47361 1.48113 -3.02511
									<!--BW_String-->
								</point>
								<point>
									1.50361 1.48102 -2.98675
									<!--BW_String-->
								</point>
								<point>
									1.57361 1.48106 -2.94839
									<!--BW_String-->
								</point>
								<point>
									1.63361 1.48109 -2.91003
									<!--BW_String-->
								</point>
								<point>
									1.70361 1.48112 -2.87167
									<!--BW_String-->
								</point>
								<point>
									1.71361 1.48116 -2.83331
									<!--BW_String-->
								</point>
								<point>
									1.71361 1.48119 -2.79495
									<!--BW_String-->
								</point>
								<point>
									1.71361 1.48123 -2.75659
									<!--BW_String-->
								</point>
								<point>
									1.71361 1.48126 -2.71823
									<!--BW_String-->
								</point>
								<point>
									1.71361 1.48129 -2.67987
									<!--BW_String-->
								</point>
								<point>
									1.71361 1.48133 -2.64151
									<!--BW_String-->
								</point>
								<point>
									1.68361 1.48136 -2.60315
									<!--BW_String-->
								</point>
								<point>
									1.64361 1.4814 -2.56479
									<!--BW_String-->
								</point>
								<point>
									1.60361 1.48144 -2.52643
									<!--BW_String-->
								</point>
								<point>
									1.56361 1.48147 -2.48807
									<!--BW_String-->
								</point>
								<point>
									1.52361 1.48151 -2.44971
									<!--BW_String-->
								</point>
								<point>
									1.48361 1.48154 -2.41135
									<!--BW_String-->
								</point>
								<point>
									1.47361 1.48167 -2.37299
									<!--BW_String-->
								</point>
								<point>
									1.47361 1.48183 -2.33463
									<!--BW_String-->
								</point>
								<point>
									1.47361 1.48199 -2.29627
									<!--BW_String-->
								</point>
								<point>
									1.47361 1.48215 -2.25791
									<!--BW_String-->
								</point>
								<point>
									1.47361 1.48231 -2.21955
									<!--BW_String-->
								</point>
								<point>
									1.47361 1.48247 -2.18119
									<!--BW_String-->
								</point>
								<point>
									1.47361 1.48263 -2.14283
									<!--BW_String-->
								</point>
								<point>
									1.47361 1.48279 -2.10447
									<!--BW_String-->
								</point>
								<point>
									1.47361 1.48295 -2.06611
									<!--BW_String-->
								</point>
								<point>
									1.47361 1.48311 -2.02775
									<!--BW_String-->
								</point>
								<point>
									1.47361 1.48327 -1.98939
									<!--BW_String-->
								</point>
								<point>
									1.47361 1.48343 -1.95103
									<!--BW_String-->
								</point>
								<point>
									1.47361 1.48359 -1.91267
									<!--BW_String-->
								</point>
								<point>
									1.47361 1.48372 -1.87431
									<!--BW_String-->
								</point>
								<point>
									1.47361 1.48375 -1.83595
									<!--BW_String-->
								</point>
								<point>
									1.47361 1.48378 -1.79759
									<!--BW_String-->
								</point>
								<point>
									1.47361 1.48382 -1.75923
									<!--BW_String-->
								</point>
								<point>
									1.47361 1.48385 -1.72087
									<!--BW_String-->
								</point>
								<point>
									1.47361 1.48388 -1.68251
									<!--BW_String-->
								</point>
								<point>
									1.47361 1.48392 -1.64415
									<!--BW_String-->
								</point>
								<point>
									1.47361 1.48395 -1.60579
									<!--BW_String-->
								</point>
								<point>
									1.47361 1.48398 -1.56743
									<!--BW_String-->
								</point>
								<point>
									1.47361 1.48402 -1.52907
									<!--BW_String-->
								</point>
								<point>
									1.47361 1.48405 -1.49071
									<!--BW_String-->
								</point>
								<point>
									1.47361 1.48409 -1.45235
									<!--BW_String-->
								</point>
								<point>
									1.47361 1.48412 -1.41399
									<!--BW_String-->
								</point>
								<point>
									1.47361 1.48415 -1.37563
									<!--BW_String-->
								</point>
								<point>
									1.47361 1.48419 -1.33727
									<!--BW_String-->
								</point>
								<point>
									1.47361 1.48422 -1.29891
									<!--BW_String-->
								</point>
								<point>
									1.47361 1.48425 -1.26055
									<!--BW_String-->
								</point>
								<point>
									1.71361 1.48424 -1.22219
									<!--BW_String-->
								</point>
								<point>
									1.71361 1.48417 -1.18383
									<!--BW_String-->
								</point>
								<point>
									1.71361 1.4841 -1.14547
									<!--BW_String-->
								</point>
								<point>
									1.71361 1.48403 -1.10711
									<!--BW_String-->
								</point>
								<point>
									1.71361 1.48396 -1.06875
									<!--BW_String-->
								</point>
								<point>
									1.71361 1.48388 -1.03039
									<!--BW_String-->
								</point>
								<point>
									1.71361 1.48381 -0.992025
									<!--BW_String-->
								</point>
								<point>
									1.71361 1.48374 -0.953665
									<!--BW_String-->
								</point>
								<point>
									1.71361 1.48367 -0.915305
									<!--BW_String-->
								</point>
								<point>
									1.71361 1.4836 -0.876945
									<!--BW_String-->
								</point>
								<point>
									1.71361 1.48352 -0.838585
									<!--BW_String-->
								</point>
								<point>
									1.71361 1.48345 -0.800225
									<!--BW_String-->
								</point>
								<point>
									1.71361 1.48338 -0.761865
									<!--BW_String-->
								</point>
								<point>
									1.71361 1.48331 -0.723505
									<!--BW_String-->
								</point>
								<point>
									1.71361 1.48323 -0.685145
									<!--BW_String-->
								</point>
								<point>
									1.71361 1.48316 -0.646784
									<!--BW_String-->
								</point>
								<point>
									1.71361 1.48309 -0.608424
									<!--BW_String-->
								</point>
								<point>
									1.71361 1.48302 -0.570065
									<!--BW_String-->
								</point>
								<point>
									1.71361 1.48295 -0.531705
									<!--BW_String-->
								</point>
								<point>
									1.71361 1.48287 -0.493344
									<!--BW_String-->
								</point>
								<point>
									1.71361 1.4828 -0.454984
									<!--BW_String-->
								</point>
								<point>
									1.71361 1.48273 -0.416624
									<!--BW_String-->
								</point>
								<point>
									1.71361 1.48266 -0.378264
									<!--BW_String-->
								</point>
								<point>
									1.71361 1.48259 -0.339904
									<!--BW_String-->
								</point>
								<point>
									1.71361 1.48251 -0.301544
									<!--BW_String-->
								</point>
								<point>
									1.71361 1.48244 -0.263184
									<!--BW_String-->
								</point>
								<point>
									1.71361 1.48237 -0.224824
									<!--BW_String-->
								</point>
								<point>
									1.71361 1.4823 -0.186464
									<!--BW_String-->
								</point>
								<point>
									1.71361 1.48222 -0.148104
									<!--BW_String-->
								</point>
								<point>
									1.71361 1.48215 -0.109744
									<!--BW_String-->
								</point>
								<point>
									1.71361 1.48208 -0.0713841
									<!--BW_String-->
								</point>
								<point>
									1.71361 1.48201 -0.033024
									<!--BW_String-->
								</point>
								<point>
									1.71361 1.48194 0.00533613
									<!--BW_String-->
								</point>
								<point>
									1.71361 1.48186 0.0436962
									<!--BW_String-->
								</point>
								<point>
									1.71361 1.48179 0.0820564
									<!--BW_String-->
								</point>
								<point>
									1.71361 1.48175 0.120416
									<!--BW_String-->
								</point>
								<point>
									1.71361 1.48179 0.158777
									<!--BW_String-->
								</point>
								<point>
									1.71361 1.48183 0.197136
									<!--BW_String-->
								</point>
								<point>
									1.71361 1.48187 0.235496
									<!--BW_String-->
								</point>
								<point>
									1.71361 1.48191 0.273856
									<!--BW_String-->
								</point>
								<point>
									1.71361 1.48195 0.312217
									<!--BW_String-->
								</point>
								<point>
									1.71361 1.48199 0.350577
									<!--BW_String-->
								</point>
								<point>
									1.71361 1.48203 0.388937
									<!--BW_String-->
								</point>
								<point>
									1.71361 1.48207 0.427297
									<!--BW_String-->
								</point>
								<point>
									1.71361 1.48211 0.465657
									<!--BW_String-->
								</point>
								<point>
									1.70361 1.48219 0.504017
									<!--BW_String-->
								</point>
								<point>
									1.68361 1.48228 0.542377
									<!--BW_String-->
								</point>
								<point>
									1.67361 1.48237 0.580737
									<!--BW_String-->
								</point>
								<point>
									1.65361 1.48246 0.619097
									<!--BW_String-->
								</point>
								<point>
									1.63361 1.48255 0.657457
									<!--BW_String-->
								</point>
								<point>
									1.62361 1.48263 0.695817
									<!--BW_String-->
								</point>
								<point>
									1.60361 1.48272 0.734177
									<!--BW_String-->
								</point>
								<point>
									1.59361 1.48281 0.772537
									<!--BW_String-->
								</point>
								<point>
									1.57361 1.4829 0.810897
									<!--BW_String-->
								</point>
								<point>
									1.55361 1.48299 0.849257
									<!--BW_String-->
								</point>
								<point>
									1.54361 1.48308 0.887617
									<!--BW_String-->
								</point>
								<point>
									1.52361 1.48316 0.925978
									<!--BW_String-->
								</point>
								<point>
									1.50361 1.48326 0.964337
									<!--BW_String-->
								</point>
								<point>
									1.49361 1.48334 1.0027
									<!--BW_String-->
								</point>
								<point>
									1.47361 1.48343 1.04106
									<!--BW_String-->
								</point>
								<point>
									1.47361 1.48353 1.07942
									<!--BW_String-->
								</point>
								<point>
									1.47361 1.48364 1.11778
									<!--BW_String-->
								</point>
								<point>
									1.47361 1.48374 1.15614
									<!--BW_String-->
								</point>
								<point>
									1.47361 1.48385 1.1945
									<!--BW_String-->
								</point>
								<point>
									1.47361 1.48395 1.23286
									<!--BW_String-->
								</point>
								<point>
									1.47361 1.48406 1.27122
									<!--BW_String-->
								</point>
								<point>
									1.47361 1.48416 1.30958
									<!--BW_String-->
								</point>
								<point>
									1.47361 1.48427 1.34794
									<!--BW_String-->
								</point>
								<point>
									1.47361 1.48437 1.3863
									<!--BW_String-->
								</point>
								<point>
									1.47361 1.48448 1.42466
									<!--BW_String-->
								</point>
								<point>
									1.47361 1.48458 1.46302
									<!--BW_String-->
								</point>
								<point>
									1.47361 1.48469 1.50138
									<!--BW_String-->
								</point>
								<point>
									1.47361 1.4848 1.53974
									<!--BW_String-->
								</point>
								<point>
									1.47361 1.4849 1.5781
									<!--BW_String-->
								</point>
								<point>
									1.47361 1.48501 1.61646
									<!--BW_String-->
								</point>
								<point>
									1.47361 1.48511 1.65482
									<!--BW_String-->
								</point>
								<point>
									1.47361 1.48522 1.69318
									<!--BW_String-->
								</point>
								<point>
									1.47361 1.48532 1.73154
									<!--BW_String-->
								</point>
								<point>
									1.47361 1.48543 1.7699
									<!--BW_String-->
								</point>
								<point>
									1.47361 1.48553 1.80826
									<!--BW_String-->
								</point>
								<point>
									1.47361 1.48564 1.84662
									<!--BW_String-->
								</point>
								<point>
									1.47361 1.48574 1.88498
									<!--BW_String-->
								</point>
								<point>
									1.47361 1.48585 1.92334
									<!--BW_String-->
								</point>
								<point>
									1.47361 1.48595 1.9617
									<!--BW_String-->
								</point>
								<point>
									1.47361 1.48606 2.00006
									<!--BW_String-->
								</point>
								<point>
									1.47361 1.48616 2.03842
									<!--BW_String-->
								</point>
								<point>
									1.47361 1.48627 2.07678
									<!--BW_String-->
								</point>
								<point>
									1.47361 1.48531 2.11514
									<!--BW_String-->
								</point>
								<point>
									1.47361 1.48224 2.1535
									<!--BW_String-->
								</point>
								<point>
									1.47361 1.47917 2.19186
									<!--BW_String-->
								</point>
								<point>
									1.55361 1.47619 2.23022
									<!--BW_String-->
								</point>
								<point>
									1.71361 1.47329 2.26858
									<!--BW_String-->
								</point>
								<point>
									1.71361 1.47317 2.30694
									<!--BW_String-->
								</point>
								<point>
									1.71361 1.47321 2.3453
									<!--BW_String-->
								</point>
								<point>
									1.71361 1.47341 2.38366
									<!--BW_String-->
								</point>
								<point>
									1.71361 1.47401 2.42202
									<!--BW_String-->
								</point>
								<point>
									1.71361 1.47462 2.46038
									<!--BW_String-->
								</point>
								<point>
									1.71361 1.47522 2.49874
									<!--BW_String-->
								</point>
								<point>
									1.71361 1.47582 2.5371
									<!--BW_String-->
								</point>
								<point>
									1.71361 1.47643 2.57546
									<!--BW_String-->
								</point>
								<point>
									1.71361 1.47703 2.61382
									<!--BW_String-->
								</point>
								<point>
									1.71361 1.47763 2.65218
									<!--BW_String-->
								</point>
								<point>
									1.71361 1.47823 2.69054
									<!--BW_String-->
								</point>
								<point>
									1.71361 1.47884 2.7289
									<!--BW_String-->
								</point>
								<point>
									1.71361 1.47944 2.76726
									<!--BW_String-->
								</point>
								<point>
									1.71361 1.48004 2.80562
									<!--BW_String-->
								</point>
								<point>
									1.71361 1.48065 2.84398
									<!--BW_String-->
								</point>
								<point>
									1.71361 1.48125 2.88234
									<!--BW_String-->
								</point>
								<point>
									1.71361 1.48185 2.9207
									<!--BW_String-->
								</point>
								<point>
									1.71361 1.48246 2.95906
									<!--BW_String-->
								</point>
								<point>
									1.71361 1.48306 2.99742
									<!--BW_String-->
								</point>
								<point>
									1.71361 1.48366 3.03578
									<!--BW_String-->
								</point>
								<point>
									1.71361 1.48426 3.07414
									<!--BW_String-->
								</point>
								<point>
									1.71361 1.48487 3.1125
									<!--BW_String-->
								</point>
								<point>
									1.71361 1.48547 3.15086
									<!--BW_String-->
								</point>
								<point>
									1.71361 1.48607 3.18922
									<!--BW_String-->
								</point>
								<point>
									1.71361 1.48668 3.22758
									<!--BW_String-->
								</point>
								<point>
									1.71361 1.48673 3.26594
									<!--BW_String-->
								</point>
								<point>
									1.71361 1.48676 3.3043
									<!--BW_String-->
								</point>
								<point>
									1.71361 1.48678 3.34266
									<!--BW_String-->
								</point>
								<point>
									1.71361 1.48681 3.38102
									<!--BW_String-->
								</point>
								<point>
									1.71361 1.47425 3.41938
									<!--BW_String-->
								</point>
								<point>
									1.62361 1.46075 3.45774
									<!--BW_String-->
								</point>
								<point>
									1.56361 1.44647 3.4961
									<!--BW_String-->
								</point>
								<point>
									1.63361 1.43071 3.53446
									<!--BW_String-->
								</point>
								<point>
									1.64361 1.4027 3.57282
									<!--BW_String-->
								</point>
							</range>
						</top>
						<bottom/>
					</sourceCollisionHullPoints>
				</right>
			</physicalTracks>
			<trackThickness>
				0.0012
				<!--BW_String-->
			</trackThickness>
			<customization>
				<customizableVehicleAreas>
					<paint/>
					<camouflage/>
				</customizableVehicleAreas>
			</customization>
		</T84E3_IGR>
	</chassis>
	<turrets0>
		<T136_IGR>
			<userString>#igr_vehicles:T136_IGR</userString>
			<tags/>
			<level>7</level>
			<price>25500</price>
			<notInShop>true</notInShop>
			<armor>
				<armor_1>178</armor_1>
				<armor_2>
					203.2
					<!--BW_String-->
				</armor_2>
				<armor_3>127</armor_3>
				<armor_4>102</armor_4>
				<armor_5>178</armor_5>
				<armor_6>38</armor_6>
				<armor_7>
					279.4
					<!--BW_String-->
				</armor_7>
				<armor_8>0</armor_8>
				<armor_9>51</armor_9>
				<armor_10>38</armor_10>
				<armor_11>
					228.6
					<!--BW_String-->
				</armor_11>
				<armor_12>
					203.2
					<!--BW_String-->
				</armor_12>
				<armor_13>
					139.7
					<!--BW_String-->
				</armor_13>
				<armor_14>
					228.6
					<!--BW_String-->
				</armor_14>
				<armor_15>
					215.9
					<!--BW_String-->
				</armor_15>
				<armor_16>
					50.8
					<!--BW_String-->
					<vehicleDamageFactor>
						0.0
						<!--BW_String-->
					</vehicleDamageFactor>
				</armor_16>
			</armor>
			<primaryArmor>armor_7 armor_3 armor_4</primaryArmor>
			<weight>9100</weight>
			<maxHealth>330</maxHealth>
			<rotationSpeed>26</rotationSpeed>
			<turretRotatorHealth>
				<maxHealth>140</maxHealth>
				<maxRegenHealth>70</maxRegenHealth>
				<repairCost>
					1.0
					<!--BW_String-->
				</repairCost>
			</turretRotatorHealth>
			<circularVisionRadius>380</circularVisionRadius>
			<surveyingDeviceHealth>
				<maxHealth>90</maxHealth>
				<maxRegenHealth>45</maxRegenHealth>
				<repairCost>
					1.0
					<!--BW_String-->
				</repairCost>
			</surveyingDeviceHealth>
			<guns>
				<_105mm_Gun_T5E1_IGR>
					shared
					<maxAmmo>63</maxAmmo>
					<reloadTime>
						11.4
						<!--BW_String-->
					</reloadTime>
					<pitchLimits>
						<minPitch>0 -15 1 -15</minPitch>
						<maxPitch>
							0 10 0.366894 10 0.415762 10 0.430556 7 0.435367 7 0.448591 5 0.468028 7 0.536874 7 0.551494 5 0.569303 7 0.569444 7 0.59711 10 0.633106 10 1 10
							<!--BW_String-->
						</maxPitch>
					</pitchLimits>
					<invisibilityFactorAtShot>
						0.22
						<!--BW_String-->
					</invisibilityFactorAtShot>
					<shotDispersionFactors>
						<turretRotation>
							0.18
							<!--BW_String-->
						</turretRotation>
						<afterShot>
							4.0
							<!--BW_String-->
						</afterShot>
						<whileGunDamaged>
							2.0
							<!--BW_String-->
						</whileGunDamaged>
					</shotDispersionFactors>
					<armor>
						<armor_1>
							279
							<vehicleDamageFactor>
								0.0
								<!--BW_String-->
							</vehicleDamageFactor>
						</armor_1>
						<armor_2>
							203
							<vehicleDamageFactor>
								0.0
								<!--BW_String-->
							</vehicleDamageFactor>
						</armor_2>
						<armor_4>
							0
							<vehicleDamageFactor>
								0.0
								<!--BW_String-->
							</vehicleDamageFactor>
						</armor_4>
						<gun>45</gun>
					</armor>
					<shotDispersionRadius>
						0.42
						<!--BW_String-->
					</shotDispersionRadius>
					<aimingTime>
						2.3
						<!--BW_String-->
					</aimingTime>
					<effects>shot_105mm</effects>
					<models>
						<undamaged>vehicles/american/A11_T29/normal/lod0/Gun_06.model</undamaged>
						<destroyed>vehicles/american/A11_T29/crash/lod0/Gun_06.model</destroyed>
						<exploded>vehicles/american/A11_T29/crash/lod0/Gun_06.model</exploded>
					</models>
					<hitTester>
						<collisionModelServer>vehicles/american/A11_T29/collision/Gun_06.model</collisionModelServer>
						<collisionModelClient>vehicles/american/A11_T29/collision_client/Gun_06.model</collisionModelClient>
					</hitTester>
					<animateEmblemSlots>true</animateEmblemSlots>
					<customization>
						<customizableVehicleAreas>
							<paint/>
							<camouflage>GUN</camouflage>
						</customizableVehicleAreas>
					</customization>
					<customizationSlots>
						<slot>
							<slotType>insigniaOnGun</slotType>
							<slotId>49000</slotId>
							<rayStart>
								0.00438442 0.000647241 2.83816
								<!--BW_String-->
							</rayStart>
							<rayEnd>
								-0.396604 -0.0118711 2.82993
								<!--BW_String-->
							</rayEnd>
							<rayUp>
								0.123 0.115 4
								<!--BW_String-->
							</rayUp>
							<size>
								0.6
								<!--BW_String-->
							</size>
							<hideIfDamaged>false</hideIfDamaged>
							<isUVProportional>true</isUVProportional>
						</slot>
					</customizationSlots>
					<camouflage>
						<tiling>
							0.415 0.415 0.000000 0.000000
							<!--BW_String-->
						</tiling>
						<density>
							99.0174 92.4049
							<!--BW_String-->
						</density>
						<aoTextureSize>512 512</aoTextureSize>
					</camouflage>
				</_105mm_Gun_T5E1_IGR>
			</guns>
			<models>
				<undamaged>vehicles/american/A11_T29/normal/lod0/Turret_02.model</undamaged>
				<destroyed>vehicles/american/A11_T29/crash/lod0/Turret_02.model</destroyed>
				<exploded>vehicles/american/A11_T29/crash/lod0/Turret_02.model</exploded>
			</models>
			<hitTester>
				<collisionModelServer>vehicles/american/A11_T29/collision/Turret_02.model</collisionModelServer>
				<collisionModelClient>vehicles/american/A11_T29/collision_client/Turret_02.model</collisionModelClient>
			</hitTester>
			<gunPosition>
				0.000000 0.474 1.2516
				<!--BW_String-->
			</gunPosition>
			<showEmblemsOnGun>false</showEmblemsOnGun>
			<physicsShape>
				0.966 -0.081 0.995 0.000 0.938 0.028 0.802 0.409 0.514 0.500 0.074 0.500 0.030 0.100 0.236
				<!--BW_String-->
			</physicsShape>
			<wwturretRotatorSoundManual>tur_mech_trav</wwturretRotatorSoundManual>
			<customization>
				<customizableVehicleAreas>
					<paint/>
					<camouflage>TURRET</camouflage>
				</customizableVehicleAreas>
			</customization>
			<customizationSlots>
				<slot>
					<slotType>inscription</slotType>
					<slotId>34000</slotId>
					<rayStart>
						-1.32212 0.639832 -0.101644
						<!--BW_String-->
					</rayStart>
					<rayEnd>
						-1.12366 0.620298 -0.0863577
						<!--BW_String-->
					</rayEnd>
					<rayUp>
						0.000000 1 0.000000
						<!--BW_String-->
					</rayUp>
					<size>
						0.78
						<!--BW_String-->
					</size>
					<hideIfDamaged>true</hideIfDamaged>
					<isUVProportional>true</isUVProportional>
				</slot>
				<slot>
					<slotType>player</slotType>
					<slotId>33000</slotId>
					<rayStart>
						-1.09261 0.847665 -2.12518
						<!--BW_String-->
					</rayStart>
					<rayEnd>
						-0.895027 0.828602 -2.1007
						<!--BW_String-->
					</rayEnd>
					<rayUp>
						0.000000 1 0.000000
						<!--BW_String-->
					</rayUp>
					<size>
						0.32
						<!--BW_String-->
					</size>
					<hideIfDamaged>false</hideIfDamaged>
					<isUVProportional>true</isUVProportional>
				</slot>
				<slot>
					<slotType>player</slotType>
					<slotId>33001</slotId>
					<rayStart>
						1.35991 0.773763 -0.0702839
						<!--BW_String-->
					</rayStart>
					<rayEnd>
						1.16065 0.756867 -0.0670421
						<!--BW_String-->
					</rayEnd>
					<rayUp>
						0.000000 1 0.000000
						<!--BW_String-->
					</rayUp>
					<size>
						0.32
						<!--BW_String-->
					</size>
					<hideIfDamaged>true</hideIfDamaged>
					<isMirrored>true</isMirrored>
					<isUVProportional>true</isUVProportional>
				</slot>
			</customizationSlots>
			<camouflage>
				<tiling>
					0.49 0.49 0.52 0.12
					<!--BW_String-->
				</tiling>
				<density>
					84.2076 84.332
					<!--BW_String-->
				</density>
				<aoTextureSize>512 512</aoTextureSize>
			</camouflage>
		</T136_IGR>
	</turrets0>
	<engines>
		<Continental_AV-1790-3_IGR>shared</Continental_AV-1790-3_IGR>
	</engines>
	<fuelTanks>
		<Large>shared</Large>
	</fuelTanks>
	<radios>
		<SCR_528_IGR>shared</SCR_528_IGR>
	</radios>
	<physics>
		<detailed>
			<engines>
				<Continental_AV-1790-3_IGR>
					<smplEnginePower>
						845.8249
						<!--BW_String-->
					</smplEnginePower>
					<smplFwMaxSpeed>35</smplFwMaxSpeed>
				</Continental_AV-1790-3_IGR>
			</engines>
			<chassis>
				<T84E3_IGR>
					<grounds>
						<soft>
							<rollingFriction>
								0.2093
								<!--BW_String-->
							</rollingFriction>
						</soft>
						<medium>
							<rollingFriction>
								0.12075
								<!--BW_String-->
							</rollingFriction>
						</medium>
						<firm>
							<rollingFriction>
								0.08855
								<!--BW_String-->
							</rollingFriction>
						</firm>
					</grounds>
				</T84E3_IGR>
			</chassis>
		</detailed>
	</physics>
	<clientAdjustmentFactors>
		<guns>
			<_105mm_Gun_T5E1_IGR>
				<delta>
					1.25592
					<!--BW_String-->
				</delta>
			</_105mm_Gun_T5E1_IGR>
		</guns>
		<armour>
			1.035144781
			<!--BW_String-->
		</armour>
	</clientAdjustmentFactors>
	<effects>
		<collision/>
		<damagedStateGroup>large</damagedStateGroup>
	</effects>
	<emblems>
		<default>15503</default>
		<lodDist>MEDIUM</lodDist>
		<alpha>
			0.82
			<!--BW_String-->
		</alpha>
	</emblems>
</root>
