<?xml version="1.0" encoding="utf-8"?>
<root>
	<xmlns:xmlref>http://bwt/xmlref</xmlns:xmlref>
	<crew>
		<commander/>
		<gunner/>
		<driver/>
		<radioman/>
		<loader/>
	</crew>
	<supplySlots>4 1 1 6 6 6 7 8 8 8</supplySlots>
	<speedLimits>
		<forward>72</forward>
		<backward>20</backward>
	</speedLimits>
	<invisibility>
		<moving>
			0.212
			<!--BW_String-->
		</moving>
		<still>
			0.354
			<!--BW_String-->
		</still>
		<camouflageBonus>
			0.04
			<!--BW_String-->
		</camouflageBonus>
		<firePenalty>
			0.531
			<!--BW_String-->
		</firePenalty>
	</invisibility>
	<optDevsOverrides>
		<camouflageNet>
			<invisibilityBonus>
				0.15 0.175
				<!--BW_String-->
			</invisibilityBonus>
		</camouflageNet>
		<additionalInvisibilityDevice>
			<invisibilityBonus>
				0.05 0.06
				<!--BW_String-->
			</invisibilityBonus>
		</additionalInvisibilityDevice>
	</optDevsOverrides>
	<repairCost>
		8.15
		<!--BW_String-->
	</repairCost>
	<premiumVehicleXPFactor>
		0.2
		<!--BW_String-->
	</premiumVehicleXPFactor>
	<crewXpFactor>
		1.5
		<!--BW_String-->
	</crewXpFactor>
	<camouflage>
		<priceFactor>
			1.4
			<!--BW_String-->
		</priceFactor>
		<tiling>1 1 0 0</tiling>
		<exclusionMask/>
		<density>1 1</density>
	</camouflage>
	<hull>
		<armor>
			<armor_1>
				12.7
				<!--BW_String-->
			</armor_1>
			<armor_2>
				12.7
				<!--BW_String-->
			</armor_2>
			<armor_3>
				12.7
				<!--BW_String-->
			</armor_3>
			<armor_4>
				12.7
				<!--BW_String-->
			</armor_4>
			<armor_5>
				7.9
				<!--BW_String-->
			</armor_5>
			<armor_6>
				4.8
				<!--BW_String-->
			</armor_6>
			<armor_7>
				12.7
				<!--BW_String-->
			</armor_7>
		</armor>
		<primaryArmor>armor_1 armor_3 armor_4</primaryArmor>
		<weight>9003</weight>
		<maxHealth>640</maxHealth>
		<ammoBayHealth>
			<maxHealth>200</maxHealth>
			<maxRegenHealth>135</maxRegenHealth>
			<repairCost>
				1.0
				<!--BW_String-->
			</repairCost>
		</ammoBayHealth>
		<models>
			<undamaged>vehicles/american/A130_Super_Hellcat/normal/lod0/Hull.model</undamaged>
			<destroyed>vehicles/american/A130_Super_Hellcat/crash/lod0/Hull.model</destroyed>
			<exploded>vehicles/american/A130_Super_Hellcat/crash/lod0/Hull.model</exploded>
		</models>
		<swinging>
			<lodDist>FAR</lodDist>
			<pitchParams>
				0.24 36.00 0.40 1.00 0.05 0.32
				<!--BW_String-->
			</pitchParams>
			<rollParams>
				1.00 0.24 36.00 0.40 1.00 0.05 0.32
				<!--BW_String-->
			</rollParams>
			<sensitivityToImpulse>
				0.32
				<!--BW_String-->
			</sensitivityToImpulse>
		</swinging>
		<exhaust>
			<pixie>gas_medium</pixie>
			<nodes>HP_Track_Exhaus_1 HP_Track_Exhaus_2 HP_Track_Exhaus_3 HP_Track_Exhaus_4</nodes>
		</exhaust>
		<turretPositions>
			<turret>
				0.000000 0.59169 0.077592
				<!--BW_String-->
			</turret>
		</turretPositions>
		<hitTester>
			<collisionModelServer>vehicles/american/A130_Super_Hellcat/collision/Hull.model</collisionModelServer>
			<collisionModelClient>vehicles/american/A130_Super_Hellcat/collision_client/Hull.model</collisionModelClient>
		</hitTester>
		<hangarShadowTexture>vehicles/american/A130_Super_Hellcat/Super_Hellcat_HangarShadowMap.dds</hangarShadowTexture>
		<customization>
			<customizableVehicleAreas>
				<paint>HULL</paint>
				<camouflage>HULL</camouflage>
			</customizableVehicleAreas>
		</customization>
		<customizationSlots>
			<slot>
				<slotType>clan</slotType>
				<slotId>10000</slotId>
				<rayStart>
					-0.914123 0.707857 1.97032
					<!--BW_String-->
				</rayStart>
				<rayEnd>
					-0.914123 0.34599 1.79986
					<!--BW_String-->
				</rayEnd>
				<rayUp>
					0.000000 0.000000 -1
					<!--BW_String-->
				</rayUp>
				<size>
					0.26
					<!--BW_String-->
				</size>
				<hideIfDamaged>true</hideIfDamaged>
				<isUVProportional>true</isUVProportional>
			</slot>
			<slot>
				<slotType>paint</slotType>
				<slotId>11000</slotId>
				<anchorPosition>
					0.000000 0.647732 1.95017
					<!--BW_String-->
				</anchorPosition>
				<anchorDirection>0.000000 0.315209 0.949022</anchorDirection>
			</slot>
			<slot>
				<slotType>camouflage</slotType>
				<slotId>12000</slotId>
				<anchorPosition>
					0.000000 0.647732 1.95017
					<!--BW_String-->
				</anchorPosition>
				<anchorDirection>0.000000 0.315209 0.949022</anchorDirection>
			</slot>
		</customizationSlots>
		<camouflage>
			<tiling>
				1.3 1.3 0.000000 0.000000
				<!--BW_String-->
			</tiling>
			<density>
				130.635 130.946
				<!--BW_String-->
			</density>
			<aoTextureSize>1024 1024</aoTextureSize>
		</camouflage>
	</hull>
	<chassis>
		<Chassis_A130_Super_Hellcat>
			<userString>#usa_vehicles:Chassis_A130_Super_Hellcat</userString>
			<tags/>
			<level>7</level>
			<price>20000</price>
			<notInShop>true</notInShop>
			<armor>
				<leftTrack>20</leftTrack>
				<rightTrack>20</rightTrack>
			</armor>
			<weight>4000</weight>
			<maxLoad>22000</maxLoad>
			<terrainResistance>
				1 1.2 2.1
				<!--BW_String-->
			</terrainResistance>
			<brakeForce>20000</brakeForce>
			<rotationIsAroundCenter>true</rotationIsAroundCenter>
			<rotationSpeed>34</rotationSpeed>
			<shotDispersionFactors>
				<vehicleMovement>
					0.23
					<!--BW_String-->
				</vehicleMovement>
				<vehicleRotation>
					0.23
					<!--BW_String-->
				</vehicleRotation>
			</shotDispersionFactors>
			<bulkHealthFactor>
				3.0
				<!--BW_String-->
			</bulkHealthFactor>
			<maxHealth>140</maxHealth>
			<maxRegenHealth>105</maxRegenHealth>
			<repairCost>
				5.0
				<!--BW_String-->
			</repairCost>
			<models>
				<undamaged>vehicles/american/A130_Super_Hellcat/normal/lod0/Chassis.model</undamaged>
				<destroyed>vehicles/american/A130_Super_Hellcat/crash/lod0/Chassis.model</destroyed>
				<exploded>vehicles/american/A130_Super_Hellcat/crash/lod0/Chassis.model</exploded>
			</models>
			<traces>
				<lodDist>FAR</lodDist>
				<bufferPrefs>mediumTank</bufferPrefs>
				<textureSet>usa_01</textureSet>
				<size>
					0.44 0.4
					<!--BW_String-->
				</size>
			</traces>
			<tracks>
				<lodDist>MEDIUM_TRACK</lodDist>
				<leftMaterial>track_mat_L_skinned</leftMaterial>
				<rightMaterial>track_mat_R_skinned</rightMaterial>
				<textureScale>
					-3.6
					<!--BW_String-->
				</textureScale>
			</tracks>
			<wheels>
				<leadingWheelSyncAngle>
					23.2258064516129
					<!--BW_String-->
				</leadingWheelSyncAngle>
				<lodDist>MEDIUM</lodDist>
				<wheel>
					<isLeft>true</isLeft>
					<isLeading>true</isLeading>
					<name>WD_L0</name>
					<radius>0.363164</radius>
					<syncAngle>
						23.2258
						<!--BW_String-->
					</syncAngle>
				</wheel>
				<group>
					<isLeft>true</isLeft>
					<template>WD_L</template>
					<radius>0.130754</radius>
					<startIndex>1</startIndex>
					<count>4</count>
				</group>
				<wheel>
					<isLeft>true</isLeft>
					<isLeading>true</isLeading>
					<name>WD_L5</name>
					<radius>0.307874</radius>
					<syncAngle>
						23.2258
						<!--BW_String-->
					</syncAngle>
				</wheel>
				<group>
					<isLeft>true</isLeft>
					<template>W_L</template>
					<radius>
						0.33694
						<!--BW_String-->
					</radius>
					<startIndex>0</startIndex>
					<count>5</count>
				</group>
				<wheel>
					<isLeft>false</isLeft>
					<isLeading>true</isLeading>
					<name>WD_R0</name>
					<radius>0.363164</radius>
					<syncAngle>
						23.2258
						<!--BW_String-->
					</syncAngle>
				</wheel>
				<group>
					<isLeft>false</isLeft>
					<template>WD_R</template>
					<radius>0.130754</radius>
					<startIndex>1</startIndex>
					<count>4</count>
				</group>
				<wheel>
					<isLeft>false</isLeft>
					<isLeading>true</isLeading>
					<name>WD_R5</name>
					<radius>0.307874</radius>
					<syncAngle>
						23.2258
						<!--BW_String-->
					</syncAngle>
				</wheel>
				<group>
					<isLeft>false</isLeft>
					<template>W_R</template>
					<radius>
						0.33694
						<!--BW_String-->
					</radius>
					<startIndex>0</startIndex>
					<count>5</count>
				</group>
			</wheels>
			<drivingWheels>WD_L0 WD_L5</drivingWheels>
			<effects>
				<lodDist>MEDIUM</lodDist>
				<mud>mediumTankMud</mud>
			</effects>
			<wwsoundPC>treads_type_pc</wwsoundPC>
			<wwsoundNPC>trds_chf_npc</wwsoundNPC>
			<hullPosition>0.000000 0.917618 0.000000</hullPosition>
			<hitTester>
				<collisionModelServer>vehicles/american/A130_Super_Hellcat/collision/Chassis.model</collisionModelServer>
				<collisionModelClient>vehicles/american/A130_Super_Hellcat/collision_client/Chassis.model</collisionModelClient>
			</hitTester>
			<topRightCarryingPoint>
				1.20096 1.49395
				<!--BW_String-->
			</topRightCarryingPoint>
			<maxClimbAngle>25</maxClimbAngle>
			<navmeshGirth>
				6.0
				<!--BW_String-->
			</navmeshGirth>
			<AODecals>
				<decal>
					<transform>
						<row0>3.918480 0.000000 -0.000000</row0>
						<row1>-0.000000 1.610890 -0.000000</row1>
						<row2>-0.000000 0.000000 5.829240</row2>
						<row3>-0.000000 -0.000000 0.000000</row3>
					</transform>
				</decal>
			</AODecals>
			<splineDesc>
				<segmentModelLeft>vehicles/american/A130_Super_Hellcat/track/segment.model</segmentModelLeft>
				<segmentModelRight>vehicles/american/A130_Super_Hellcat/track/segment.model</segmentModelRight>
				<left>vehicles/american/A130_Super_Hellcat/track/left.track</left>
				<right>vehicles/american/A130_Super_Hellcat/track/right.track</right>
				<segmentLength>
					0.125
					<!--BW_String-->
				</segmentLength>
				<segmentOffset>
					0.096
					<!--BW_String-->
				</segmentOffset>
				<lodDist>SPLINE_TRACK</lodDist>
				<atlas>
					<UTiles>1</UTiles>
					<VTiles>1</VTiles>
				</atlas>
			</splineDesc>
			<trackThickness>
				-0.002
				<!--BW_String-->
			</trackThickness>
			<trackNodes>
				<enable>true</enable>
				<linkBones>false</linkBones>
				<maxAmplitude>
					0.2
					<!--BW_String-->
				</maxAmplitude>
				<maxOffset>
					0.2
					<!--BW_String-->
				</maxOffset>
				<gravity>
					-9.8
					<!--BW_String-->
				</gravity>
				<elasticity>990</elasticity>
				<damping>2</damping>
				<node>
					<isLeft>true</isLeft>
					<name>Track_VT_L0</name>
					<forwardElastK>2</forwardElastK>
					<backwardElastK>
						0.75
						<!--BW_String-->
					</backwardElastK>
					<offset>
						-0.065
						<!--BW_String-->
					</offset>
				</node>
				<node>
					<isLeft>false</isLeft>
					<name>Track_VD_R0</name>
					<forwardElastK>
						0.75
						<!--BW_String-->
					</forwardElastK>
					<backwardElastK>
						1.5
						<!--BW_String-->
					</backwardElastK>
				</node>
				<node>
					<isLeft>true</isLeft>
					<name>Track_VT_L1</name>
					<forwardElastK>
						1.8
						<!--BW_String-->
					</forwardElastK>
					<backwardElastK>
						0.75
						<!--BW_String-->
					</backwardElastK>
					<offset>
						-0.065
						<!--BW_String-->
					</offset>
				</node>
				<node>
					<isLeft>true</isLeft>
					<name>Track_VT_L2</name>
					<forwardElastK>
						1.6
						<!--BW_String-->
					</forwardElastK>
					<backwardElastK>
						0.75
						<!--BW_String-->
					</backwardElastK>
					<offset>
						-0.065
						<!--BW_String-->
					</offset>
				</node>
				<node>
					<isLeft>true</isLeft>
					<name>Track_VT_L3</name>
					<forwardElastK>
						1.4
						<!--BW_String-->
					</forwardElastK>
					<backwardElastK>
						0.75
						<!--BW_String-->
					</backwardElastK>
					<offset>
						-0.065
						<!--BW_String-->
					</offset>
				</node>
				<node>
					<isLeft>true</isLeft>
					<name>Track_VT_L4</name>
					<forwardElastK>
						1.2
						<!--BW_String-->
					</forwardElastK>
					<backwardElastK>
						0.75
						<!--BW_String-->
					</backwardElastK>
					<offset>
						-0.065
						<!--BW_String-->
					</offset>
				</node>
				<node>
					<isLeft>true</isLeft>
					<name>Track_VD_L0</name>
					<forwardElastK>
						0.75
						<!--BW_String-->
					</forwardElastK>
					<backwardElastK>
						1.5
						<!--BW_String-->
					</backwardElastK>
				</node>
				<node>
					<isLeft>true</isLeft>
					<name>Track_VD_L1</name>
					<forwardElastK>
						0.75
						<!--BW_String-->
					</forwardElastK>
					<backwardElastK>
						1.5
						<!--BW_String-->
					</backwardElastK>
				</node>
				<node>
					<isLeft>false</isLeft>
					<name>Track_VD_R1</name>
					<forwardElastK>
						0.75
						<!--BW_String-->
					</forwardElastK>
					<backwardElastK>
						1.5
						<!--BW_String-->
					</backwardElastK>
				</node>
				<node>
					<isLeft>false</isLeft>
					<name>Track_VT_R0</name>
					<forwardElastK>2</forwardElastK>
					<backwardElastK>
						0.75
						<!--BW_String-->
					</backwardElastK>
					<offset>
						-0.065
						<!--BW_String-->
					</offset>
				</node>
				<node>
					<isLeft>false</isLeft>
					<name>Track_VT_R1</name>
					<forwardElastK>
						1.8
						<!--BW_String-->
					</forwardElastK>
					<backwardElastK>
						0.75
						<!--BW_String-->
					</backwardElastK>
					<offset>
						-0.065
						<!--BW_String-->
					</offset>
				</node>
				<node>
					<isLeft>false</isLeft>
					<name>Track_VT_R2</name>
					<forwardElastK>
						1.6
						<!--BW_String-->
					</forwardElastK>
					<backwardElastK>
						0.75
						<!--BW_String-->
					</backwardElastK>
					<offset>
						-0.065
						<!--BW_String-->
					</offset>
				</node>
				<node>
					<isLeft>false</isLeft>
					<name>Track_VT_R3</name>
					<forwardElastK>
						1.4
						<!--BW_String-->
					</forwardElastK>
					<backwardElastK>
						0.75
						<!--BW_String-->
					</backwardElastK>
					<offset>
						-0.065
						<!--BW_String-->
					</offset>
				</node>
				<node>
					<isLeft>false</isLeft>
					<name>Track_VT_R4</name>
					<forwardElastK>
						1.2
						<!--BW_String-->
					</forwardElastK>
					<backwardElastK>
						0.75
						<!--BW_String-->
					</backwardElastK>
					<offset>
						-0.065
						<!--BW_String-->
					</offset>
				</node>
			</trackNodes>
			<groundNodes>
				<group>
					<template>Track_L</template>
					<startIndex>0</startIndex>
					<count>5</count>
					<isLeft>true</isLeft>
					<minOffset>
						-0.09
						<!--BW_String-->
					</minOffset>
					<maxOffset>
						0.09
						<!--BW_String-->
					</maxOffset>
				</group>
				<group>
					<template>Track_R</template>
					<startIndex>0</startIndex>
					<count>5</count>
					<isLeft>false</isLeft>
					<minOffset>
						-0.09
						<!--BW_String-->
					</minOffset>
					<maxOffset>
						0.09
						<!--BW_String-->
					</maxOffset>
				</group>
			</groundNodes>
			<physicalTracks>
				<left>
					<segmentsCount>88</segmentsCount>
					<segmentsOuterThickness>
						0.06
						<!--BW_String-->
					</segmentsOuterThickness>
					<segmentsInnerThickness>-0.000069</segmentsInnerThickness>
					<segmentsPlaneOffset>
						-1.20096
						<!--BW_String-->
					</segmentsPlaneOffset>
					<springsLength>
						<backwardMovement>
							<back>0.123924</back>
							<top>0.122512</top>
							<front>0.112747</front>
							<bottom>0.102818</bottom>
						</backwardMovement>
						<forwardMovement>
							<back>0.111916</back>
							<top>0.112478</top>
							<front>0.124051</front>
							<bottom>0.102818</bottom>
						</forwardMovement>
					</springsLength>
					<mainSegment>
						<model>vehicles/american/A130_Super_Hellcat/track/segment.model</model>
						<length>0.123557</length>
					</mainSegment>
					<collisionHull>
						<bottom/>
						<top>
							<part>
								<xStart>
									-2.49004
									<!--BW_String-->
								</xStart>
								<xStep>
									0.0617785
									<!--BW_String-->
								</xStep>
								<ySamples>
									1.10667 1.10667 1.10667 1.10667 1.10667 1.10667 1.10667 1.10667 1.10667 1.10667 1.10667 1.10667 1.10667 1.10667 1.10667 1.10667 1.10667 1.10667 1.10667 1.10667 1.10667 1.10667 1.10667 1.10667 1.10667 1.10667 1.10667 1.10667 1.10667 1.10667 1.10667 1.10667 1.10667 1.10667 1.10667 1.10667 1.10667 1.10667 1.10667 1.10667 1.10667 1.10667 1.10667 1.10667 1.10667 1.10667 1.10667 1.10667 1.10667 1.10667 1.10667 1.10667 1.10667 1.10667 1.10667 1.10667 1.10667 1.10667 1.10667 1.10667 1.10667 1.10667 1.10667 1.10667 1.10667 1.10667 1.10667 1.10667 1.10667 1.10667 1.10667 1.10667 1.10667 1.09682 1.09681 1.09681 1.09681 1.09681 1.09681 1.09678 1.06535 0.987093
									<!--BW_String-->
								</ySamples>
							</part>
						</top>
					</collisionHull>
					<bottomWheels>
						<wheel>WD_L5</wheel>
						<wheel>W_L4</wheel>
						<wheel>W_L3</wheel>
						<wheel>W_L2</wheel>
						<wheel>W_L1</wheel>
						<wheel>W_L0</wheel>
						<wheel>WD_L0</wheel>
					</bottomWheels>
					<snapWheels>
						<topFront>
							<wheelName>WD_L0</wheelName>
							<basePos>
								2.18534 0.714369
								<!--BW_String-->
							</basePos>
							<shiftVec>0.252118 0.166245</shiftVec>
							<jointIdx>11</jointIdx>
						</topFront>
						<topBack>
							<wheelName>WD_L5</wheelName>
							<basePos>
								-2.15553 0.712016
								<!--BW_String-->
							</basePos>
							<shiftVec>
								-0.287885 0.0871449
								<!--BW_String-->
							</shiftVec>
							<jointIdx>52</jointIdx>
						</topBack>
						<bottomBack>
							<wheelName>W_L4</wheelName>
							<basePos>
								-1.49401 0.372143
								<!--BW_String-->
							</basePos>
							<shiftVec>
								0.0301515 -0.336871
								<!--BW_String-->
							</shiftVec>
							<jointIdx>63</jointIdx>
						</bottomBack>
						<bottomFront>
							<wheelName>W_L0</wheelName>
							<basePos>
								1.49799 0.372138
								<!--BW_String-->
							</basePos>
							<shiftVec>
								0.0799373 -0.327249
								<!--BW_String-->
							</shiftVec>
							<jointIdx>0</jointIdx>
						</bottomFront>
					</snapWheels>
					<radiusOverrides>
						<wheel>
							<name>WD_L5</name>
							<radius>0.299769</radius>
						</wheel>
						<wheel>
							<name>WD_L0</name>
							<radius>0.300982</radius>
						</wheel>
					</radiusOverrides>
					<teethSyncs>
						<syncWithMainModel>true</syncWithMainModel>
						<segmentSyncPivotOffset>
							-1.201
							<!--BW_String-->
						</segmentSyncPivotOffset>
						<sync>
							<name>WD_L5</name>
							<startAngle>
								2.29693
								<!--BW_String-->
							</startAngle>
							<teethCount>16</teethCount>
						</sync>
						<sync>
							<name>WD_L0</name>
							<startAngle>-0.710171</startAngle>
							<teethCount>16</teethCount>
						</sync>
					</teethSyncs>
					<sourceCollisionHullPoints>
						<top>
							<range>
								<point>
									-1.06322 1.18784 -2.48995
									<!--BW_String-->
								</point>
								<point>
									-1.06322 1.18784 -2.42817
									<!--BW_String-->
								</point>
								<point>
									-1.06322 1.18784 -2.36639
									<!--BW_String-->
								</point>
								<point>
									-1.06322 1.18784 -2.30462
									<!--BW_String-->
								</point>
								<point>
									-1.06322 1.18784 -2.24284
									<!--BW_String-->
								</point>
								<point>
									-1.06322 1.18784 -2.18106
									<!--BW_String-->
								</point>
								<point>
									-1.06322 1.18784 -2.11928
									<!--BW_String-->
								</point>
								<point>
									-1.06322 1.18784 -2.0575
									<!--BW_String-->
								</point>
								<point>
									-1.06322 1.18784 -1.99572
									<!--BW_String-->
								</point>
								<point>
									-1.06322 1.18784 -1.93394
									<!--BW_String-->
								</point>
								<point>
									-1.06322 1.18784 -1.87217
									<!--BW_String-->
								</point>
								<point>
									-1.06322 1.18784 -1.81039
									<!--BW_String-->
								</point>
								<point>
									-1.06322 1.18784 -1.74861
									<!--BW_String-->
								</point>
								<point>
									-1.06322 1.18784 -1.68683
									<!--BW_String-->
								</point>
								<point>
									-1.06322 1.18784 -1.62505
									<!--BW_String-->
								</point>
								<point>
									-1.06322 1.18784 -1.56327
									<!--BW_String-->
								</point>
								<point>
									-1.06322 1.18784 -1.50149
									<!--BW_String-->
								</point>
								<point>
									-1.06322 1.18784 -1.43972
									<!--BW_String-->
								</point>
								<point>
									-1.06322 1.18784 -1.37794
									<!--BW_String-->
								</point>
								<point>
									-1.06322 1.18784 -1.31616
									<!--BW_String-->
								</point>
								<point>
									-1.06322 1.18784 -1.25438
									<!--BW_String-->
								</point>
								<point>
									-1.06322 1.18784 -1.1926
									<!--BW_String-->
								</point>
								<point>
									-1.07322 1.18784 -1.13082
									<!--BW_String-->
								</point>
								<point>
									-1.08322 1.18784 -1.06904
									<!--BW_String-->
								</point>
								<point>
									-1.09322 1.18784 -1.00727
									<!--BW_String-->
								</point>
								<point>
									-1.09322 1.18784 -0.945488
									<!--BW_String-->
								</point>
								<point>
									-1.10322 1.18784 -0.883709
									<!--BW_String-->
								</point>
								<point>
									-1.11322 1.18784 -0.821931
									<!--BW_String-->
								</point>
								<point>
									-1.12322 1.18784 -0.760152
									<!--BW_String-->
								</point>
								<point>
									-1.12322 1.18784 -0.698374
									<!--BW_String-->
								</point>
								<point>
									-1.13322 1.18784 -0.636595
									<!--BW_String-->
								</point>
								<point>
									-1.14322 1.18784 -0.574817
									<!--BW_String-->
								</point>
								<point>
									-1.15322 1.18784 -0.513038
									<!--BW_String-->
								</point>
								<point>
									-1.16322 1.18784 -0.45126
									<!--BW_String-->
								</point>
								<point>
									-1.16322 1.18784 -0.389481
									<!--BW_String-->
								</point>
								<point>
									-1.17322 1.18784 -0.327703
									<!--BW_String-->
								</point>
								<point>
									-1.18322 1.18784 -0.265924
									<!--BW_String-->
								</point>
								<point>
									-1.19322 1.18784 -0.204146
									<!--BW_String-->
								</point>
								<point>
									-1.19322 1.18784 -0.142367
									<!--BW_String-->
								</point>
								<point>
									-1.20322 1.18784 -0.0805885
									<!--BW_String-->
								</point>
								<point>
									-1.21322 1.18784 -0.01881
									<!--BW_String-->
								</point>
								<point>
									-1.06322 1.18784 0.0429689
									<!--BW_String-->
								</point>
								<point>
									-1.22322 1.18784 0.104747
									<!--BW_String-->
								</point>
								<point>
									-1.23322 1.18784 0.166526
									<!--BW_String-->
								</point>
								<point>
									-1.24322 1.18784 0.228304
									<!--BW_String-->
								</point>
								<point>
									-1.06322 1.18784 0.290083
									<!--BW_String-->
								</point>
								<point>
									-1.25322 1.18784 0.351861
									<!--BW_String-->
								</point>
								<point>
									-1.26322 1.18784 0.41364
									<!--BW_String-->
								</point>
								<point>
									-1.27322 1.18784 0.475418
									<!--BW_String-->
								</point>
								<point>
									-1.06322 1.18784 0.537197
									<!--BW_String-->
								</point>
								<point>
									-1.06322 1.18784 0.598976
									<!--BW_String-->
								</point>
								<point>
									-1.06322 1.18784 0.660754
									<!--BW_String-->
								</point>
								<point>
									-1.06322 1.18784 0.722533
									<!--BW_String-->
								</point>
								<point>
									-1.06322 1.18784 0.784311
									<!--BW_String-->
								</point>
								<point>
									-1.06322 1.18784 0.84609
									<!--BW_String-->
								</point>
								<point>
									-1.06322 1.18784 0.907869
									<!--BW_String-->
								</point>
								<point>
									-1.06322 1.18784 0.969647
									<!--BW_String-->
								</point>
								<point>
									-1.06322 1.18784 1.03143
									<!--BW_String-->
								</point>
								<point>
									-1.06322 1.18784 1.0932
									<!--BW_String-->
								</point>
								<point>
									-1.06322 1.18784 1.15498
									<!--BW_String-->
								</point>
								<point>
									-1.06322 1.18784 1.21676
									<!--BW_String-->
								</point>
								<point>
									-1.06322 1.18784 1.27854
									<!--BW_String-->
								</point>
								<point>
									-1.06322 1.18784 1.34032
									<!--BW_String-->
								</point>
								<point>
									-1.06322 1.18784 1.4021
									<!--BW_String-->
								</point>
								<point>
									-1.06322 1.18784 1.46388
									<!--BW_String-->
								</point>
								<point>
									-1.06322 1.18784 1.52565
									<!--BW_String-->
								</point>
								<point>
									-1.06322 1.18784 1.58743
									<!--BW_String-->
								</point>
								<point>
									-1.06322 1.18784 1.64921
									<!--BW_String-->
								</point>
								<point>
									-1.06322 1.18784 1.71099
									<!--BW_String-->
								</point>
								<point>
									-1.06322 1.18784 1.77277
									<!--BW_String-->
								</point>
								<point>
									-1.06322 1.18784 1.83455
									<!--BW_String-->
								</point>
								<point>
									-1.06322 1.18784 1.89633
									<!--BW_String-->
								</point>
								<point>
									-1.06323 1.18784 1.9581
									<!--BW_String-->
								</point>
								<point>
									-1.23322 1.17798 2.01988
									<!--BW_String-->
								</point>
								<point>
									-1.18322 1.17798 2.08166
									<!--BW_String-->
								</point>
								<point>
									-1.12323 1.17798 2.14344
									<!--BW_String-->
								</point>
								<point>
									-1.07323 1.17798 2.20522
									<!--BW_String-->
								</point>
								<point>
									-1.06323 1.17798 2.267
									<!--BW_String-->
								</point>
								<point>
									-1.06323 1.17798 2.32877
									<!--BW_String-->
								</point>
								<point>
									-1.27323 1.17795 2.39055
									<!--BW_String-->
								</point>
								<point>
									-1.06323 1.14652 2.45233
									<!--BW_String-->
								</point>
								<point>
									-1.06322 1.06826 2.51411
									<!--BW_String-->
								</point>
							</range>
						</top>
						<bottom>
							<range>
								<point>
									-1.06321 0.87693 -1.81039
									<!--BW_String-->
								</point>
							</range>
						</bottom>
					</sourceCollisionHullPoints>
				</left>
				<right>
					<segmentsCount>88</segmentsCount>
					<segmentsOuterThickness>
						0.06
						<!--BW_String-->
					</segmentsOuterThickness>
					<segmentsInnerThickness>-0.000069</segmentsInnerThickness>
					<segmentsPlaneOffset>
						1.20096
						<!--BW_String-->
					</segmentsPlaneOffset>
					<springsLength>
						<backwardMovement>
							<back>0.123924</back>
							<top>0.122512</top>
							<front>0.112747</front>
							<bottom>0.102818</bottom>
						</backwardMovement>
						<forwardMovement>
							<back>0.111916</back>
							<top>0.112478</top>
							<front>0.124051</front>
							<bottom>0.102818</bottom>
						</forwardMovement>
					</springsLength>
					<mainSegment>
						<model>vehicles/american/A130_Super_Hellcat/track/segment.model</model>
						<length>
							0.12356
							<!--BW_String-->
						</length>
					</mainSegment>
					<collisionHull>
						<bottom/>
						<top>
							<part>
								<xStart>
									-2.48996
									<!--BW_String-->
								</xStart>
								<xStep>
									0.0617802
									<!--BW_String-->
								</xStep>
								<ySamples>
									1.10667 1.10667 1.10667 1.10667 1.10667 1.10667 1.10667 1.10667 1.10667 1.10667 1.10667 1.10667 1.10667 1.10667 1.10667 1.10667 1.10667 1.10667 1.10667 1.10667 1.10667 1.10667 1.10667 1.10667 1.10667 1.10667 1.10667 1.10667 1.10667 1.10667 1.10667 1.10667 1.10667 1.10667 1.10667 1.10667 1.10667 1.10667 1.10667 1.10667 1.10667 1.10667 1.10667 1.10667 1.10667 1.10667 1.10667 1.10667 1.10667 1.10667 1.10667 1.10667 1.10667 1.10667 1.10667 1.10667 1.10667 1.10667 1.10667 1.10667 1.10667 1.10667 1.10667 1.10667 1.10667 1.10667 1.10667 1.10667 1.10667 1.10667 1.10667 1.10667 1.10667 1.09682 1.09681 1.09681 1.09681 1.09681 1.09681 1.09678 1.06508 0.98682
									<!--BW_String-->
								</ySamples>
							</part>
						</top>
					</collisionHull>
					<bottomWheels>
						<wheel>WD_R5</wheel>
						<wheel>W_R4</wheel>
						<wheel>W_R3</wheel>
						<wheel>W_R2</wheel>
						<wheel>W_R1</wheel>
						<wheel>W_R0</wheel>
						<wheel>WD_R0</wheel>
					</bottomWheels>
					<snapWheels>
						<topFront>
							<wheelName>WD_R0</wheelName>
							<basePos>
								2.18534 0.714369
								<!--BW_String-->
							</basePos>
							<shiftVec>
								0.25213 0.166233
								<!--BW_String-->
							</shiftVec>
							<jointIdx>11</jointIdx>
						</topFront>
						<topBack>
							<wheelName>WD_R5</wheelName>
							<basePos>
								-2.15553 0.712016
								<!--BW_String-->
							</basePos>
							<shiftVec>-0.287885 0.087144</shiftVec>
							<jointIdx>52</jointIdx>
						</topBack>
						<bottomBack>
							<wheelName>W_R4</wheelName>
							<basePos>
								-1.49401 0.372109
								<!--BW_String-->
							</basePos>
							<shiftVec>
								0.0301416 -0.336871
								<!--BW_String-->
							</shiftVec>
							<jointIdx>63</jointIdx>
						</bottomBack>
						<bottomFront>
							<wheelName>W_R0</wheelName>
							<basePos>
								1.49799 0.372105
								<!--BW_String-->
							</basePos>
							<shiftVec>
								0.0799398 -0.327248
								<!--BW_String-->
							</shiftVec>
							<jointIdx>0</jointIdx>
						</bottomFront>
					</snapWheels>
					<radiusOverrides>
						<wheel>
							<name>WD_R5</name>
							<radius>0.299768</radius>
						</wheel>
						<wheel>
							<name>WD_R0</name>
							<radius>0.300986</radius>
						</wheel>
					</radiusOverrides>
					<teethSyncs>
						<syncWithMainModel>true</syncWithMainModel>
						<segmentSyncPivotOffset>
							1.201
							<!--BW_String-->
						</segmentSyncPivotOffset>
						<sync>
							<name>WD_R5</name>
							<startAngle>
								2.29693
								<!--BW_String-->
							</startAngle>
							<teethCount>16</teethCount>
						</sync>
						<sync>
							<name>WD_R0</name>
							<startAngle>-0.710164</startAngle>
							<teethCount>16</teethCount>
						</sync>
					</teethSyncs>
					<sourceCollisionHullPoints>
						<top>
							<range>
								<point>
									1.06466 1.18789 -2.48987
									<!--BW_String-->
								</point>
								<point>
									1.06466 1.18789 -2.42808
									<!--BW_String-->
								</point>
								<point>
									1.06466 1.18789 -2.3663
									<!--BW_String-->
								</point>
								<point>
									1.06466 1.18789 -2.30452
									<!--BW_String-->
								</point>
								<point>
									1.06466 1.18789 -2.24274
									<!--BW_String-->
								</point>
								<point>
									1.06466 1.18789 -2.18096
									<!--BW_String-->
								</point>
								<point>
									1.06466 1.18789 -2.11918
									<!--BW_String-->
								</point>
								<point>
									1.06466 1.18789 -2.0574
									<!--BW_String-->
								</point>
								<point>
									1.06465 1.18789 -1.99562
									<!--BW_String-->
								</point>
								<point>
									1.06465 1.18789 -1.93384
									<!--BW_String-->
								</point>
								<point>
									1.06465 1.18789 -1.87206
									<!--BW_String-->
								</point>
								<point>
									1.06465 1.18789 -1.81028
									<!--BW_String-->
								</point>
								<point>
									1.06465 1.18789 -1.7485
									<!--BW_String-->
								</point>
								<point>
									1.06465 1.18789 -1.68672
									<!--BW_String-->
								</point>
								<point>
									1.06465 1.18789 -1.62494
									<!--BW_String-->
								</point>
								<point>
									1.06465 1.18789 -1.56316
									<!--BW_String-->
								</point>
								<point>
									1.06465 1.18789 -1.50138
									<!--BW_String-->
								</point>
								<point>
									1.06465 1.18789 -1.4396
									<!--BW_String-->
								</point>
								<point>
									1.06465 1.18789 -1.37782
									<!--BW_String-->
								</point>
								<point>
									1.06465 1.18789 -1.31604
									<!--BW_String-->
								</point>
								<point>
									1.06465 1.18789 -1.25426
									<!--BW_String-->
								</point>
								<point>
									1.06465 1.18789 -1.19248
									<!--BW_String-->
								</point>
								<point>
									1.06465 1.18789 -1.1307
									<!--BW_String-->
								</point>
								<point>
									1.06465 1.18789 -1.06892
									<!--BW_String-->
								</point>
								<point>
									1.06465 1.18789 -1.00714
									<!--BW_String-->
								</point>
								<point>
									1.09465 1.18789 -0.94536
									<!--BW_String-->
								</point>
								<point>
									1.10465 1.18789 -0.88358
									<!--BW_String-->
								</point>
								<point>
									1.06465 1.18789 -0.821799
									<!--BW_String-->
								</point>
								<point>
									1.06465 1.18789 -0.760019
									<!--BW_String-->
								</point>
								<point>
									1.12465 1.18789 -0.698239
									<!--BW_String-->
								</point>
								<point>
									1.13465 1.18789 -0.636459
									<!--BW_String-->
								</point>
								<point>
									1.14465 1.18789 -0.574678
									<!--BW_String-->
								</point>
								<point>
									1.15465 1.18789 -0.512898
									<!--BW_String-->
								</point>
								<point>
									1.06465 1.18789 -0.451118
									<!--BW_String-->
								</point>
								<point>
									1.06465 1.18789 -0.389338
									<!--BW_String-->
								</point>
								<point>
									1.17465 1.18789 -0.327557
									<!--BW_String-->
								</point>
								<point>
									1.18465 1.18789 -0.265777
									<!--BW_String-->
								</point>
								<point>
									1.18465 1.18789 -0.203997
									<!--BW_String-->
								</point>
								<point>
									1.06465 1.18789 -0.142217
									<!--BW_String-->
								</point>
								<point>
									1.20465 1.18789 -0.0804364
									<!--BW_String-->
								</point>
								<point>
									1.06465 1.18789 -0.0186567
									<!--BW_String-->
								</point>
								<point>
									1.06465 1.18789 0.0431237
									<!--BW_String-->
								</point>
								<point>
									1.06465 1.18789 0.104904
									<!--BW_String-->
								</point>
								<point>
									1.23465 1.18789 0.166685
									<!--BW_String-->
								</point>
								<point>
									1.06465 1.18789 0.228464
									<!--BW_String-->
								</point>
								<point>
									1.24465 1.18789 0.290245
									<!--BW_String-->
								</point>
								<point>
									1.25465 1.18789 0.352025
									<!--BW_String-->
								</point>
								<point>
									1.26465 1.18789 0.413805
									<!--BW_String-->
								</point>
								<point>
									1.27465 1.18789 0.475585
									<!--BW_String-->
								</point>
								<point>
									1.06465 1.18789 0.537365
									<!--BW_String-->
								</point>
								<point>
									1.06465 1.18789 0.599145
									<!--BW_String-->
								</point>
								<point>
									1.06465 1.18789 0.660925
									<!--BW_String-->
								</point>
								<point>
									1.06465 1.18789 0.722706
									<!--BW_String-->
								</point>
								<point>
									1.06465 1.18789 0.784486
									<!--BW_String-->
								</point>
								<point>
									1.06465 1.18789 0.846266
									<!--BW_String-->
								</point>
								<point>
									1.06465 1.18789 0.908046
									<!--BW_String-->
								</point>
								<point>
									1.06465 1.18789 0.969827
									<!--BW_String-->
								</point>
								<point>
									1.06465 1.18789 1.03161
									<!--BW_String-->
								</point>
								<point>
									1.06465 1.18789 1.09339
									<!--BW_String-->
								</point>
								<point>
									1.06465 1.18789 1.15517
									<!--BW_String-->
								</point>
								<point>
									1.06465 1.18789 1.21695
									<!--BW_String-->
								</point>
								<point>
									1.06465 1.18789 1.27873
									<!--BW_String-->
								</point>
								<point>
									1.06465 1.18789 1.34051
									<!--BW_String-->
								</point>
								<point>
									1.06465 1.18789 1.40229
									<!--BW_String-->
								</point>
								<point>
									1.06465 1.18789 1.46407
									<!--BW_String-->
								</point>
								<point>
									1.06465 1.18789 1.52585
									<!--BW_String-->
								</point>
								<point>
									1.06465 1.18789 1.58763
									<!--BW_String-->
								</point>
								<point>
									1.06465 1.18789 1.64941
									<!--BW_String-->
								</point>
								<point>
									1.06465 1.18789 1.71119
									<!--BW_String-->
								</point>
								<point>
									1.06465 1.18789 1.77297
									<!--BW_String-->
								</point>
								<point>
									1.06465 1.18789 1.83475
									<!--BW_String-->
								</point>
								<point>
									1.06465 1.18789 1.89653
									<!--BW_String-->
								</point>
								<point>
									1.06465 1.18789 1.95831
									<!--BW_String-->
								</point>
								<point>
									1.23465 1.17804 2.02009
									<!--BW_String-->
								</point>
								<point>
									1.17465 1.17803 2.08187
									<!--BW_String-->
								</point>
								<point>
									1.12465 1.17803 2.14365
									<!--BW_String-->
								</point>
								<point>
									1.06465 1.17803 2.20543
									<!--BW_String-->
								</point>
								<point>
									1.06465 1.17803 2.26721
									<!--BW_String-->
								</point>
								<point>
									1.06465 1.17803 2.32899
									<!--BW_String-->
								</point>
								<point>
									1.27465 1.178 2.39077
									<!--BW_String-->
								</point>
								<point>
									1.06465 1.1463 2.45255
									<!--BW_String-->
								</point>
								<point>
									1.06465 1.06804 2.51433
									<!--BW_String-->
								</point>
							</range>
						</top>
						<bottom>
							<range>
								<point>
									1.06466 0.878011 -1.81028
									<!--BW_String-->
								</point>
							</range>
						</bottom>
					</sourceCollisionHullPoints>
				</right>
			</physicalTracks>
			<customization>
				<customizableVehicleAreas>
					<paint>CHASSIS</paint>
					<camouflage/>
				</customizableVehicleAreas>
			</customization>
			<customizationSlots>
				<slot>
					<slotType>paint</slotType>
					<slotId>21000</slotId>
					<anchorPosition>
						-1.38464 0.539948 0.013845
						<!--BW_String-->
					</anchorPosition>
					<anchorDirection>
						-0.931628 0.363294 0.00931532
						<!--BW_String-->
					</anchorDirection>
				</slot>
				<slot>
					<slotType>style</slotType>
					<slotId>29000</slotId>
					<anchorPosition>
						0.000070 2.36689 0.0772793
						<!--BW_String-->
					</anchorPosition>
					<anchorDirection>
						-0.000000 1 0.000000
						<!--BW_String-->
					</anchorDirection>
				</slot>
			</customizationSlots>
		</Chassis_A130_Super_Hellcat>
	</chassis>
	<turrets0>
		<Turret_A130_Super_Hellcat>
			<ceilless>true</ceilless>
			<userString>#usa_vehicles:Turret_A130_Super_Hellcat</userString>
			<tags>cannotDetach</tags>
			<level>7</level>
			<price>20000</price>
			<notInShop>true</notInShop>
			<armor>
				<armor_1>
					76.2
					<!--BW_String-->
				</armor_1>
				<armor_2>
					31.8
					<!--BW_String-->
				</armor_2>
				<armor_3>
					31.8
					<!--BW_String-->
				</armor_3>
				<armor_4>
					31.8
					<!--BW_String-->
				</armor_4>
				<armor_5>
					25.4
					<!--BW_String-->
				</armor_5>
				<armor_6>
					12.7
					<!--BW_String-->
				</armor_6>
				<armor_7>127</armor_7>
				<armor_8>0</armor_8>
				<armor_9>
					44.5
					<!--BW_String-->
				</armor_9>
			</armor>
			<primaryArmor>armor_1 armor_3 armor_7</primaryArmor>
			<weight>4500</weight>
			<maxHealth>160</maxHealth>
			<rotationSpeed>20</rotationSpeed>
			<turretRotatorHealth>
				<maxHealth>130</maxHealth>
				<maxRegenHealth>65</maxRegenHealth>
				<repairCost>
					1.0
					<!--BW_String-->
				</repairCost>
			</turretRotatorHealth>
			<circularVisionRadius>370</circularVisionRadius>
			<surveyingDeviceHealth>
				<maxHealth>90</maxHealth>
				<maxRegenHealth>45</maxRegenHealth>
				<repairCost>
					1.0
					<!--BW_String-->
				</repairCost>
			</surveyingDeviceHealth>
			<guns>
				<_90mm_AT_Gun_M3T>
					shared
					<maxAmmo>30</maxAmmo>
					<armor>
						<armor_1>
							76.2
							<!--BW_String-->
							<vehicleDamageFactor>
								0.0
								<!--BW_String-->
							</vehicleDamageFactor>
						</armor_1>
						<armor_2>
							38.1
							<!--BW_String-->
							<vehicleDamageFactor>
								0.0
								<!--BW_String-->
							</vehicleDamageFactor>
						</armor_2>
						<armor_3>
							38.1
							<!--BW_String-->
							<vehicleDamageFactor>
								0.0
								<!--BW_String-->
							</vehicleDamageFactor>
						</armor_3>
						<armor_4>
							0
							<vehicleDamageFactor>
								0.0
								<!--BW_String-->
							</vehicleDamageFactor>
						</armor_4>
						<armor_5>
							50.8
							<!--BW_String-->
							<vehicleDamageFactor>
								0.0
								<!--BW_String-->
							</vehicleDamageFactor>
						</armor_5>
						<armor_6>
							63.5
							<!--BW_String-->
							<vehicleDamageFactor>
								0.0
								<!--BW_String-->
							</vehicleDamageFactor>
						</armor_6>
						<gun>30</gun>
						<gunBreech>0</gunBreech>
					</armor>
					<reloadTime>8</reloadTime>
					<shotDispersionFactors>
						<turretRotation>
							0.16
							<!--BW_String-->
						</turretRotation>
						<afterShot>4</afterShot>
						<whileGunDamaged>
							2.0
							<!--BW_String-->
						</whileGunDamaged>
					</shotDispersionFactors>
					<invisibilityFactorAtShot>
						0.25
						<!--BW_String-->
					</invisibilityFactorAtShot>
					<pitchLimits>
						<minPitch>0 -17 1 -17</minPitch>
						<maxPitch>
							0 10 0.388889 10 0.416667 0 0.583333 0 0.597222 10 1 10
							<!--BW_String-->
						</maxPitch>
					</pitchLimits>
					<shotDispersionRadius>
						0.35
						<!--BW_String-->
					</shotDispersionRadius>
					<aimingTime>
						1.7
						<!--BW_String-->
					</aimingTime>
					<turretYawLimits>-180 180</turretYawLimits>
					<models>
						<undamaged>vehicles/american/A130_Super_Hellcat/normal/lod0/Gun_07.model</undamaged>
						<destroyed>vehicles/american/A130_Super_Hellcat/crash/lod0/Gun_07.model</destroyed>
						<exploded>vehicles/american/A130_Super_Hellcat/crash/lod0/Gun_07.model</exploded>
					</models>
					<hitTester>
						<collisionModelServer>vehicles/american/A130_Super_Hellcat/collision/Gun_07.model</collisionModelServer>
						<collisionModelClient>vehicles/american/A130_Super_Hellcat/collision_client/Gun_07.model</collisionModelClient>
					</hitTester>
					<effects>shot_90mm</effects>
					<animateEmblemSlots>true</animateEmblemSlots>
					<customization>
						<customizableVehicleAreas>
							<paint>GUN GUN_2</paint>
							<camouflage>GUN</camouflage>
						</customizableVehicleAreas>
					</customization>
					<customizationSlots>
						<slot>
							<slotType>paint</slotType>
							<slotId>41000</slotId>
							<anchorPosition>
								0.000226459 0.0149688 1.69873
								<!--BW_String-->
							</anchorPosition>
							<anchorDirection>
								0.000000 0.000000 1
								<!--BW_String-->
							</anchorDirection>
							<applyTo>4096</applyTo>
						</slot>
						<slot>
							<slotType>paint</slotType>
							<slotId>41001</slotId>
							<anchorPosition>0.000000 0.216728 0.216728</anchorPosition>
							<anchorDirection>0.000000 0.707107 0.707107</anchorDirection>
							<applyTo>16384</applyTo>
						</slot>
						<slot>
							<slotType>camouflage</slotType>
							<slotId>42000</slotId>
							<anchorPosition>
								0.000226459 0.0149688 1.69873
								<!--BW_String-->
							</anchorPosition>
							<anchorDirection>
								0.000000 0.000000 1
								<!--BW_String-->
							</anchorDirection>
							<applyTo>4096</applyTo>
						</slot>
						<slot>
							<slotType>insigniaOnGun</slotType>
							<slotId>49000</slotId>
							<rayStart>
								0.000452915 0.0105475 1.74622
								<!--BW_String-->
							</rayStart>
							<rayEnd>
								-0.0401739 0.00355536 1.74567
								<!--BW_String-->
							</rayEnd>
							<rayUp>
								0.066 0.000000 0.000000
								<!--BW_String-->
							</rayUp>
							<applyToFabric>true</applyToFabric>
							<size>
								0.45
								<!--BW_String-->
							</size>
							<hideIfDamaged>false</hideIfDamaged>
							<isUVProportional>true</isUVProportional>
						</slot>
					</customizationSlots>
					<camouflage>
						<tiling>
							0.83 0.83 0.000000 0.000000
							<!--BW_String-->
						</tiling>
						<density>
							119.12 133.948
							<!--BW_String-->
						</density>
						<aoTextureSize>512 512</aoTextureSize>
					</camouflage>
				</_90mm_AT_Gun_M3T>
			</guns>
			<models>
				<undamaged>vehicles/american/A130_Super_Hellcat/normal/lod0/Turret_02.model</undamaged>
				<destroyed>vehicles/american/A130_Super_Hellcat/crash/lod0/Turret_02.model</destroyed>
				<exploded>vehicles/american/A130_Super_Hellcat/crash/lod0/Turret_02.model</exploded>
			</models>
			<hitTester>
				<collisionModelServer>vehicles/american/A130_Super_Hellcat/collision/Turret_02.model</collisionModelServer>
				<collisionModelClient>vehicles/american/A130_Super_Hellcat/collision_client/Turret_02.model</collisionModelClient>
			</hitTester>
			<gunPosition>0.000000 0.401463 0.878729</gunPosition>
			<showEmblemsOnGun>false</showEmblemsOnGun>
			<physicsShape>
				0.952 -0.069 1.011 -0.003 0.683 0.187 0.766 0.713 0.500 0.500 0.176 0.500 0.061 0.000 0.000
				<!--BW_String-->
			</physicsShape>
			<wwturretRotatorSoundManual>tur_mech_trav</wwturretRotatorSoundManual>
			<customization>
				<customizableVehicleAreas>
					<paint>TURRET</paint>
					<camouflage>TURRET</camouflage>
				</customizableVehicleAreas>
			</customization>
			<customizationSlots>
				<slot>
					<slotType>paint</slotType>
					<slotId>31000</slotId>
					<anchorPosition>
						0.000000 0.755503 -1.0835
						<!--BW_String-->
					</anchorPosition>
					<anchorDirection>
						0.000000 1 0.000000
						<!--BW_String-->
					</anchorDirection>
				</slot>
				<slot>
					<slotType>camouflage</slotType>
					<slotId>32000</slotId>
					<anchorPosition>
						0.000000 0.755499 -1.08349
						<!--BW_String-->
					</anchorPosition>
					<anchorDirection>
						0.000000 1 -0.000000
						<!--BW_String-->
					</anchorDirection>
				</slot>
			</customizationSlots>
			<camouflage>
				<tiling>
					2.67 0.625 0.2 0.000000
					<!--BW_String-->
				</tiling>
				<density>
					127.622 128.099
					<!--BW_String-->
				</density>
				<aoTextureSize>1024 512</aoTextureSize>
			</camouflage>
		</Turret_A130_Super_Hellcat>
	</turrets0>
	<engines>
		<Wright_Continental_R_975_C4_858>shared</Wright_Continental_R_975_C4_858>
	</engines>
	<fuelTanks>
		<Heavy>shared</Heavy>
	</fuelTanks>
	<radios>
		<SCR_508_1>shared</SCR_508_1>
	</radios>
	<physics>
		<detailed>
			<engines>
				<Wright_Continental_R_975_C4_858>
					<smplEnginePower>460</smplEnginePower>
					<smplFwMaxSpeed>72</smplFwMaxSpeed>
				</Wright_Continental_R_975_C4_858>
			</engines>
			<chassis>
				<Chassis_A130_Super_Hellcat>
					<axleCount>5</axleCount>
					<grounds>
						<soft>
							<rollingFriction>
								0.16905
								<!--BW_String-->
							</rollingFriction>
						</soft>
						<medium>
							<rollingFriction>
								0.0966
								<!--BW_String-->
							</rollingFriction>
						</medium>
						<firm>
							<rollingFriction>
								0.0805
								<!--BW_String-->
							</rollingFriction>
						</firm>
					</grounds>
				</Chassis_A130_Super_Hellcat>
			</chassis>
		</detailed>
	</physics>
	<clientAdjustmentFactors>
		<guns>
			<_90mm_AT_Gun_M3T>
				<delta>1.108597</delta>
			</_90mm_AT_Gun_M3T>
		</guns>
		<armour>
			0.654565359
			<!--BW_String-->
		</armour>
	</clientAdjustmentFactors>
	<effects>
		<collision/>
		<damagedStateGroup>medium</damagedStateGroup>
	</effects>
	<emblems>
		<default>15503</default>
		<lodDist>MEDIUM</lodDist>
		<alpha>
			0.82
			<!--BW_String-->
		</alpha>
	</emblems>
	<customDefaultCamouflage>true</customDefaultCamouflage>
</root>
