<?xml version="1.0" encoding="utf-8"?>
<root>
	<xmlns:xmlref>http://bwt/xmlref</xmlns:xmlref>
	<crew>
		<commander/>
		<gunner/>
		<driver/>
		<radioman/>
		<loader/>
		<loader/>
	</crew>
	<supplySlots>5 1 1 6 6 6 7 8 8 8</supplySlots>
	<speedLimits>
		<forward>35</forward>
		<backward>12</backward>
	</speedLimits>
	<invisibility>
		<moving>
			0.034
			<!--BW_String-->
		</moving>
		<still>
			0.069
			<!--BW_String-->
		</still>
		<camouflageBonus>
			0.02
			<!--BW_String-->
		</camouflageBonus>
		<firePenalty>
			0.104
			<!--BW_String-->
		</firePenalty>
	</invisibility>
	<optDevsOverrides>
		<camouflageNet>
			<invisibilityBonus>
				0.05 0.075
				<!--BW_String-->
			</invisibilityBonus>
		</camouflageNet>
		<additionalInvisibilityDevice>
			<invisibilityBonus>
				0.03 0.04
				<!--BW_String-->
			</invisibilityBonus>
		</additionalInvisibilityDevice>
	</optDevsOverrides>
	<repairCost>
		4.5
		<!--BW_String-->
	</repairCost>
	<premiumVehicleXPFactor>
		0.1
		<!--BW_String-->
	</premiumVehicleXPFactor>
	<crewXpFactor>
		1.5
		<!--BW_String-->
	</crewXpFactor>
	<camouflage>
		<priceFactor>
			1.6
			<!--BW_String-->
		</priceFactor>
		<tiling>1 1 0 0</tiling>
		<exclusionMask/>
	</camouflage>
	<hull>
		<armor>
			<armor_1>102</armor_1>
			<armor_2>70</armor_2>
			<armor_3>76</armor_3>
			<armor_4>51</armor_4>
			<armor_5>51</armor_5>
			<armor_6>38</armor_6>
			<armor_7>25</armor_7>
			<armor_8>0</armor_8>
			<armor_9>19</armor_9>
			<armor_10>30</armor_10>
			<armor_12>38</armor_12>
			<armor_16>122</armor_16>
		</armor>
		<primaryArmor>armor_1 armor_3 armor_4</primaryArmor>
		<weight>38100</weight>
		<maxHealth>1200</maxHealth>
		<ammoBayHealth>
			<maxHealth>240</maxHealth>
			<maxRegenHealth>160</maxRegenHealth>
			<repairCost>
				1.0
				<!--BW_String-->
			</repairCost>
		</ammoBayHealth>
		<models>
			<undamaged>vehicles/american/A13_T34_hvy_BF/normal/lod0/Hull.model</undamaged>
			<destroyed>vehicles/american/A13_T34_hvy_BF/crash/lod0/Hull.model</destroyed>
			<exploded>vehicles/american/A13_T34_hvy_BF/crash/lod0/Hull.model</exploded>
		</models>
		<swinging>
			<lodDist>FAR</lodDist>
			<pitchParams>
				0.10 38.00 0.34 1.00 0.04 0.27
				<!--BW_String-->
			</pitchParams>
			<rollParams>
				1.00 0.26 38.00 0.34 1.00 0.04 0.27
				<!--BW_String-->
			</rollParams>
			<sensitivityToImpulse>
				0.2
				<!--BW_String-->
			</sensitivityToImpulse>
		</swinging>
		<exhaust>
			<pixie>gas_large</pixie>
			<nodes>HP_Track_Exhaus_1 HP_Track_Exhaus_2</nodes>
		</exhaust>
		<turretPositions>
			<turret>
				0.000000 0.578733 0.58255
				<!--BW_String-->
			</turret>
		</turretPositions>
		<hitTester>
			<collisionModelServer>vehicles/american/A13_T34_hvy_BF/collision/Hull.model</collisionModelServer>
			<collisionModelClient>vehicles/american/A13_T34_hvy_BF/collision_client/Hull.model</collisionModelClient>
		</hitTester>
		<hangarShadowTexture>vehicles/american/A13_T34_hvy_BF/T34_hvy_BF_HangarShadowMap.dds</hangarShadowTexture>
		<customizationSlots>
			<slot>
				<slotType>clan</slotType>
				<slotId>10000</slotId>
				<rayStart>
					0.00270577 0.0527065 3.34119
					<!--BW_String-->
				</rayStart>
				<rayEnd>
					-0.00251027 -0.26826 3.10255
					<!--BW_String-->
				</rayEnd>
				<rayUp>
					0.000000 0.000000 -1
					<!--BW_String-->
				</rayUp>
				<size>
					0.29
					<!--BW_String-->
				</size>
				<hideIfDamaged>true</hideIfDamaged>
				<isUVProportional>true</isUVProportional>
			</slot>
		</customizationSlots>
		<customization>
			<customizableVehicleAreas>
				<paint/>
				<camouflage/>
			</customizableVehicleAreas>
		</customization>
		<camouflage>
			<tiling>
				1.18 1.18 0.06 0.000000
				<!--BW_String-->
			</tiling>
			<density>
				83.6913 84.2205
				<!--BW_String-->
			</density>
			<aoTextureSize>1024 1024</aoTextureSize>
		</camouflage>
	</hull>
	<chassis>
		<T80E3_BF>
			<userString>#usa_vehicles:T80E3_BF</userString>
			<tags/>
			<level>8</level>
			<notInShop>true</notInShop>
			<price>31500</price>
			<armor>
				<leftTrack>20</leftTrack>
				<rightTrack>20</rightTrack>
			</armor>
			<weight>10000</weight>
			<maxLoad>71850</maxLoad>
			<terrainResistance>
				1.4 1.7 3.4
				<!--BW_String-->
			</terrainResistance>
			<brakeForce>39500</brakeForce>
			<rotationIsAroundCenter>true</rotationIsAroundCenter>
			<rotationSpeed>22</rotationSpeed>
			<shotDispersionFactors>
				<vehicleMovement>
					0.28
					<!--BW_String-->
				</vehicleMovement>
				<vehicleRotation>
					0.28
					<!--BW_String-->
				</vehicleRotation>
			</shotDispersionFactors>
			<bulkHealthFactor>
				3.0
				<!--BW_String-->
			</bulkHealthFactor>
			<maxHealth>220</maxHealth>
			<maxRegenHealth>165</maxRegenHealth>
			<repairCost>
				5.0
				<!--BW_String-->
			</repairCost>
			<models>
				<undamaged>vehicles/american/A13_T34_hvy_BF/normal/lod0/Chassis.model</undamaged>
				<destroyed>vehicles/american/A13_T34_hvy_BF/crash/lod0/Chassis.model</destroyed>
				<exploded>vehicles/american/A13_T34_hvy_BF/crash/lod0/Chassis.model</exploded>
			</models>
			<traces>
				<lodDist>FAR</lodDist>
				<bufferPrefs>largeTank</bufferPrefs>
				<textureSet>usa_03</textureSet>
				<size>
					0.65 0.72
					<!--BW_String-->
				</size>
			</traces>
			<tracks>
				<lodDist>MEDIUM_TRACK</lodDist>
				<leftMaterial>track_mat_L_skinned</leftMaterial>
				<rightMaterial>track_mat_R_skinned</rightMaterial>
				<textureScale>-2</textureScale>
			</tracks>
			<wheels>
				<lodDist>MEDIUM</lodDist>
				<wheel>
					<isLeft>false</isLeft>
					<isLeading>true</isLeading>
					<name>WD_R0</name>
					<radius>0.330001</radius>
					<syncAngle>24</syncAngle>
				</wheel>
				<group>
					<isLeft>false</isLeft>
					<template>WD_R</template>
					<radius>0.183551</radius>
					<startIndex>1</startIndex>
					<count>7</count>
				</group>
				<wheel>
					<isLeft>false</isLeft>
					<isLeading>false</isLeading>
					<name>WD_R8</name>
					<radius>0.144764</radius>
				</wheel>
				<wheel>
					<isLeft>false</isLeft>
					<isLeading>true</isLeading>
					<name>WD_R9</name>
					<radius>0.368924</radius>
					<syncAngle>24</syncAngle>
				</wheel>
				<group>
					<isLeft>false</isLeft>
					<template>W_R</template>
					<radius>0.328672</radius>
					<startIndex>0</startIndex>
					<count>8</count>
				</group>
				<wheel>
					<isLeft>true</isLeft>
					<isLeading>true</isLeading>
					<name>WD_L0</name>
					<radius>0.330001</radius>
					<syncAngle>24</syncAngle>
				</wheel>
				<group>
					<isLeft>true</isLeft>
					<template>WD_L</template>
					<radius>0.183551</radius>
					<startIndex>1</startIndex>
					<count>7</count>
				</group>
				<wheel>
					<isLeft>true</isLeft>
					<isLeading>false</isLeading>
					<name>WD_L8</name>
					<radius>0.144764</radius>
				</wheel>
				<wheel>
					<isLeft>true</isLeft>
					<isLeading>true</isLeading>
					<name>WD_L9</name>
					<radius>0.368924</radius>
					<syncAngle>24</syncAngle>
				</wheel>
				<group>
					<isLeft>true</isLeft>
					<template>W_L</template>
					<radius>
						0.3298
						<!--BW_String-->
					</radius>
					<startIndex>0</startIndex>
					<count>8</count>
				</group>
			</wheels>
			<drivingWheels>WD_L0 WD_L9</drivingWheels>
			<effects>
				<lodDist>MEDIUM</lodDist>
				<mud>largeTankMud</mud>
			</effects>
			<wwsoundPC>treads_type_pc</wwsoundPC>
			<wwsoundNPC>trds_chf_npc</wwsoundNPC>
			<hullPosition>
				0.000000 1.11556 0.000000
				<!--BW_String-->
			</hullPosition>
			<hitTester>
				<collisionModelServer>vehicles/american/A13_T34_hvy_BF/collision/Chassis.model</collisionModelServer>
				<collisionModelClient>vehicles/american/A13_T34_hvy_BF/collision_client/Chassis.model</collisionModelClient>
			</hitTester>
			<topRightCarryingPoint>
				1.47979 2.65597
				<!--BW_String-->
			</topRightCarryingPoint>
			<maxClimbAngle>25</maxClimbAngle>
			<navmeshGirth>
				6.0
				<!--BW_String-->
			</navmeshGirth>
			<AODecals>
				<decal>
					<transform>
						<row0>4.980680 -0.000000 -0.000000</row0>
						<row1>0.000000 1.623570 0.000000</row1>
						<row2>0.000000 0.000000 10.430600</row2>
						<row3>-0.000000 0.000000 0.000001</row3>
					</transform>
				</decal>
			</AODecals>
			<groundNodes>
				<group>
					<template>Track_L</template>
					<startIndex>0</startIndex>
					<count>8</count>
					<isLeft>true</isLeft>
					<minOffset>
						-0.0737705
						<!--BW_String-->
					</minOffset>
					<maxOffset>
						0.0737705
						<!--BW_String-->
					</maxOffset>
				</group>
				<group>
					<template>Track_R</template>
					<startIndex>0</startIndex>
					<count>8</count>
					<isLeft>false</isLeft>
					<minOffset>
						-0.0737705
						<!--BW_String-->
					</minOffset>
					<maxOffset>
						0.0737705
						<!--BW_String-->
					</maxOffset>
				</group>
			</groundNodes>
			<splineDesc>
				<segmentModelLeft>vehicles/american/A13_T34_hvy_BF/track/segment1.model</segmentModelLeft>
				<segmentModelRight>vehicles/american/A13_T34_hvy_BF/track/segment1_R.model</segmentModelRight>
				<segment2ModelLeft>vehicles/american/A13_T34_hvy_BF/track/segment2.model</segment2ModelLeft>
				<segment2ModelRight>vehicles/american/A13_T34_hvy_BF/track/segment2_R.model</segment2ModelRight>
				<left>vehicles/american/A13_T34_hvy_BF/track/left.track</left>
				<right>vehicles/american/A13_T34_hvy_BF/track/right.track</right>
				<segmentLength>
					0.141
					<!--BW_String-->
				</segmentLength>
				<segmentOffset>
					0.103
					<!--BW_String-->
				</segmentOffset>
				<segment2Offset>
					0.073
					<!--BW_String-->
				</segment2Offset>
				<lodDist>SPLINE_TRACK</lodDist>
				<atlas>
					<UTiles>1</UTiles>
					<VTiles>1</VTiles>
				</atlas>
			</splineDesc>
			<trackThickness>
				0.0021
				<!--BW_String-->
			</trackThickness>
			<trackNodes>
				<enable>true</enable>
				<linkBones>false</linkBones>
				<maxAmplitude>
					0.1
					<!--BW_String-->
				</maxAmplitude>
				<maxOffset>
					0.1
					<!--BW_String-->
				</maxOffset>
				<gravity>
					-9.8
					<!--BW_String-->
				</gravity>
				<elasticity>1248</elasticity>
				<damping>2</damping>
				<node>
					<isLeft>true</isLeft>
					<name>Track_VT_L0</name>
					<offset>
						-0.017
						<!--BW_String-->
					</offset>
				</node>
				<node>
					<isLeft>false</isLeft>
					<name>Track_VD_R0</name>
				</node>
				<node>
					<isLeft>true</isLeft>
					<name>Track_VT_L1</name>
					<forwardElastK>
						0.9
						<!--BW_String-->
					</forwardElastK>
					<backwardElastK>
						1.37
						<!--BW_String-->
					</backwardElastK>
					<offset>
						-0.017
						<!--BW_String-->
					</offset>
				</node>
				<node>
					<isLeft>true</isLeft>
					<name>Track_VD_L0</name>
				</node>
				<node>
					<isLeft>false</isLeft>
					<name>Track_VT_R0</name>
					<offset>
						-0.017
						<!--BW_String-->
					</offset>
				</node>
				<node>
					<isLeft>false</isLeft>
					<name>Track_VT_R1</name>
					<forwardElastK>
						0.9
						<!--BW_String-->
					</forwardElastK>
					<backwardElastK>
						1.37
						<!--BW_String-->
					</backwardElastK>
					<offset>
						-0.017
						<!--BW_String-->
					</offset>
				</node>
			</trackNodes>
			<physicalTracks>
				<left>
					<segmentsCount>224</segmentsCount>
					<segmentsOuterThickness>
						0.1
						<!--BW_String-->
					</segmentsOuterThickness>
					<segmentsInnerThickness>
						0.0295025
						<!--BW_String-->
					</segmentsInnerThickness>
					<segmentsPlaneOffset>
						-1.47979
						<!--BW_String-->
					</segmentsPlaneOffset>
					<springsLength>
						<backwardMovement>
							<back>
								0.0686483
								<!--BW_String-->
							</back>
							<top>0.056152</top>
							<front>
								0.0599908
								<!--BW_String-->
							</front>
							<bottom>
								0.0260059
								<!--BW_String-->
							</bottom>
						</backwardMovement>
						<forwardMovement>
							<back>
								0.0629414
								<!--BW_String-->
							</back>
							<top>
								0.0686178
								<!--BW_String-->
							</top>
							<front>
								0.0680258
								<!--BW_String-->
							</front>
							<bottom>
								0.0260059
								<!--BW_String-->
							</bottom>
						</forwardMovement>
					</springsLength>
					<mainSegment>
						<model>vehicles/american/A13_T34_hvy/track/segment1.model</model>
						<length>
							0.0735576
							<!--BW_String-->
						</length>
					</mainSegment>
					<secSegment>
						<model>vehicles/american/A13_T34_hvy/track/segment2.model</model>
						<length>
							0.0728415
							<!--BW_String-->
						</length>
					</secSegment>
					<collisionHull>
						<bottom>
							<part>
								<xStart>
									-3.5109
									<!--BW_String-->
								</xStart>
								<xStep>
									0.00999999
									<!--BW_String-->
								</xStep>
								<ySamples>
									0.62261 0.616861 0.611523 0.606576 0.602004 0.597791 0.593923
									<!--BW_String-->
								</ySamples>
							</part>
							<part>
								<xStart>
									-3.4509
									<!--BW_String-->
								</xStart>
								<xStep>
									0.0367788
									<!--BW_String-->
								</xStep>
								<ySamples>
									0.593923 0.582496 0.575173 0.571707 0.571985 0.576018 0.583934 0.596005
									<!--BW_String-->
								</ySamples>
							</part>
							<part>
								<xStart>
									-3.19345
									<!--BW_String-->
								</xStart>
								<xStep>
									0.00999999
									<!--BW_String-->
								</xStep>
								<ySamples>
									0.596005 0.600061 0.60447 0.609246 0.614405 0.619966 0.625952
									<!--BW_String-->
								</ySamples>
							</part>
						</bottom>
						<top>
							<part>
								<xStart>
									-3.70835
									<!--BW_String-->
								</xStart>
								<xStep>
									0.0367788
									<!--BW_String-->
								</xStep>
								<ySamples>
									1.28287 1.32143 1.35564 1.36933 1.38302 1.39525 1.4073 1.41936 1.43142 1.43379 1.43382 1.43384 1.43387 1.4339 1.43393 1.43396 1.43399 1.43402 1.43405 1.43408 1.43411 1.43414 1.43417 1.4342 1.43423 1.43426 1.43429 1.43432 1.43435 1.43438 1.43441 1.43442 1.43442 1.43443 1.43443 1.43443 1.43443 1.43443 1.43443 1.43443 1.43443 1.43443 1.43443 1.43443 1.43443 1.43443 1.43443 1.43443 1.43443 1.43445 1.43448 1.43451 1.43454 1.43457 1.4346 1.43463 1.43466 1.43469 1.43472 1.43475 1.43478 1.43481 1.43484 1.43487 1.43491 1.43494 1.43497 1.435 1.43503 1.43506 1.43509 1.43512 1.43515 1.43518 1.43521 1.43524 1.43527 1.4353 1.43533 1.43536 1.43539 1.43541 1.43541 1.43541 1.43541 1.43541 1.43541 1.43541 1.43541 1.43541 1.43541 1.43541 1.43541 1.43542 1.43542 1.43542 1.43542 1.43542 1.43542 1.43542 1.43542 1.43542 1.43542 1.43543 1.43546 1.43549 1.43553 1.43556 1.43559 1.43562 1.43566 1.43569 1.43572 1.43575 1.43578 1.43582 1.43585 1.43588 1.43591 1.43595 1.43598 1.43601 1.43604 1.43608 1.43611 1.43614 1.43617 1.4362 1.43624 1.43627 1.4363 1.43633 1.43637 1.4364 1.43643 1.43646 1.4365 1.43652 1.43652 1.43652 1.43652 1.43652 1.43652 1.43652 1.43653 1.43653 1.43653 1.43653 1.43653 1.43653 1.43653 1.43653 1.43653 1.43653 1.43653 1.43653 1.43653 1.43654 1.43657 1.4366 1.43664 1.43667 1.43671 1.43674 1.43678 1.43681 1.43684 1.43684 1.43684 1.43684 1.43684 1.43684 1.43684 1.43684 1.43684 1.43684 1.43684 1.43684 1.43684 1.43686 1.43688 1.4369 1.43692 1.43694 1.43696 1.43698 1.437 1.43702 1.43705 1.43707 1.4371 1.43712 1.4331 1.41752 1.40107 1.32604 1.33524
									<!--BW_String-->
								</ySamples>
							</part>
						</top>
					</collisionHull>
					<bottomWheels>
						<wheel>WD_L9</wheel>
						<wheel>WD_L8</wheel>
						<wheel>W_L7</wheel>
						<wheel>W_L6</wheel>
						<wheel>W_L5</wheel>
						<wheel>W_L4</wheel>
						<wheel>W_L3</wheel>
						<wheel>W_L2</wheel>
						<wheel>W_L1</wheel>
						<wheel>W_L0</wheel>
						<wheel>WD_L0</wheel>
					</bottomWheels>
					<snapWheels>
						<topFront>
							<wheelName>WD_L0</wheelName>
							<basePos>
								3.17151 0.845614
								<!--BW_String-->
							</basePos>
							<shiftVec>
								0.360258 0.0543789
								<!--BW_String-->
							</shiftVec>
							<jointIdx>18</jointIdx>
						</topFront>
						<topBack>
							<wheelName>WD_L9</wheelName>
							<basePos>
								-3.32492 0.934498
								<!--BW_String-->
							</basePos>
							<shiftVec>
								-0.344259 0.0526
								<!--BW_String-->
							</shiftVec>
							<jointIdx>126</jointIdx>
						</topBack>
						<bottomBack>
							<wheelName>W_L7</wheelName>
							<basePos>
								-2.61106 0.39266
								<!--BW_String-->
							</basePos>
							<shiftVec>
								-0.0321901 -0.357858
								<!--BW_String-->
							</shiftVec>
							<jointIdx>147</jointIdx>
						</bottomBack>
						<bottomFront>
							<wheelName>W_L0</wheelName>
							<basePos>
								2.63016 0.392673
								<!--BW_String-->
							</basePos>
							<shiftVec>
								0.0661898 -0.353153
								<!--BW_String-->
							</shiftVec>
							<jointIdx>0</jointIdx>
						</bottomFront>
					</snapWheels>
					<radiusOverrides>
						<wheel>
							<name>WD_L9</name>
							<radius>0.347022</radius>
						</wheel>
						<wheel>
							<name>WD_L0</name>
							<radius>
								0.36316
								<!--BW_String-->
							</radius>
						</wheel>
					</radiusOverrides>
					<teethSyncs>
						<syncWithMainModel>true</syncWithMainModel>
						<segmentSyncPivotOffset>
							-1.47979
							<!--BW_String-->
						</segmentSyncPivotOffset>
						<sync>
							<name>WD_L9</name>
							<startAngle>
								-52.6886
								<!--BW_String-->
							</startAngle>
							<teethCount>15</teethCount>
						</sync>
						<sync>
							<name>WD_L0</name>
							<startAngle>
								-49.635
								<!--BW_String-->
							</startAngle>
							<teethCount>15</teethCount>
						</sync>
					</teethSyncs>
					<sourceCollisionHullPoints>
						<top>
							<range>
								<point>
									-1.6761 1.34479 -3.70842
									<!--BW_String-->
								</point>
								<point>
									-1.6761 1.38335 -3.67164
									<!--BW_String-->
								</point>
								<point>
									-1.3561 1.41757 -3.63486
									<!--BW_String-->
								</point>
								<point>
									-1.3561 1.43126 -3.59809
									<!--BW_String-->
								</point>
								<point>
									-1.3561 1.44495 -3.56131
									<!--BW_String-->
								</point>
								<point>
									-1.35611 1.45718 -3.52453
									<!--BW_String-->
								</point>
								<point>
									-1.35611 1.46923 -3.48775
									<!--BW_String-->
								</point>
								<point>
									-1.35611 1.48129 -3.45097
									<!--BW_String-->
								</point>
								<point>
									-1.35611 1.49335 -3.41419
									<!--BW_String-->
								</point>
								<point>
									-1.35611 1.49572 -3.37741
									<!--BW_String-->
								</point>
								<point>
									-1.35611 1.49575 -3.34063
									<!--BW_String-->
								</point>
								<point>
									-1.35611 1.49578 -3.30386
									<!--BW_String-->
								</point>
								<point>
									-1.35611 1.49581 -3.26708
									<!--BW_String-->
								</point>
								<point>
									-1.35611 1.49583 -3.2303
									<!--BW_String-->
								</point>
								<point>
									-1.35611 1.49586 -3.19352
									<!--BW_String-->
								</point>
								<point>
									-1.35611 1.49589 -3.15674
									<!--BW_String-->
								</point>
								<point>
									-1.35611 1.49592 -3.11996
									<!--BW_String-->
								</point>
								<point>
									-1.35611 1.49595 -3.08318
									<!--BW_String-->
								</point>
								<point>
									-1.35611 1.49598 -3.0464
									<!--BW_String-->
								</point>
								<point>
									-1.35611 1.49601 -3.00962
									<!--BW_String-->
								</point>
								<point>
									-1.35611 1.49604 -2.97285
									<!--BW_String-->
								</point>
								<point>
									-1.35611 1.49607 -2.93607
									<!--BW_String-->
								</point>
								<point>
									-1.35611 1.4961 -2.89929
									<!--BW_String-->
								</point>
								<point>
									-1.35611 1.49613 -2.86251
									<!--BW_String-->
								</point>
								<point>
									-1.35611 1.49616 -2.82573
									<!--BW_String-->
								</point>
								<point>
									-1.35611 1.49619 -2.78895
									<!--BW_String-->
								</point>
								<point>
									-1.35611 1.49622 -2.75217
									<!--BW_String-->
								</point>
								<point>
									-1.35611 1.49625 -2.71539
									<!--BW_String-->
								</point>
								<point>
									-1.35611 1.49628 -2.67862
									<!--BW_String-->
								</point>
								<point>
									-1.35611 1.49631 -2.64184
									<!--BW_String-->
								</point>
								<point>
									-1.35611 1.49634 -2.60506
									<!--BW_String-->
								</point>
								<point>
									-1.35611 1.49636 -2.56828
									<!--BW_String-->
								</point>
								<point>
									-1.35611 1.49636 -2.5315
									<!--BW_String-->
								</point>
								<point>
									-1.35611 1.49636 -2.49472
									<!--BW_String-->
								</point>
								<point>
									-1.35611 1.49636 -2.45794
									<!--BW_String-->
								</point>
								<point>
									-1.35611 1.49636 -2.42116
									<!--BW_String-->
								</point>
								<point>
									-1.35611 1.49636 -2.38439
									<!--BW_String-->
								</point>
								<point>
									-1.35611 1.49636 -2.34761
									<!--BW_String-->
								</point>
								<point>
									-1.35611 1.49636 -2.31083
									<!--BW_String-->
								</point>
								<point>
									-1.35611 1.49636 -2.27405
									<!--BW_String-->
								</point>
								<point>
									-1.35611 1.49636 -2.23727
									<!--BW_String-->
								</point>
								<point>
									-1.35611 1.49636 -2.20049
									<!--BW_String-->
								</point>
								<point>
									-1.35611 1.49636 -2.16371
									<!--BW_String-->
								</point>
								<point>
									-1.35611 1.49636 -2.12693
									<!--BW_String-->
								</point>
								<point>
									-1.35611 1.49636 -2.09016
									<!--BW_String-->
								</point>
								<point>
									-1.35611 1.49636 -2.05338
									<!--BW_String-->
								</point>
								<point>
									-1.35611 1.49636 -2.0166
									<!--BW_String-->
								</point>
								<point>
									-1.35611 1.49636 -1.97982
									<!--BW_String-->
								</point>
								<point>
									-1.35611 1.49636 -1.94304
									<!--BW_String-->
								</point>
								<point>
									-1.35611 1.49638 -1.90626
									<!--BW_String-->
								</point>
								<point>
									-1.35611 1.49641 -1.86948
									<!--BW_String-->
								</point>
								<point>
									-1.35611 1.49644 -1.8327
									<!--BW_String-->
								</point>
								<point>
									-1.35611 1.49647 -1.79593
									<!--BW_String-->
								</point>
								<point>
									-1.35611 1.4965 -1.75915
									<!--BW_String-->
								</point>
								<point>
									-1.35611 1.49653 -1.72237
									<!--BW_String-->
								</point>
								<point>
									-1.35611 1.49656 -1.68559
									<!--BW_String-->
								</point>
								<point>
									-1.35611 1.49659 -1.64881
									<!--BW_String-->
								</point>
								<point>
									-1.35611 1.49662 -1.61203
									<!--BW_String-->
								</point>
								<point>
									-1.35611 1.49665 -1.57525
									<!--BW_String-->
								</point>
								<point>
									-1.35611 1.49668 -1.53847
									<!--BW_String-->
								</point>
								<point>
									-1.35611 1.49671 -1.5017
									<!--BW_String-->
								</point>
								<point>
									-1.35611 1.49675 -1.46492
									<!--BW_String-->
								</point>
								<point>
									-1.35611 1.49678 -1.42814
									<!--BW_String-->
								</point>
								<point>
									-1.35611 1.49681 -1.39136
									<!--BW_String-->
								</point>
								<point>
									-1.35611 1.49684 -1.35458
									<!--BW_String-->
								</point>
								<point>
									-1.35611 1.49687 -1.3178
									<!--BW_String-->
								</point>
								<point>
									-1.35611 1.4969 -1.28102
									<!--BW_String-->
								</point>
								<point>
									-1.35611 1.49693 -1.24424
									<!--BW_String-->
								</point>
								<point>
									-1.35611 1.49696 -1.20747
									<!--BW_String-->
								</point>
								<point>
									-1.35611 1.49699 -1.17069
									<!--BW_String-->
								</point>
								<point>
									-1.35611 1.49702 -1.13391
									<!--BW_String-->
								</point>
								<point>
									-1.35611 1.49705 -1.09713
									<!--BW_String-->
								</point>
								<point>
									-1.35611 1.49708 -1.06035
									<!--BW_String-->
								</point>
								<point>
									-1.35611 1.49711 -1.02357
									<!--BW_String-->
								</point>
								<point>
									-1.35611 1.49714 -0.986793
									<!--BW_String-->
								</point>
								<point>
									-1.35611 1.49717 -0.950014
									<!--BW_String-->
								</point>
								<point>
									-1.35611 1.4972 -0.913235
									<!--BW_String-->
								</point>
								<point>
									-1.35611 1.49723 -0.876456
									<!--BW_String-->
								</point>
								<point>
									-1.35611 1.49726 -0.839677
									<!--BW_String-->
								</point>
								<point>
									-1.35611 1.49729 -0.802898
									<!--BW_String-->
								</point>
								<point>
									-1.35611 1.49732 -0.76612
									<!--BW_String-->
								</point>
								<point>
									-1.35611 1.49734 -0.729341
									<!--BW_String-->
								</point>
								<point>
									-1.35611 1.49734 -0.692562
									<!--BW_String-->
								</point>
								<point>
									-1.35611 1.49734 -0.655784
									<!--BW_String-->
								</point>
								<point>
									-1.35611 1.49734 -0.619005
									<!--BW_String-->
								</point>
								<point>
									-1.35611 1.49734 -0.582226
									<!--BW_String-->
								</point>
								<point>
									-1.35611 1.49734 -0.545447
									<!--BW_String-->
								</point>
								<point>
									-1.35611 1.49734 -0.508668
									<!--BW_String-->
								</point>
								<point>
									-1.35611 1.49734 -0.471889
									<!--BW_String-->
								</point>
								<point>
									-1.35611 1.49734 -0.43511
									<!--BW_String-->
								</point>
								<point>
									-1.35611 1.49735 -0.398332
									<!--BW_String-->
								</point>
								<point>
									-1.35611 1.49735 -0.361553
									<!--BW_String-->
								</point>
								<point>
									-1.35611 1.49735 -0.324774
									<!--BW_String-->
								</point>
								<point>
									-1.35611 1.49735 -0.287996
									<!--BW_String-->
								</point>
								<point>
									-1.35611 1.49735 -0.251217
									<!--BW_String-->
								</point>
								<point>
									-1.35611 1.49735 -0.214438
									<!--BW_String-->
								</point>
								<point>
									-1.35611 1.49735 -0.177659
									<!--BW_String-->
								</point>
								<point>
									-1.35611 1.49735 -0.14088
									<!--BW_String-->
								</point>
								<point>
									-1.35611 1.49735 -0.104102
									<!--BW_String-->
								</point>
								<point>
									-1.35611 1.49735 -0.0673231
									<!--BW_String-->
								</point>
								<point>
									-1.35611 1.49735 -0.0305442
									<!--BW_String-->
								</point>
								<point>
									-1.35611 1.49735 0.00623474
									<!--BW_String-->
								</point>
								<point>
									-1.35611 1.49735 0.0430132
									<!--BW_String-->
								</point>
								<point>
									-1.35611 1.49736 0.0797921
									<!--BW_String-->
								</point>
								<point>
									-1.35611 1.49739 0.116571
									<!--BW_String-->
								</point>
								<point>
									-1.35611 1.49743 0.15335
									<!--BW_String-->
								</point>
								<point>
									-1.35611 1.49746 0.190128
									<!--BW_String-->
								</point>
								<point>
									-1.35611 1.49749 0.226907
									<!--BW_String-->
								</point>
								<point>
									-1.35611 1.49752 0.263686
									<!--BW_String-->
								</point>
								<point>
									-1.35611 1.49756 0.300465
									<!--BW_String-->
								</point>
								<point>
									-1.35611 1.49759 0.337244
									<!--BW_String-->
								</point>
								<point>
									-1.35611 1.49762 0.374023
									<!--BW_String-->
								</point>
								<point>
									-1.35611 1.49765 0.410801
									<!--BW_String-->
								</point>
								<point>
									-1.35611 1.49768 0.44758
									<!--BW_String-->
								</point>
								<point>
									-1.35611 1.49772 0.484359
									<!--BW_String-->
								</point>
								<point>
									-1.35611 1.49775 0.521137
									<!--BW_String-->
								</point>
								<point>
									-1.35611 1.49778 0.557916
									<!--BW_String-->
								</point>
								<point>
									-1.35611 1.49781 0.594695
									<!--BW_String-->
								</point>
								<point>
									-1.35611 1.49785 0.631474
									<!--BW_String-->
								</point>
								<point>
									-1.35611 1.49788 0.668253
									<!--BW_String-->
								</point>
								<point>
									-1.35611 1.49791 0.705031
									<!--BW_String-->
								</point>
								<point>
									-1.35611 1.49794 0.74181
									<!--BW_String-->
								</point>
								<point>
									-1.35611 1.49798 0.778589
									<!--BW_String-->
								</point>
								<point>
									-1.35611 1.49801 0.815368
									<!--BW_String-->
								</point>
								<point>
									-1.35611 1.49804 0.852147
									<!--BW_String-->
								</point>
								<point>
									-1.35611 1.49807 0.888925
									<!--BW_String-->
								</point>
								<point>
									-1.35611 1.4981 0.925704
									<!--BW_String-->
								</point>
								<point>
									-1.35611 1.49814 0.962483
									<!--BW_String-->
								</point>
								<point>
									-1.35611 1.49817 0.999261
									<!--BW_String-->
								</point>
								<point>
									-1.35611 1.4982 1.03604
									<!--BW_String-->
								</point>
								<point>
									-1.35611 1.49823 1.07282
									<!--BW_String-->
								</point>
								<point>
									-1.35611 1.49827 1.1096
									<!--BW_String-->
								</point>
								<point>
									-1.35611 1.4983 1.14638
									<!--BW_String-->
								</point>
								<point>
									-1.35611 1.49833 1.18316
									<!--BW_String-->
								</point>
								<point>
									-1.35611 1.49836 1.21993
									<!--BW_String-->
								</point>
								<point>
									-1.35611 1.4984 1.25671
									<!--BW_String-->
								</point>
								<point>
									-1.35611 1.49843 1.29349
									<!--BW_String-->
								</point>
								<point>
									-1.35611 1.49845 1.33027
									<!--BW_String-->
								</point>
								<point>
									-1.35611 1.49845 1.36705
									<!--BW_String-->
								</point>
								<point>
									-1.35611 1.49846 1.40383
									<!--BW_String-->
								</point>
								<point>
									-1.35611 1.49846 1.44061
									<!--BW_String-->
								</point>
								<point>
									-1.35611 1.49846 1.47739
									<!--BW_String-->
								</point>
								<point>
									-1.35611 1.49846 1.51416
									<!--BW_String-->
								</point>
								<point>
									-1.35611 1.49846 1.55094
									<!--BW_String-->
								</point>
								<point>
									-1.35611 1.49846 1.58772
									<!--BW_String-->
								</point>
								<point>
									-1.35612 1.49846 1.6245
									<!--BW_String-->
								</point>
								<point>
									-1.35612 1.49846 1.66128
									<!--BW_String-->
								</point>
								<point>
									-1.35612 1.49846 1.69806
									<!--BW_String-->
								</point>
								<point>
									-1.35612 1.49846 1.73484
									<!--BW_String-->
								</point>
								<point>
									-1.35612 1.49846 1.77162
									<!--BW_String-->
								</point>
								<point>
									-1.35612 1.49846 1.8084
									<!--BW_String-->
								</point>
								<point>
									-1.35612 1.49846 1.84517
									<!--BW_String-->
								</point>
								<point>
									-1.35612 1.49846 1.88195
									<!--BW_String-->
								</point>
								<point>
									-1.35612 1.49846 1.91873
									<!--BW_String-->
								</point>
								<point>
									-1.35612 1.49846 1.95551
									<!--BW_String-->
								</point>
								<point>
									-1.35612 1.49846 1.99229
									<!--BW_String-->
								</point>
								<point>
									-1.35612 1.49846 2.02907
									<!--BW_String-->
								</point>
								<point>
									-1.35612 1.49847 2.06585
									<!--BW_String-->
								</point>
								<point>
									-1.35612 1.4985 2.10262
									<!--BW_String-->
								</point>
								<point>
									-1.35612 1.49854 2.1394
									<!--BW_String-->
								</point>
								<point>
									-1.35612 1.49857 2.17618
									<!--BW_String-->
								</point>
								<point>
									-1.35612 1.49861 2.21296
									<!--BW_String-->
								</point>
								<point>
									-1.35612 1.49864 2.24974
									<!--BW_String-->
								</point>
								<point>
									-1.35612 1.49867 2.28652
									<!--BW_String-->
								</point>
								<point>
									-1.35612 1.49871 2.3233
									<!--BW_String-->
								</point>
								<point>
									-1.35612 1.49874 2.36008
									<!--BW_String-->
								</point>
								<point>
									-1.35612 1.49877 2.39686
									<!--BW_String-->
								</point>
								<point>
									-1.35612 1.49877 2.43363
									<!--BW_String-->
								</point>
								<point>
									-1.35612 1.49877 2.47041
									<!--BW_String-->
								</point>
								<point>
									-1.35612 1.49877 2.50719
									<!--BW_String-->
								</point>
								<point>
									-1.35612 1.49877 2.54397
									<!--BW_String-->
								</point>
								<point>
									-1.35612 1.49877 2.58075
									<!--BW_String-->
								</point>
								<point>
									-1.35612 1.49877 2.61753
									<!--BW_String-->
								</point>
								<point>
									-1.35612 1.49877 2.65431
									<!--BW_String-->
								</point>
								<point>
									-1.35612 1.49878 2.69109
									<!--BW_String-->
								</point>
								<point>
									-1.35612 1.49878 2.72786
									<!--BW_String-->
								</point>
								<point>
									-1.35612 1.49878 2.76464
									<!--BW_String-->
								</point>
								<point>
									-1.35612 1.49878 2.80142
									<!--BW_String-->
								</point>
								<point>
									-1.35612 1.49878 2.8382
									<!--BW_String-->
								</point>
								<point>
									-1.37612 1.49879 2.87498
									<!--BW_String-->
								</point>
								<point>
									-1.41612 1.49881 2.91176
									<!--BW_String-->
								</point>
								<point>
									-1.45612 1.49883 2.94854
									<!--BW_String-->
								</point>
								<point>
									-1.49612 1.49885 2.98532
									<!--BW_String-->
								</point>
								<point>
									-1.53612 1.49887 3.02209
									<!--BW_String-->
								</point>
								<point>
									-1.57612 1.49889 3.05887
									<!--BW_String-->
								</point>
								<point>
									-1.61612 1.49891 3.09565
									<!--BW_String-->
								</point>
								<point>
									-1.66612 1.49893 3.13243
									<!--BW_String-->
								</point>
								<point>
									-1.67612 1.49895 3.16921
									<!--BW_String-->
								</point>
								<point>
									-1.67612 1.49898 3.20599
									<!--BW_String-->
								</point>
								<point>
									-1.67612 1.499 3.24277
									<!--BW_String-->
								</point>
								<point>
									-1.67612 1.49903 3.27955
									<!--BW_String-->
								</point>
								<point>
									-1.67612 1.49905 3.31632
									<!--BW_String-->
								</point>
								<point>
									-1.67612 1.49503 3.3531
									<!--BW_String-->
								</point>
								<point>
									-1.62612 1.47945 3.38988
									<!--BW_String-->
								</point>
								<point>
									-1.43612 1.463 3.42666
									<!--BW_String-->
								</point>
								<point>
									-1.43612 1.38798 3.46344
									<!--BW_String-->
								</point>
								<point>
									-1.66612 1.39717 3.50022
									<!--BW_String-->
								</point>
							</range>
						</top>
						<bottom>
							<range>
								<point>
									-1.3561 1.03936 -3.45097
									<!--BW_String-->
								</point>
								<point>
									-1.3561 1.07608 -3.41419
									<!--BW_String-->
								</point>
								<point>
									-1.3561 1.1022 -3.37741
									<!--BW_String-->
								</point>
								<point>
									-1.3561 1.1022 -3.34063
									<!--BW_String-->
								</point>
								<point>
									-1.3561 1.1022 -3.30385
									<!--BW_String-->
								</point>
								<point>
									-1.3561 1.1022 -3.26708
									<!--BW_String-->
								</point>
								<point>
									-1.3561 1.06684 -3.2303
									<!--BW_String-->
								</point>
								<point>
									-1.3561 1.03007 -3.19352
									<!--BW_String-->
								</point>
							</range>
						</bottom>
					</sourceCollisionHullPoints>
				</left>
				<right>
					<segmentsCount>224</segmentsCount>
					<segmentsOuterThickness>
						0.1
						<!--BW_String-->
					</segmentsOuterThickness>
					<segmentsInnerThickness>
						0.0304383
						<!--BW_String-->
					</segmentsInnerThickness>
					<segmentsPlaneOffset>
						1.47979
						<!--BW_String-->
					</segmentsPlaneOffset>
					<springsLength>
						<backwardMovement>
							<back>
								0.0686483
								<!--BW_String-->
							</back>
							<top>0.056152</top>
							<front>
								0.0599908
								<!--BW_String-->
							</front>
							<bottom>
								0.0260059
								<!--BW_String-->
							</bottom>
						</backwardMovement>
						<forwardMovement>
							<back>
								0.0629414
								<!--BW_String-->
							</back>
							<top>
								0.0686178
								<!--BW_String-->
							</top>
							<front>
								0.0680258
								<!--BW_String-->
							</front>
							<bottom>
								0.0260059
								<!--BW_String-->
							</bottom>
						</forwardMovement>
					</springsLength>
					<mainSegment>
						<model>vehicles/american/A13_T34_hvy/track/segment1_R.model</model>
						<length>
							0.0732846
							<!--BW_String-->
						</length>
					</mainSegment>
					<secSegment>
						<model>vehicles/american/A13_T34_hvy/track/segment2_R.model</model>
						<length>
							0.0715683
							<!--BW_String-->
						</length>
					</secSegment>
					<collisionHull>
						<bottom>
							<part>
								<xStart>
									-3.52305
									<!--BW_String-->
								</xStart>
								<xStep>
									0.00999999
									<!--BW_String-->
								</xStep>
								<ySamples>
									0.630212 0.62393 0.618088 0.612663 0.607634 0.602983 0.598693
									<!--BW_String-->
								</ySamples>
							</part>
							<part>
								<xStart>
									-3.46305
									<!--BW_String-->
								</xStart>
								<xStep>
									0.0366423
									<!--BW_String-->
								</xStep>
								<ySamples>
									0.598693 0.585865 0.577232 0.572492 0.571494 0.574206 0.580713 0.591232
									<!--BW_String-->
								</ySamples>
							</part>
							<part>
								<xStart>
									-3.20655
									<!--BW_String-->
								</xStart>
								<xStep>
									0.00999999
									<!--BW_String-->
								</xStep>
								<ySamples>
									0.591232 0.594845 0.598795 0.603093 0.607754 0.612793 0.618228
									<!--BW_String-->
								</ySamples>
							</part>
						</bottom>
						<top>
							<part>
								<xStart>
									-3.71954
									<!--BW_String-->
								</xStart>
								<xStep>
									0.0366423
									<!--BW_String-->
								</xStep>
								<ySamples>
									1.2797 1.30849 1.33731 1.35837 1.372 1.38562 1.39926 1.4129 1.42653 1.43378 1.43381 1.43383 1.43386 1.43389 1.43392 1.43395 1.43398 1.43401 1.43404 1.43407 1.4341 1.43413 1.43416 1.43419 1.43422 1.43425 1.43428 1.43431 1.43433 1.43436 1.43439 1.43442 1.43442 1.43443 1.43443 1.43443 1.43443 1.43443 1.43443 1.43443 1.43443 1.43443 1.43443 1.43443 1.43443 1.43443 1.43443 1.43443 1.43443 1.43443 1.43446 1.43449 1.43452 1.43455 1.43459 1.43462 1.43465 1.43468 1.43471 1.43474 1.43477 1.4348 1.43483 1.43486 1.43489 1.43492 1.43495 1.43498 1.43501 1.43504 1.43507 1.4351 1.43513 1.43516 1.43519 1.43522 1.43525 1.43528 1.43531 1.43534 1.43537 1.4354 1.43541 1.43541 1.43541 1.43541 1.43541 1.43541 1.43541 1.43541 1.43541 1.43541 1.43541 1.43541 1.43542 1.43542 1.43542 1.43542 1.43542 1.43542 1.43542 1.43542 1.43542 1.43542 1.43544 1.43547 1.4355 1.43554 1.43557 1.4356 1.43563 1.43566 1.4357 1.43573 1.43576 1.43579 1.43583 1.43586 1.43589 1.43592 1.43595 1.43599 1.43602 1.43605 1.43608 1.43612 1.43615 1.43618 1.43621 1.43624 1.43628 1.43631 1.43634 1.43637 1.4364 1.43644 1.43647 1.4365 1.43652 1.43652 1.43652 1.43652 1.43652 1.43652 1.43652 1.43653 1.43653 1.43653 1.43653 1.43653 1.43653 1.43653 1.43653 1.43621 1.43277 1.43653 1.43653 1.43653 1.43654 1.43657 1.43661 1.43664 1.43668 1.43671 1.43674 1.43678 1.43681 1.43684 1.43685 1.43686 1.43686 1.43687 1.43688 1.43689 1.4369 1.43691 1.43691 1.43692 1.43693 1.43694 1.43695 1.43696 1.43696 1.43697 1.43698 1.43699 1.43701 1.43703 1.43706 1.43708 1.4371 1.43712 1.44049 1.45454 1.46106 1.43497 1.36682
									<!--BW_String-->
								</ySamples>
							</part>
						</top>
					</collisionHull>
					<bottomWheels>
						<wheel>WD_R9</wheel>
						<wheel>WD_R8</wheel>
						<wheel>W_R7</wheel>
						<wheel>W_R6</wheel>
						<wheel>W_R5</wheel>
						<wheel>W_R4</wheel>
						<wheel>W_R3</wheel>
						<wheel>W_R2</wheel>
						<wheel>W_R1</wheel>
						<wheel>W_R0</wheel>
						<wheel>WD_R0</wheel>
					</bottomWheels>
					<snapWheels>
						<topFront>
							<wheelName>WD_R0</wheelName>
							<basePos>
								3.17151 0.845439
								<!--BW_String-->
							</basePos>
							<shiftVec>
								0.360617 0.0517697
								<!--BW_String-->
							</shiftVec>
							<jointIdx>18</jointIdx>
						</topFront>
						<topBack>
							<wheelName>WD_R9</wheelName>
							<basePos>
								-3.32492 0.934498
								<!--BW_String-->
							</basePos>
							<shiftVec>
								-0.344195 0.0526696
								<!--BW_String-->
							</shiftVec>
							<jointIdx>126</jointIdx>
						</topBack>
						<bottomBack>
							<wheelName>W_R7</wheelName>
							<basePos>
								-2.64 0.392641
								<!--BW_String-->
							</basePos>
							<shiftVec>
								-0.0102801 -0.358963
								<!--BW_String-->
							</shiftVec>
							<jointIdx>147</jointIdx>
						</bottomBack>
						<bottomFront>
							<wheelName>W_R0</wheelName>
							<basePos>
								2.62304 0.392653
								<!--BW_String-->
							</basePos>
							<shiftVec>
								0.0681393 -0.352586
								<!--BW_String-->
							</shiftVec>
							<jointIdx>0</jointIdx>
						</bottomFront>
					</snapWheels>
					<radiusOverrides>
						<wheel>
							<name>WD_R9</name>
							<radius>0.346995</radius>
						</wheel>
						<wheel>
							<name>WD_R0</name>
							<radius>
								0.36316
								<!--BW_String-->
							</radius>
						</wheel>
					</radiusOverrides>
					<teethSyncs>
						<syncWithMainModel>true</syncWithMainModel>
						<segmentSyncPivotOffset>
							1.47979
							<!--BW_String-->
						</segmentSyncPivotOffset>
						<sync>
							<name>WD_R9</name>
							<startAngle>
								-52.6901
								<!--BW_String-->
							</startAngle>
							<teethCount>15</teethCount>
						</sync>
						<sync>
							<name>WD_R0</name>
							<startAngle>
								-49.6364
								<!--BW_String-->
							</startAngle>
							<teethCount>15</teethCount>
						</sync>
					</teethSyncs>
					<sourceCollisionHullPoints>
						<top>
							<range>
								<point>
									1.35612 1.34167 -3.71961
									<!--BW_String-->
								</point>
								<point>
									1.35612 1.37045 -3.68296
									<!--BW_String-->
								</point>
								<point>
									1.35612 1.39927 -3.64632
									<!--BW_String-->
								</point>
								<point>
									1.35612 1.42033 -3.60968
									<!--BW_String-->
								</point>
								<point>
									1.35612 1.43396 -3.57304
									<!--BW_String-->
								</point>
								<point>
									1.35612 1.44759 -3.5364
									<!--BW_String-->
								</point>
								<point>
									1.35612 1.46122 -3.49975
									<!--BW_String-->
								</point>
								<point>
									1.35612 1.47486 -3.46311
									<!--BW_String-->
								</point>
								<point>
									1.35612 1.4885 -3.42647
									<!--BW_String-->
								</point>
								<point>
									1.35612 1.49574 -3.38983
									<!--BW_String-->
								</point>
								<point>
									1.35612 1.49577 -3.35318
									<!--BW_String-->
								</point>
								<point>
									1.35612 1.4958 -3.31654
									<!--BW_String-->
								</point>
								<point>
									1.35612 1.49583 -3.2799
									<!--BW_String-->
								</point>
								<point>
									1.35612 1.49586 -3.24326
									<!--BW_String-->
								</point>
								<point>
									1.35612 1.49589 -3.20661
									<!--BW_String-->
								</point>
								<point>
									1.35612 1.49592 -3.16997
									<!--BW_String-->
								</point>
								<point>
									1.35612 1.49594 -3.13333
									<!--BW_String-->
								</point>
								<point>
									1.35612 1.49597 -3.09669
									<!--BW_String-->
								</point>
								<point>
									1.35612 1.496 -3.06004
									<!--BW_String-->
								</point>
								<point>
									1.35612 1.49603 -3.0234
									<!--BW_String-->
								</point>
								<point>
									1.35612 1.49606 -2.98676
									<!--BW_String-->
								</point>
								<point>
									1.35612 1.49609 -2.95012
									<!--BW_String-->
								</point>
								<point>
									1.35612 1.49612 -2.91348
									<!--BW_String-->
								</point>
								<point>
									1.35612 1.49615 -2.87683
									<!--BW_String-->
								</point>
								<point>
									1.35612 1.49618 -2.84019
									<!--BW_String-->
								</point>
								<point>
									1.35612 1.49621 -2.80355
									<!--BW_String-->
								</point>
								<point>
									1.35612 1.49624 -2.76691
									<!--BW_String-->
								</point>
								<point>
									1.35612 1.49627 -2.73026
									<!--BW_String-->
								</point>
								<point>
									1.35612 1.4963 -2.69362
									<!--BW_String-->
								</point>
								<point>
									1.35612 1.49633 -2.65698
									<!--BW_String-->
								</point>
								<point>
									1.35612 1.49636 -2.62034
									<!--BW_String-->
								</point>
								<point>
									1.35612 1.49639 -2.58369
									<!--BW_String-->
								</point>
								<point>
									1.35612 1.49639 -2.54705
									<!--BW_String-->
								</point>
								<point>
									1.35612 1.49639 -2.51041
									<!--BW_String-->
								</point>
								<point>
									1.35612 1.49639 -2.47377
									<!--BW_String-->
								</point>
								<point>
									1.35611 1.49639 -2.43713
									<!--BW_String-->
								</point>
								<point>
									1.35611 1.49639 -2.40048
									<!--BW_String-->
								</point>
								<point>
									1.35611 1.49639 -2.36384
									<!--BW_String-->
								</point>
								<point>
									1.35611 1.49639 -2.3272
									<!--BW_String-->
								</point>
								<point>
									1.35611 1.49639 -2.29056
									<!--BW_String-->
								</point>
								<point>
									1.35611 1.49639 -2.25391
									<!--BW_String-->
								</point>
								<point>
									1.35611 1.49639 -2.21727
									<!--BW_String-->
								</point>
								<point>
									1.35611 1.49639 -2.18063
									<!--BW_String-->
								</point>
								<point>
									1.35611 1.49639 -2.14399
									<!--BW_String-->
								</point>
								<point>
									1.35611 1.49639 -2.10734
									<!--BW_String-->
								</point>
								<point>
									1.35611 1.4964 -2.0707
									<!--BW_String-->
								</point>
								<point>
									1.35611 1.4964 -2.03406
									<!--BW_String-->
								</point>
								<point>
									1.35611 1.4964 -1.99742
									<!--BW_String-->
								</point>
								<point>
									1.35611 1.4964 -1.96078
									<!--BW_String-->
								</point>
								<point>
									1.35611 1.4964 -1.92413
									<!--BW_String-->
								</point>
								<point>
									1.35611 1.49643 -1.88749
									<!--BW_String-->
								</point>
								<point>
									1.35611 1.49646 -1.85085
									<!--BW_String-->
								</point>
								<point>
									1.35611 1.49649 -1.81421
									<!--BW_String-->
								</point>
								<point>
									1.35611 1.49652 -1.77756
									<!--BW_String-->
								</point>
								<point>
									1.35611 1.49655 -1.74092
									<!--BW_String-->
								</point>
								<point>
									1.35611 1.49658 -1.70428
									<!--BW_String-->
								</point>
								<point>
									1.35611 1.49661 -1.66764
									<!--BW_String-->
								</point>
								<point>
									1.35611 1.49664 -1.63099
									<!--BW_String-->
								</point>
								<point>
									1.35611 1.49667 -1.59435
									<!--BW_String-->
								</point>
								<point>
									1.35611 1.4967 -1.55771
									<!--BW_String-->
								</point>
								<point>
									1.35611 1.49673 -1.52107
									<!--BW_String-->
								</point>
								<point>
									1.35611 1.49676 -1.48443
									<!--BW_String-->
								</point>
								<point>
									1.35611 1.49679 -1.44778
									<!--BW_String-->
								</point>
								<point>
									1.35611 1.49682 -1.41114
									<!--BW_String-->
								</point>
								<point>
									1.35611 1.49685 -1.3745
									<!--BW_String-->
								</point>
								<point>
									1.35611 1.49688 -1.33786
									<!--BW_String-->
								</point>
								<point>
									1.35611 1.49691 -1.30121
									<!--BW_String-->
								</point>
								<point>
									1.35611 1.49694 -1.26457
									<!--BW_String-->
								</point>
								<point>
									1.35611 1.49697 -1.22793
									<!--BW_String-->
								</point>
								<point>
									1.35611 1.497 -1.19129
									<!--BW_String-->
								</point>
								<point>
									1.35611 1.49703 -1.15464
									<!--BW_String-->
								</point>
								<point>
									1.35611 1.49707 -1.118
									<!--BW_String-->
								</point>
								<point>
									1.35611 1.4971 -1.08136
									<!--BW_String-->
								</point>
								<point>
									1.35611 1.49713 -1.04472
									<!--BW_String-->
								</point>
								<point>
									1.35611 1.49716 -1.00808
									<!--BW_String-->
								</point>
								<point>
									1.35611 1.49719 -0.971433
									<!--BW_String-->
								</point>
								<point>
									1.35611 1.49722 -0.934791
									<!--BW_String-->
								</point>
								<point>
									1.35611 1.49725 -0.898148
									<!--BW_String-->
								</point>
								<point>
									1.35611 1.49728 -0.861506
									<!--BW_String-->
								</point>
								<point>
									1.35611 1.49731 -0.824864
									<!--BW_String-->
								</point>
								<point>
									1.35611 1.49734 -0.788222
									<!--BW_String-->
								</point>
								<point>
									1.35611 1.49737 -0.751579
									<!--BW_String-->
								</point>
								<point>
									1.35611 1.49737 -0.714937
									<!--BW_String-->
								</point>
								<point>
									1.35611 1.49737 -0.678294
									<!--BW_String-->
								</point>
								<point>
									1.35611 1.49737 -0.641652
									<!--BW_String-->
								</point>
								<point>
									1.35611 1.49737 -0.60501
									<!--BW_String-->
								</point>
								<point>
									1.35611 1.49738 -0.568368
									<!--BW_String-->
								</point>
								<point>
									1.35611 1.49738 -0.531725
									<!--BW_String-->
								</point>
								<point>
									1.35611 1.49738 -0.495083
									<!--BW_String-->
								</point>
								<point>
									1.35611 1.49738 -0.45844
									<!--BW_String-->
								</point>
								<point>
									1.35611 1.49738 -0.421798
									<!--BW_String-->
								</point>
								<point>
									1.35611 1.49738 -0.385156
									<!--BW_String-->
								</point>
								<point>
									1.35611 1.49738 -0.348514
									<!--BW_String-->
								</point>
								<point>
									1.35611 1.49738 -0.311871
									<!--BW_String-->
								</point>
								<point>
									1.35611 1.49738 -0.275229
									<!--BW_String-->
								</point>
								<point>
									1.35611 1.49738 -0.238587
									<!--BW_String-->
								</point>
								<point>
									1.35611 1.49738 -0.201944
									<!--BW_String-->
								</point>
								<point>
									1.35611 1.49738 -0.165302
									<!--BW_String-->
								</point>
								<point>
									1.35611 1.49738 -0.12866
									<!--BW_String-->
								</point>
								<point>
									1.35611 1.49738 -0.0920173
									<!--BW_String-->
								</point>
								<point>
									1.35611 1.49738 -0.0553752
									<!--BW_String-->
								</point>
								<point>
									1.35611 1.49738 -0.0187327
									<!--BW_String-->
								</point>
								<point>
									1.35611 1.49738 0.0179094
									<!--BW_String-->
								</point>
								<point>
									1.35611 1.49738 0.0545519
									<!--BW_String-->
								</point>
								<point>
									1.35611 1.4974 0.091194
									<!--BW_String-->
								</point>
								<point>
									1.35611 1.49744 0.127837
									<!--BW_String-->
								</point>
								<point>
									1.35611 1.49747 0.164479
									<!--BW_String-->
								</point>
								<point>
									1.35611 1.4975 0.201121
									<!--BW_String-->
								</point>
								<point>
									1.35611 1.49753 0.237763
									<!--BW_String-->
								</point>
								<point>
									1.35611 1.49757 0.274406
									<!--BW_String-->
								</point>
								<point>
									1.35611 1.4976 0.311048
									<!--BW_String-->
								</point>
								<point>
									1.35611 1.49763 0.34769
									<!--BW_String-->
								</point>
								<point>
									1.35611 1.49766 0.384333
									<!--BW_String-->
								</point>
								<point>
									1.35611 1.49769 0.420975
									<!--BW_String-->
								</point>
								<point>
									1.35611 1.49773 0.457618
									<!--BW_String-->
								</point>
								<point>
									1.35611 1.49776 0.49426
									<!--BW_String-->
								</point>
								<point>
									1.35611 1.49779 0.530902
									<!--BW_String-->
								</point>
								<point>
									1.35611 1.49782 0.567544
									<!--BW_String-->
								</point>
								<point>
									1.35611 1.49785 0.604187
									<!--BW_String-->
								</point>
								<point>
									1.35611 1.49789 0.640829
									<!--BW_String-->
								</point>
								<point>
									1.35611 1.49792 0.677471
									<!--BW_String-->
								</point>
								<point>
									1.35611 1.49795 0.714114
									<!--BW_String-->
								</point>
								<point>
									1.35611 1.49798 0.750756
									<!--BW_String-->
								</point>
								<point>
									1.35611 1.49802 0.787398
									<!--BW_String-->
								</point>
								<point>
									1.35611 1.49805 0.824041
									<!--BW_String-->
								</point>
								<point>
									1.35611 1.49808 0.860683
									<!--BW_String-->
								</point>
								<point>
									1.35611 1.49811 0.897325
									<!--BW_String-->
								</point>
								<point>
									1.35611 1.49814 0.933967
									<!--BW_String-->
								</point>
								<point>
									1.35611 1.49818 0.97061
									<!--BW_String-->
								</point>
								<point>
									1.35611 1.49821 1.00725
									<!--BW_String-->
								</point>
								<point>
									1.35611 1.49824 1.04389
									<!--BW_String-->
								</point>
								<point>
									1.35611 1.49827 1.08054
									<!--BW_String-->
								</point>
								<point>
									1.35611 1.49831 1.11718
									<!--BW_String-->
								</point>
								<point>
									1.35611 1.49834 1.15382
									<!--BW_String-->
								</point>
								<point>
									1.35611 1.49837 1.19046
									<!--BW_String-->
								</point>
								<point>
									1.35611 1.4984 1.22711
									<!--BW_String-->
								</point>
								<point>
									1.35611 1.49843 1.26375
									<!--BW_String-->
								</point>
								<point>
									1.35611 1.49847 1.30039
									<!--BW_String-->
								</point>
								<point>
									1.35611 1.49849 1.33703
									<!--BW_String-->
								</point>
								<point>
									1.35611 1.49849 1.37368
									<!--BW_String-->
								</point>
								<point>
									1.35611 1.49849 1.41032
									<!--BW_String-->
								</point>
								<point>
									1.35611 1.49849 1.44696
									<!--BW_String-->
								</point>
								<point>
									1.35611 1.49849 1.4836
									<!--BW_String-->
								</point>
								<point>
									1.35611 1.49849 1.52024
									<!--BW_String-->
								</point>
								<point>
									1.35611 1.49849 1.55689
									<!--BW_String-->
								</point>
								<point>
									1.35611 1.49849 1.59353
									<!--BW_String-->
								</point>
								<point>
									1.35611 1.49849 1.63017
									<!--BW_String-->
								</point>
								<point>
									1.35611 1.49849 1.66681
									<!--BW_String-->
								</point>
								<point>
									1.35611 1.49849 1.70346
									<!--BW_String-->
								</point>
								<point>
									1.35611 1.49849 1.7401
									<!--BW_String-->
								</point>
								<point>
									1.35611 1.49849 1.77674
									<!--BW_String-->
								</point>
								<point>
									1.35611 1.49849 1.81338
									<!--BW_String-->
								</point>
								<point>
									1.35611 1.49849 1.85003
									<!--BW_String-->
								</point>
								<point>
									1.64611 1.49818 1.88667
									<!--BW_String-->
								</point>
								<point>
									1.58611 1.49473 1.92331
									<!--BW_String-->
								</point>
								<point>
									1.35611 1.4985 1.95995
									<!--BW_String-->
								</point>
								<point>
									1.35611 1.4985 1.99659
									<!--BW_String-->
								</point>
								<point>
									1.35611 1.4985 2.03324
									<!--BW_String-->
								</point>
								<point>
									1.35611 1.4985 2.06988
									<!--BW_String-->
								</point>
								<point>
									1.35611 1.49854 2.10652
									<!--BW_String-->
								</point>
								<point>
									1.35611 1.49857 2.14316
									<!--BW_String-->
								</point>
								<point>
									1.35611 1.49861 2.17981
									<!--BW_String-->
								</point>
								<point>
									1.35611 1.49864 2.21645
									<!--BW_String-->
								</point>
								<point>
									1.35611 1.49868 2.25309
									<!--BW_String-->
								</point>
								<point>
									1.35611 1.49871 2.28973
									<!--BW_String-->
								</point>
								<point>
									1.35611 1.49874 2.32638
									<!--BW_String-->
								</point>
								<point>
									1.35611 1.49878 2.36302
									<!--BW_String-->
								</point>
								<point>
									1.35611 1.49881 2.39966
									<!--BW_String-->
								</point>
								<point>
									1.35611 1.49881 2.4363
									<!--BW_String-->
								</point>
								<point>
									1.35611 1.49882 2.47295
									<!--BW_String-->
								</point>
								<point>
									1.35611 1.49883 2.50959
									<!--BW_String-->
								</point>
								<point>
									1.35611 1.49884 2.54623
									<!--BW_String-->
								</point>
								<point>
									1.35611 1.49885 2.58287
									<!--BW_String-->
								</point>
								<point>
									1.35611 1.49886 2.61951
									<!--BW_String-->
								</point>
								<point>
									1.35611 1.49886 2.65616
									<!--BW_String-->
								</point>
								<point>
									1.35611 1.49887 2.6928
									<!--BW_String-->
								</point>
								<point>
									1.35611 1.49888 2.72944
									<!--BW_String-->
								</point>
								<point>
									1.35611 1.49889 2.76608
									<!--BW_String-->
								</point>
								<point>
									1.35611 1.4989 2.80273
									<!--BW_String-->
								</point>
								<point>
									1.35611 1.49891 2.83937
									<!--BW_String-->
								</point>
								<point>
									1.35611 1.49891 2.87601
									<!--BW_String-->
								</point>
								<point>
									1.35611 1.49892 2.91265
									<!--BW_String-->
								</point>
								<point>
									1.35611 1.49893 2.9493
									<!--BW_String-->
								</point>
								<point>
									1.3561 1.49894 2.98594
									<!--BW_String-->
								</point>
								<point>
									1.3561 1.49895 3.02258
									<!--BW_String-->
								</point>
								<point>
									1.3561 1.49896 3.05922
									<!--BW_String-->
								</point>
								<point>
									1.3761 1.49898 3.09586
									<!--BW_String-->
								</point>
								<point>
									1.3961 1.499 3.13251
									<!--BW_String-->
								</point>
								<point>
									1.4261 1.49902 3.16915
									<!--BW_String-->
								</point>
								<point>
									1.4461 1.49905 3.20579
									<!--BW_String-->
								</point>
								<point>
									1.4661 1.49907 3.24243
									<!--BW_String-->
								</point>
								<point>
									1.6761 1.49909 3.27908
									<!--BW_String-->
								</point>
								<point>
									1.6761 1.50246 3.31572
									<!--BW_String-->
								</point>
								<point>
									1.6761 1.51651 3.35236
									<!--BW_String-->
								</point>
								<point>
									1.6761 1.52303 3.389
									<!--BW_String-->
								</point>
								<point>
									1.4961 1.49694 3.42565
									<!--BW_String-->
								</point>
								<point>
									1.6161 1.42879 3.46229
									<!--BW_String-->
								</point>
							</range>
						</top>
						<bottom>
							<range>
								<point>
									1.35612 1.02733 -3.46311
									<!--BW_String-->
								</point>
								<point>
									1.35612 1.06392 -3.42647
									<!--BW_String-->
								</point>
								<point>
									1.35612 1.10051 -3.38983
									<!--BW_String-->
								</point>
								<point>
									1.35612 1.1023 -3.35318
									<!--BW_String-->
								</point>
								<point>
									1.35612 1.1023 -3.31654
									<!--BW_String-->
								</point>
								<point>
									1.35612 1.1023 -3.2799
									<!--BW_String-->
								</point>
								<point>
									1.35612 1.0799 -3.24326
									<!--BW_String-->
								</point>
								<point>
									1.35612 1.04326 -3.20661
									<!--BW_String-->
								</point>
							</range>
						</bottom>
					</sourceCollisionHullPoints>
				</right>
			</physicalTracks>
			<customization>
				<customizableVehicleAreas>
					<paint/>
					<camouflage/>
				</customizableVehicleAreas>
			</customization>
		</T80E3_BF>
	</chassis>
	<turrets0>
		<T34T7_BF>
			<userString>#usa_vehicles:T34T7_BF</userString>
			<tags/>
			<level>9</level>
			<notInShop>true</notInShop>
			<price>47700</price>
			<armor>
				<armor_1>178</armor_1>
				<armor_2>
					203.2
					<!--BW_String-->
				</armor_2>
				<armor_3>127</armor_3>
				<armor_4>203</armor_4>
				<armor_5>178</armor_5>
				<armor_6>38</armor_6>
				<armor_7>127</armor_7>
				<armor_8>0</armor_8>
				<armor_9>51</armor_9>
				<armor_10>38</armor_10>
				<armor_11>
					228.6
					<!--BW_String-->
				</armor_11>
				<armor_12>
					203.2
					<!--BW_String-->
				</armor_12>
				<armor_13>
					139.7
					<!--BW_String-->
				</armor_13>
				<armor_14>
					228.6
					<!--BW_String-->
				</armor_14>
				<armor_15>
					215.9
					<!--BW_String-->
				</armor_15>
				<armor_16>
					279.4
					<!--BW_String-->
				</armor_16>
			</armor>
			<primaryArmor>armor_16 armor_3 armor_4</primaryArmor>
			<weight>12800</weight>
			<maxHealth>300</maxHealth>
			<rotationSpeed>18</rotationSpeed>
			<turretRotatorHealth>
				<maxHealth>150</maxHealth>
				<maxRegenHealth>75</maxRegenHealth>
				<repairCost>
					1.0
					<!--BW_String-->
				</repairCost>
			</turretRotatorHealth>
			<circularVisionRadius>380</circularVisionRadius>
			<surveyingDeviceHealth>
				<maxHealth>100</maxHealth>
				<maxRegenHealth>50</maxRegenHealth>
				<repairCost>
					1.0
					<!--BW_String-->
				</repairCost>
			</surveyingDeviceHealth>
			<guns>
				<_120mm_Gun_T53A1>
					shared
					<maxAmmo>34</maxAmmo>
					<pitchLimits>
						<minPitch>0 -15 1 -15</minPitch>
						<maxPitch>
							0 10 0.353005 10 0.416667 5 0.583333 5 0.646995 10 1 10
							<!--BW_String-->
						</maxPitch>
					</pitchLimits>
					<armor>
						<armor_1>
							279
							<vehicleDamageFactor>
								0.0
								<!--BW_String-->
							</vehicleDamageFactor>
						</armor_1>
						<armor_2>
							203
							<vehicleDamageFactor>
								0.0
								<!--BW_String-->
							</vehicleDamageFactor>
						</armor_2>
						<armor_4>
							0
							<vehicleDamageFactor>
								0.0
								<!--BW_String-->
							</vehicleDamageFactor>
						</armor_4>
						<gun>50</gun>
					</armor>
					<reloadTime>15</reloadTime>
					<shotDispersionFactors>
						<turretRotation>
							0.22
							<!--BW_String-->
						</turretRotation>
						<afterShot>
							4.0
							<!--BW_String-->
						</afterShot>
						<whileGunDamaged>
							2.0
							<!--BW_String-->
						</whileGunDamaged>
					</shotDispersionFactors>
					<aimingTime>
						3.2
						<!--BW_String-->
					</aimingTime>
					<invisibilityFactorAtShot>
						0.18
						<!--BW_String-->
					</invisibilityFactorAtShot>
					<effects>shot_120mm_m58</effects>
					<models>
						<undamaged>vehicles/american/A13_T34_hvy_BF/normal/lod0/Gun_01.model</undamaged>
						<destroyed>vehicles/american/A13_T34_hvy_BF/crash/lod0/Gun_01.model</destroyed>
						<exploded>vehicles/american/A13_T34_hvy_BF/crash/lod0/Gun_01.model</exploded>
					</models>
					<hitTester>
						<collisionModelServer>vehicles/american/A13_T34_hvy_BF/collision/Gun_01.model</collisionModelServer>
						<collisionModelClient>vehicles/american/A13_T34_hvy_BF/collision_client/Gun_01.model</collisionModelClient>
					</hitTester>
					<animateEmblemSlots>true</animateEmblemSlots>
					<customizationSlots>
						<slot>
							<slotType>insigniaOnGun</slotType>
							<slotId>49000</slotId>
							<rayStart>
								-0.000334027 -0.0111681 2.97111
								<!--BW_String-->
							</rayStart>
							<rayEnd>
								-0.04401 -0.0634086 2.96621
								<!--BW_String-->
							</rayEnd>
							<rayUp>
								0.149 0.000000 0.000000
								<!--BW_String-->
							</rayUp>
							<applyToFabric>true</applyToFabric>
							<size>
								0.9
								<!--BW_String-->
							</size>
							<hideIfDamaged>false</hideIfDamaged>
							<isUVProportional>true</isUVProportional>
						</slot>
					</customizationSlots>
					<customization>
						<customizableVehicleAreas>
							<paint/>
							<camouflage/>
						</customizableVehicleAreas>
					</customization>
					<camouflage>
						<tiling>
							0.595 0.295 0.000000 0.000000
							<!--BW_String-->
						</tiling>
						<density>
							95.2227 92.6153
							<!--BW_String-->
						</density>
						<aoTextureSize>512 256</aoTextureSize>
					</camouflage>
				</_120mm_Gun_T53A1>
			</guns>
			<models>
				<undamaged>vehicles/american/A13_T34_hvy_BF/normal/lod0/Turret_01.model</undamaged>
				<destroyed>vehicles/american/A13_T34_hvy_BF/crash/lod0/Turret_01.model</destroyed>
				<exploded>vehicles/american/A13_T34_hvy_BF/crash/lod0/Turret_01.model</exploded>
			</models>
			<hitTester>
				<collisionModelServer>vehicles/american/A13_T34_hvy_BF/collision/Turret_01.model</collisionModelServer>
				<collisionModelClient>vehicles/american/A13_T34_hvy_BF/collision_client/Turret_01.model</collisionModelClient>
			</hitTester>
			<gunPosition>
				0.000000 0.474 1.07551
				<!--BW_String-->
			</gunPosition>
			<showEmblemsOnGun>false</showEmblemsOnGun>
			<physicsShape>
				0.944 -0.058 1.000 0.000 0.941 0.030 0.753 0.703 0.379 0.500 0.082 0.500 0.030 0.000 0.214
				<!--BW_String-->
			</physicsShape>
			<wwturretRotatorSoundManual>tur_mech_trav</wwturretRotatorSoundManual>
			<customizationSlots>
				<slot>
					<slotType>player</slotType>
					<slotId>33000</slotId>
					<rayStart>
						1.20552 0.815632 -1.17084
						<!--BW_String-->
					</rayStart>
					<rayEnd>
						1.00789 0.796599 -1.14672
						<!--BW_String-->
					</rayEnd>
					<rayUp>
						0.000000 1 0.000000
						<!--BW_String-->
					</rayUp>
					<isMirrored>true</isMirrored>
					<size>
						0.3
						<!--BW_String-->
					</size>
					<hideIfDamaged>false</hideIfDamaged>
					<isUVProportional>true</isUVProportional>
				</slot>
				<slot>
					<slotType>player</slotType>
					<slotId>33001</slotId>
					<rayStart>
						-1.17012 0.818005 -1.13947
						<!--BW_String-->
					</rayStart>
					<rayEnd>
						-1.07153 0.80635 -1.12742
						<!--BW_String-->
					</rayEnd>
					<rayUp>
						0.000000 1 0.000000
						<!--BW_String-->
					</rayUp>
					<size>
						0.3
						<!--BW_String-->
					</size>
					<hideIfDamaged>false</hideIfDamaged>
					<isUVProportional>true</isUVProportional>
				</slot>
				<slot>
					<slotType>inscription</slotType>
					<slotId>34000</slotId>
					<rayStart>
						1.35769 0.770281 0.112205
						<!--BW_String-->
					</rayStart>
					<rayEnd>
						1.16112 0.752444 0.0799486
						<!--BW_String-->
					</rayEnd>
					<rayUp>
						0.000000 1 0.000000
						<!--BW_String-->
					</rayUp>
					<size>
						0.7
						<!--BW_String-->
					</size>
					<hideIfDamaged>true</hideIfDamaged>
					<isUVProportional>true</isUVProportional>
				</slot>
				<slot>
					<slotType>inscription</slotType>
					<slotId>34001</slotId>
					<rayStart>
						-1.36082 0.777315 -0.0549563
						<!--BW_String-->
					</rayStart>
					<rayEnd>
						-1.16158 0.760157 -0.0513832
						<!--BW_String-->
					</rayEnd>
					<rayUp>
						0.000000 1 0.000000
						<!--BW_String-->
					</rayUp>
					<size>
						0.7
						<!--BW_String-->
					</size>
					<hideIfDamaged>true</hideIfDamaged>
					<isUVProportional>true</isUVProportional>
				</slot>
			</customizationSlots>
			<customization>
				<customizableVehicleAreas>
					<paint/>
					<camouflage/>
				</customizableVehicleAreas>
			</customization>
			<camouflage>
				<tiling>
					0.7 0.7 0.12 0.000000
					<!--BW_String-->
				</tiling>
				<density>
					81.9423 81.8986
					<!--BW_String-->
				</density>
				<aoTextureSize>512 512</aoTextureSize>
			</camouflage>
		</T34T7_BF>
	</turrets0>
	<engines>
		<Continental_AV-1790-3A1>shared</Continental_AV-1790-3A1>
	</engines>
	<fuelTanks>
		<Large>shared</Large>
	</fuelTanks>
	<radios>
		<SCR_528A1>shared</SCR_528A1>
	</radios>
	<physics>
		<detailed>
			<engines>
				<Continental_AV-1790-3A1>
					<smplEnginePower>
						856.3977
						<!--BW_String-->
					</smplEnginePower>
					<smplFwMaxSpeed>35</smplFwMaxSpeed>
				</Continental_AV-1790-3A1>
			</engines>
			<chassis>
				<T80E3_BF>
					<grounds>
						<soft>
							<rollingFriction>
								0.2737
								<!--BW_String-->
							</rollingFriction>
						</soft>
						<medium>
							<rollingFriction>
								0.13685
								<!--BW_String-->
							</rollingFriction>
						</medium>
						<firm>
							<rollingFriction>
								0.1127
								<!--BW_String-->
							</rollingFriction>
						</firm>
					</grounds>
				</T80E3_BF>
			</chassis>
		</detailed>
	</physics>
	<clientAdjustmentFactors>
		<armour>
			0.968169405
			<!--BW_String-->
		</armour>
	</clientAdjustmentFactors>
	<effects>
		<collision/>
		<damagedStateGroup>large</damagedStateGroup>
	</effects>
	<emblems>
		<default>15503</default>
		<lodDist>MEDIUM</lodDist>
		<alpha>
			0.82
			<!--BW_String-->
		</alpha>
	</emblems>
	<customDefaultCamouflage>true</customDefaultCamouflage>
</root>
