<?xml version="1.0" encoding="utf-8"?>
<root>
	<xmlns:xmlref>http://bwt/xmlref</xmlns:xmlref>
	<crew>
		<commander>loader</commander>
		<gunner/>
		<driver/>
		<radioman/>
	</crew>
	<supplySlots>3 1 1 6 6 6 7 8 8 8</supplySlots>
	<speedLimits>
		<forward>91</forward>
		<backward>65</backward>
	</speedLimits>
	<invisibility>
		<moving>
			0.371
			<!--BW_String-->
		</moving>
		<still>
			0.371
			<!--BW_String-->
		</still>
		<camouflageBonus>
			0.03
			<!--BW_String-->
		</camouflageBonus>
		<firePenalty>
			0.557
			<!--BW_String-->
		</firePenalty>
	</invisibility>
	<optDevsOverrides>
		<camouflageNet>
			<invisibilityBonus>
				0.1 0.125
				<!--BW_String-->
			</invisibilityBonus>
		</camouflageNet>
		<additionalInvisibilityDevice>
			<invisibilityBonus>
				0.06 0.08
				<!--BW_String-->
			</invisibilityBonus>
		</additionalInvisibilityDevice>
	</optDevsOverrides>
	<repairCost>
		13.5
		<!--BW_String-->
	</repairCost>
	<crewXpFactor>
		1.0
		<!--BW_String-->
	</crewXpFactor>
	<camouflage>
		<priceFactor>
			2.0
			<!--BW_String-->
		</priceFactor>
		<tiling>1 1 0 0</tiling>
		<exclusionMask/>
	</camouflage>
	<hull>
		<armor>
			<armor_1>40</armor_1>
			<armor_3>16</armor_3>
			<armor_4>40</armor_4>
			<armor_5>10</armor_5>
			<armor_6>20</armor_6>
			<armor_8>0</armor_8>
		</armor>
		<primaryArmor>armor_1 armor_3 armor_4</primaryArmor>
		<weight>8131</weight>
		<maxHealth>1040</maxHealth>
		<ammoBayHealth>
			<maxHealth>260</maxHealth>
			<maxRegenHealth>180</maxRegenHealth>
			<repairCost>
				1.0
				<!--BW_String-->
			</repairCost>
		</ammoBayHealth>
		<models>
			<undamaged>vehicles/french/F108_Panhard_EBR_105/normal/lod0/Hull.model</undamaged>
			<destroyed>vehicles/french/F108_Panhard_EBR_105/crash/lod0/Hull.model</destroyed>
			<exploded>vehicles/french/F108_Panhard_EBR_105/crash/lod0/Hull.model</exploded>
			<sets>
				<tramontana>
					<undamaged>vehicles/french/F108_Panhard_EBR_105/_skins/tramontana/normal/lod0/Hull.model</undamaged>
					<destroyed>vehicles/french/F108_Panhard_EBR_105/_skins/tramontana/crash/lod0/Hull.model</destroyed>
					<exploded>vehicles/french/F108_Panhard_EBR_105/_skins/tramontana/crash/lod0/Hull.model</exploded>
				</tramontana>
			</sets>
		</models>
		<swinging>
			<lodDist>FAR</lodDist>
			<pitchParams>
				0.34 38.00 0.36 1.00 0.05 0.34
				<!--BW_String-->
			</pitchParams>
			<rollParams>
				1.00 0.34 38.00 0.36 1.00 0.06 0.40
				<!--BW_String-->
			</rollParams>
			<sensitivityToImpulse>
				0.34
				<!--BW_String-->
			</sensitivityToImpulse>
		</swinging>
		<exhaust>
			<pixie>gas_medium</pixie>
			<nodes>HP_Track_Exhaus_1</nodes>
		</exhaust>
		<turretPositions>
			<turret>0.000000 0.226365 -0.007033</turret>
		</turretPositions>
		<hitTester>
			<collisionModelServer>vehicles/french/F108_Panhard_EBR_105/collision/Hull.model</collisionModelServer>
			<collisionModelClient>vehicles/french/F108_Panhard_EBR_105/collision_client/Hull.model</collisionModelClient>
		</hitTester>
		<burnoutAnimation>
			<accumulationImpulse>
				1.0
				<!--BW_String-->
			</accumulationImpulse>
			<dischargeImpulse>
				5.0
				<!--BW_String-->
			</dischargeImpulse>
			<timeToAccumulationImpulse>
				0.1
				<!--BW_String-->
			</timeToAccumulationImpulse>
		</burnoutAnimation>
		<customizationSlots>
			<slot>
				<slotType>clan</slotType>
				<slotId>10000</slotId>
				<rayStart>
					0.471751 0.184528 1.45468
					<!--BW_String-->
				</rayStart>
				<rayEnd>
					0.423747 0.0180404 1.3548
					<!--BW_String-->
				</rayEnd>
				<rayUp>
					0.000000 0.000000 -1
					<!--BW_String-->
				</rayUp>
				<size>
					0.25
					<!--BW_String-->
				</size>
				<hideIfDamaged>true</hideIfDamaged>
				<isUVProportional>true</isUVProportional>
			</slot>
			<slot>
				<slotType>paint</slotType>
				<slotId>11000</slotId>
				<anchorPosition>
					-0.000000 0.172274 -2.13877
					<!--BW_String-->
				</anchorPosition>
				<anchorDirection>0.000000 0.849074 -0.528273</anchorDirection>
			</slot>
			<slot>
				<slotType>camouflage</slotType>
				<slotId>12000</slotId>
				<anchorPosition>
					-0.000000 0.17227 -2.13877
					<!--BW_String-->
				</anchorPosition>
				<anchorDirection>0.000001 0.849099 -0.528234</anchorDirection>
			</slot>
			<slot>
				<slotType>projectionDecal</slotType>
				<slotId>15000</slotId>
				<tags>formfactor_square</tags>
				<position>
					0.000129076 1.39079 -1.99456
					<!--BW_String-->
				</position>
				<rotation>
					2.89643 -0.000057 -0.000221014
					<!--BW_String-->
				</rotation>
				<scale>0.949846 0.299998 0.949877</scale>
				<doubleSided>false</doubleSided>
				<showOn>16</showOn>
				<clipAngle>
					1.43298
					<!--BW_String-->
				</clipAngle>
				<anchorPosition>
					0.000118365 0.238794 -2.00711
					<!--BW_String-->
				</anchorPosition>
				<anchorDirection>
					-0.000207179 0.970098 -0.242714
					<!--BW_String-->
				</anchorDirection>
				<verticalMirror>true</verticalMirror>
			</slot>
			<slot>
				<slotType>projectionDecal</slotType>
				<slotId>15001</slotId>
				<tags>formfactor_rect1x2</tags>
				<position>
					-0.000061 1.73673 1.90979
					<!--BW_String-->
				</position>
				<rotation>
					0.387113 -0.000139667 3.14153
					<!--BW_String-->
				</rotation>
				<scale>
					2.36469 1.4417 2.3648
					<!--BW_String-->
				</scale>
				<doubleSided>false</doubleSided>
				<showOn>16</showOn>
				<clipAngle>0.911347</clipAngle>
				<anchorPosition>
					-0.000066 0.0752542 1.72253
					<!--BW_String-->
				</anchorPosition>
				<anchorDirection>0.000010 0.926003 0.377517</anchorDirection>
			</slot>
			<slot>
				<slotType>projectionDecal</slotType>
				<slotId>15002</slotId>
				<tags>formfactor_rect1x4</tags>
				<position>
					-0.000072 1.52856 1.89744
					<!--BW_String-->
				</position>
				<rotation>
					0.387113 -0.000139667 3.14153
					<!--BW_String-->
				</rotation>
				<scale>
					2.36469 1.4417 2.3648
					<!--BW_String-->
				</scale>
				<doubleSided>false</doubleSided>
				<showOn>16</showOn>
				<clipAngle>0.911347</clipAngle>
				<anchorPosition>
					-0.000075 0.0668689 1.79163
					<!--BW_String-->
				</anchorPosition>
				<anchorDirection>0.000010 0.926003 0.377517</anchorDirection>
			</slot>
			<slot>
				<slotType>projectionDecal</slotType>
				<slotId>15003</slotId>
				<tags>formfactor_rect1x6</tags>
				<position>
					-0.000002 1.54919 1.68423
					<!--BW_String-->
				</position>
				<rotation>
					0.283147 -0.000115158 3.14149
					<!--BW_String-->
				</rotation>
				<scale>
					2.34532 0.8902 2.34546
					<!--BW_String-->
				</scale>
				<doubleSided>false</doubleSided>
				<showOn>16</showOn>
				<clipAngle>0.666847</clipAngle>
				<anchorPosition>
					-0.000018 0.128653 1.62069
					<!--BW_String-->
				</anchorPosition>
				<anchorDirection>0.000070 0.960181 0.279379</anchorDirection>
			</slot>
			<slot>
				<slotType>projectionDecal</slotType>
				<slotId>15004</slotId>
				<tags>formfactor_rect1x6 direction_right_to_left</tags>
				<position>
					-0.965797 1.57391 1.30168
					<!--BW_String-->
				</position>
				<rotation>
					3.14151 1.56465 -0.00385642
					<!--BW_String-->
				</rotation>
				<scale>
					2.47025 0.862757 2.47023
					<!--BW_String-->
				</scale>
				<doubleSided>false</doubleSided>
				<showOn>16</showOn>
				<clipAngle>0.371178</clipAngle>
				<anchorPosition>
					-0.965781 0.225214 1.30111
					<!--BW_String-->
				</anchorPosition>
				<anchorDirection>
					-0.000106344 0.999992 0.00385583
					<!--BW_String-->
				</anchorDirection>
				<verticalMirror>true</verticalMirror>
			</slot>
			<slot>
				<slotType>projectionDecal</slotType>
				<slotId>15005</slotId>
				<tags>formfactor_rect1x4 direction_right_to_left</tags>
				<position>
					-0.870601 1.63637 1.3923
					<!--BW_String-->
				</position>
				<rotation>
					3.14151 1.56905 -0.0942466
					<!--BW_String-->
				</rotation>
				<scale>
					2.43649 0.850962 2.43646
					<!--BW_String-->
				</scale>
				<doubleSided>false</doubleSided>
				<showOn>16</showOn>
				<clipAngle>
					1.11131
					<!--BW_String-->
				</clipAngle>
				<anchorPosition>
					-0.870549 0.223226 1.37236
					<!--BW_String-->
				</anchorPosition>
				<anchorDirection>
					-0.000246618 0.995562 0.0941069
					<!--BW_String-->
				</anchorDirection>
				<verticalMirror>true</verticalMirror>
			</slot>
			<slot>
				<slotType>projectionDecal</slotType>
				<slotId>15006</slotId>
				<tags>formfactor_rect1x6 direction_left_to_right</tags>
				<position>
					0.966888 1.64977 1.2996
					<!--BW_String-->
				</position>
				<rotation>
					-0.000031 1.56317 3.12908
					<!--BW_String-->
				</rotation>
				<scale>
					2.47028 0.862761 2.47023
					<!--BW_String-->
				</scale>
				<doubleSided>false</doubleSided>
				<showOn>16</showOn>
				<clipAngle>0.000000</clipAngle>
				<anchorPosition>
					0.966873 0.220766 1.30244
					<!--BW_String-->
				</anchorPosition>
				<anchorDirection>
					0.000064 0.999922 -0.0125121
					<!--BW_String-->
				</anchorDirection>
				<verticalMirror>true</verticalMirror>
			</slot>
			<slot>
				<slotType>projectionDecal</slotType>
				<slotId>15007</slotId>
				<tags>formfactor_rect1x4 direction_left_to_right</tags>
				<position>
					0.875874 1.60981 1.4042
					<!--BW_String-->
				</position>
				<rotation>
					-0.000031 1.56905 -3.01055
					<!--BW_String-->
				</rotation>
				<scale>
					2.43649 0.850962 2.43645
					<!--BW_String-->
				</scale>
				<doubleSided>false</doubleSided>
				<showOn>16</showOn>
				<clipAngle>
					1.26353
					<!--BW_String-->
				</clipAngle>
				<anchorPosition>
					0.875925 0.213429 1.3786
					<!--BW_String-->
				</anchorPosition>
				<anchorDirection>
					-0.000258923 0.991426 0.130668
					<!--BW_String-->
				</anchorDirection>
				<verticalMirror>true</verticalMirror>
			</slot>
			<slot>
				<slotType>projectionDecal</slotType>
				<slotId>15008</slotId>
				<tags>formfactor_square direction_right_to_left</tags>
				<position>
					0.790664 1.42892 2.26866
					<!--BW_String-->
				</position>
				<rotation>
					0.387118 -0.00014484 -2.96708
					<!--BW_String-->
				</rotation>
				<scale>0.794354 0.799999 0.794374</scale>
				<doubleSided>false</doubleSided>
				<showOn>16</showOn>
				<clipAngle>0.423789</clipAngle>
				<anchorPosition>
					0.788445 0.238421 2.27341
					<!--BW_String-->
				</anchorPosition>
				<anchorDirection>-0.173682 0.911936 0.371762</anchorDirection>
			</slot>
			<slot>
				<slotType>projectionDecal</slotType>
				<slotId>15009</slotId>
				<tags>formfactor_square  direction_left_to_right</tags>
				<position>
					-0.772506 1.42619 2.26752
					<!--BW_String-->
				</position>
				<rotation>
					0.387117 -0.000144419 2.97915
					<!--BW_String-->
				</rotation>
				<scale>0.794357 0.800001 0.794375</scale>
				<doubleSided>false</doubleSided>
				<showOn>16</showOn>
				<clipAngle>0.640174</clipAngle>
				<anchorPosition>
					-0.770437 0.235732 2.27229
					<!--BW_String-->
				</anchorPosition>
				<anchorDirection>0.161675 0.913811 0.372574</anchorDirection>
			</slot>
			<slot>
				<slotType>projectionDecal</slotType>
				<slotId>15010</slotId>
				<tags>formfactor_square  direction_left_to_right</tags>
				<position>
					0.765054 1.37864 -2.2809
					<!--BW_String-->
				</position>
				<rotation>
					2.75447 -0.000017 -0.216892
					<!--BW_String-->
				</rotation>
				<scale>0.794352 0.799997 0.794371</scale>
				<doubleSided>false</doubleSided>
				<showOn>16</showOn>
				<clipAngle>0.640174</clipAngle>
				<anchorPosition>
					0.762301 0.188058 -2.28562
					<!--BW_String-->
				</anchorPosition>
				<anchorDirection>-0.215189 0.904304 -0.368684</anchorDirection>
			</slot>
			<slot>
				<slotType>projectionDecal</slotType>
				<slotId>15011</slotId>
				<tags>formfactor_square   direction_right_to_left</tags>
				<position>
					-0.790641 1.38391 -2.28304
					<!--BW_String-->
				</position>
				<rotation>
					2.75447 -0.000016 0.216973
					<!--BW_String-->
				</rotation>
				<scale>0.794353 0.799999 0.794372</scale>
				<doubleSided>false</doubleSided>
				<showOn>16</showOn>
				<clipAngle>0.640174</clipAngle>
				<anchorPosition>
					-0.787889 0.193321 -2.28775
					<!--BW_String-->
				</anchorPosition>
				<anchorDirection>
					0.21528 0.904288 -0.36867
					<!--BW_String-->
				</anchorDirection>
			</slot>
			<slot>
				<slotType>projectionDecal</slotType>
				<slotId>15012</slotId>
				<tags>formfactor_square</tags>
				<position>
					-0.000063 1.55392 1.83527
					<!--BW_String-->
				</position>
				<rotation>
					0.387117 -0.000144779 3.14155
					<!--BW_String-->
				</rotation>
				<scale>
					1.84347 1.12392 1.84353
					<!--BW_String-->
				</scale>
				<doubleSided>false</doubleSided>
				<showOn>16</showOn>
				<clipAngle>
					1.09215
					<!--BW_String-->
				</clipAngle>
				<anchorPosition>
					-0.000060 0.084063 1.72613
					<!--BW_String-->
				</anchorPosition>
				<anchorDirection>
					-0.000012 0.926001 0.37752
					<!--BW_String-->
				</anchorDirection>
			</slot>
			<slot>
				<slotType>projectionDecal</slotType>
				<slotId>15013</slotId>
				<tags>formfactor_rect1x2</tags>
				<position>
					0.000018 1.34265 -2.06997
					<!--BW_String-->
				</position>
				<rotation>
					2.57355 -0.000020 -0.000039
					<!--BW_String-->
				</rotation>
				<scale>
					2.24802 0.710014 2.2481
					<!--BW_String-->
				</scale>
				<doubleSided>false</doubleSided>
				<showOn>16</showOn>
				<clipAngle>0.456038</clipAngle>
				<anchorPosition>
					0.000014 0.251514 -2.14082
					<!--BW_String-->
				</anchorPosition>
				<anchorDirection>-0.000028 0.842956 -0.537983</anchorDirection>
			</slot>
			<slot>
				<slotType>projectionDecal</slotType>
				<slotId>15014</slotId>
				<tags>formfactor_rect1x2 direction_right_to_left</tags>
				<position>
					-0.699255 1.51106 1.86944
					<!--BW_String-->
				</position>
				<rotation>
					-0.000026 -1.56905 2.74467
					<!--BW_String-->
				</rotation>
				<scale>
					1.65386 1.00831 1.6539
					<!--BW_String-->
				</scale>
				<doubleSided>false</doubleSided>
				<showOn>16</showOn>
				<clipAngle>0.918864</clipAngle>
				<anchorPosition>
					-0.699309 0.237699 1.83959
					<!--BW_String-->
				</anchorPosition>
				<anchorDirection>
					0.000699073 0.922255 0.386582
					<!--BW_String-->
				</anchorDirection>
				<verticalMirror>true</verticalMirror>
			</slot>
			<slot>
				<slotType>projectionDecal</slotType>
				<slotId>15015</slotId>
				<tags>formfactor_rect1x2  direction_left_to_right</tags>
				<position>
					0.699281 1.49554 1.86295
					<!--BW_String-->
				</position>
				<rotation>
					0.000026 1.56905 -2.74471
					<!--BW_String-->
				</rotation>
				<scale>
					1.65387 1.00832 1.6539
					<!--BW_String-->
				</scale>
				<doubleSided>false</doubleSided>
				<showOn>16</showOn>
				<clipAngle>0.937865</clipAngle>
				<anchorPosition>
					0.699312 0.24984 1.8447
					<!--BW_String-->
				</anchorPosition>
				<anchorDirection>
					-0.000651017 0.92227 0.386545
					<!--BW_String-->
				</anchorDirection>
				<verticalMirror>true</verticalMirror>
			</slot>
			<slot>
				<slotType>projectionDecal</slotType>
				<slotId>15016</slotId>
				<tags>formfactor_rect1x3</tags>
				<position>
					-0.000060 1.75731 1.91817
					<!--BW_String-->
				</position>
				<rotation>
					0.387113 -0.000139667 3.14153
					<!--BW_String-->
				</rotation>
				<scale>
					2.36469 1.4417 2.3648
					<!--BW_String-->
				</scale>
				<doubleSided>false</doubleSided>
				<showOn>16</showOn>
				<clipAngle>0.911347</clipAngle>
				<anchorPosition>
					-0.000065 0.0773122 1.72336
					<!--BW_String-->
				</anchorPosition>
				<anchorDirection>0.000010 0.926003 0.377517</anchorDirection>
			</slot>
			<slot>
				<slotType>projectionDecal</slotType>
				<slotId>15017</slotId>
				<tags>formfactor_rect1x3</tags>
				<position>
					-0.000006 1.4534 -2.14064
					<!--BW_String-->
				</position>
				<rotation>
					2.57355 -0.000140667 -0.000255108
					<!--BW_String-->
				</rotation>
				<scale>
					2.3261 0.734673 2.32617
					<!--BW_String-->
				</scale>
				<doubleSided>false</doubleSided>
				<showOn>16</showOn>
				<clipAngle>0.364781</clipAngle>
				<anchorPosition>
					-0.000005 0.244249 -2.13617
					<!--BW_String-->
				</anchorPosition>
				<anchorDirection>
					-0.000179432 0.842956 -0.537983
					<!--BW_String-->
				</anchorDirection>
			</slot>
			<slot>
				<slotType>projectionDecal</slotType>
				<slotId>15018</slotId>
				<tags>formfactor_rect1x3 direction_right_to_left</tags>
				<position>
					-0.860657 1.45377 1.727
					<!--BW_String-->
				</position>
				<rotation>
					3.14162 1.56905 -0.405182
					<!--BW_String-->
				</rotation>
				<scale>
					1.92438 1.17323 1.92442
					<!--BW_String-->
				</scale>
				<doubleSided>false</doubleSided>
				<showOn>16</showOn>
				<clipAngle>0.925198</clipAngle>
				<anchorPosition>
					-0.860652 0.244992 1.72416
					<!--BW_String-->
				</anchorPosition>
				<anchorDirection>
					-0.000663325 0.919031 0.394186
					<!--BW_String-->
				</anchorDirection>
				<verticalMirror>true</verticalMirror>
			</slot>
			<slot>
				<slotType>projectionDecal</slotType>
				<slotId>15019</slotId>
				<tags>formfactor_rect1x3  direction_left_to_right</tags>
				<position>
					0.860672 1.45373 1.727
					<!--BW_String-->
				</position>
				<rotation>
					3.14157 -1.56905 0.405264
					<!--BW_String-->
				</rotation>
				<scale>
					1.92438 1.17324 1.92442
					<!--BW_String-->
				</scale>
				<doubleSided>false</doubleSided>
				<showOn>16</showOn>
				<clipAngle>0.931531</clipAngle>
				<anchorPosition>
					0.860667 0.244943 1.72415
					<!--BW_String-->
				</anchorPosition>
				<anchorDirection>
					0.000709236 0.918998 0.394261
					<!--BW_String-->
				</anchorDirection>
				<verticalMirror>true</verticalMirror>
			</slot>
			<slot>
				<slotType>projectionDecal</slotType>
				<slotId>15020</slotId>
				<tags>formfactor_rect1x3  direction_left_to_right</tags>
				<position>
					0.860115 1.40133 -1.73505
					<!--BW_String-->
				</position>
				<rotation>
					3.14157 -1.56905 -0.160055
					<!--BW_String-->
				</rotation>
				<scale>
					1.92438 1.17324 1.92442
					<!--BW_String-->
				</scale>
				<doubleSided>false</doubleSided>
				<showOn>16</showOn>
				<clipAngle>0.640174</clipAngle>
				<anchorPosition>
					0.860112 0.211812 -1.73709
					<!--BW_String-->
				</anchorPosition>
				<anchorDirection>
					-0.000256054 0.987219 -0.159372
					<!--BW_String-->
				</anchorDirection>
				<verticalMirror>true</verticalMirror>
			</slot>
			<slot>
				<slotType>projectionDecal</slotType>
				<slotId>15021</slotId>
				<tags>formfactor_rect1x3   direction_right_to_left</tags>
				<position>
					-0.860078 1.40138 -1.73505
					<!--BW_String-->
				</position>
				<rotation>
					3.14162 1.56905 0.160048
					<!--BW_String-->
				</rotation>
				<scale>
					1.92438 1.17324 1.92442
					<!--BW_String-->
				</scale>
				<doubleSided>false</doubleSided>
				<showOn>16</showOn>
				<clipAngle>0.640174</clipAngle>
				<anchorPosition>
					-0.860074 0.211855 -1.73709
					<!--BW_String-->
				</anchorPosition>
				<anchorDirection>
					0.00030522 0.98722 -0.159365
					<!--BW_String-->
				</anchorDirection>
				<verticalMirror>true</verticalMirror>
			</slot>
			<slot>
				<slotType>projectionDecal</slotType>
				<slotId>15022</slotId>
				<tags>formfactor_rect1x4</tags>
				<position>
					0.000018 1.34265 -2.06996
					<!--BW_String-->
				</position>
				<rotation>
					2.57355 -0.000140667 -0.000255108
					<!--BW_String-->
				</rotation>
				<scale>
					2.36494 0.746945 2.36502
					<!--BW_String-->
				</scale>
				<doubleSided>false</doubleSided>
				<showOn>16</showOn>
				<clipAngle>
					0.0607561
					<!--BW_String-->
				</clipAngle>
				<anchorPosition>
					-0.000006 0.251514 -2.14081
					<!--BW_String-->
				</anchorPosition>
				<anchorDirection>
					-0.000179432 0.842955 -0.537983
					<!--BW_String-->
				</anchorDirection>
			</slot>
			<slot>
				<slotType>projectionDecal</slotType>
				<slotId>15023</slotId>
				<tags>formfactor_rect1x4  direction_right_to_left</tags>
				<position>
					-0.939538 1.40361 -1.72139
					<!--BW_String-->
				</position>
				<rotation>
					3.14162 1.56905 0.160048
					<!--BW_String-->
				</rotation>
				<scale>
					1.92438 1.17324 1.92442
					<!--BW_String-->
				</scale>
				<doubleSided>false</doubleSided>
				<showOn>16</showOn>
				<clipAngle>0.640174</clipAngle>
				<anchorPosition>
					-0.939534 0.214083 -1.72343
					<!--BW_String-->
				</anchorPosition>
				<anchorDirection>
					0.00030522 0.98722 -0.159365
					<!--BW_String-->
				</anchorDirection>
				<verticalMirror>true</verticalMirror>
			</slot>
			<slot>
				<slotType>projectionDecal</slotType>
				<slotId>15024</slotId>
				<tags>formfactor_rect1x4   direction_left_to_right</tags>
				<position>
					0.923407 1.74372 -1.77626
					<!--BW_String-->
				</position>
				<rotation>
					3.14157 -1.56905 -0.160048
					<!--BW_String-->
				</rotation>
				<scale>
					1.92438 1.17324 1.92442
					<!--BW_String-->
				</scale>
				<doubleSided>false</doubleSided>
				<showOn>16</showOn>
				<clipAngle>0.823856</clipAngle>
				<anchorPosition>
					0.923489 0.225869 -1.7253
					<!--BW_String-->
				</anchorPosition>
				<anchorDirection>
					-0.000256032 0.98722 -0.159365
					<!--BW_String-->
				</anchorDirection>
				<verticalMirror>true</verticalMirror>
			</slot>
			<slot>
				<slotType>projectionDecal</slotType>
				<slotId>15025</slotId>
				<tags>formfactor_rect1x4</tags>
				<position>
					-0.00011763 1.55273 2.308
					<!--BW_String-->
				</position>
				<rotation>
					0.387113 -0.000139667 3.14153
					<!--BW_String-->
				</rotation>
				<scale>
					2.36468 1.4417 2.3648
					<!--BW_String-->
				</scale>
				<doubleSided>false</doubleSided>
				<showOn>16</showOn>
				<clipAngle>0.906041</clipAngle>
				<anchorPosition>
					-0.00012303 -0.155049 2.10186
					<!--BW_String-->
				</anchorPosition>
				<anchorDirection>0.000010 0.926003 0.377517</anchorDirection>
			</slot>
			<slot>
				<slotType>projectionDecal</slotType>
				<slotId>15026</slotId>
				<tags>formfactor_rect1x6 direction_right_to_left</tags>
				<position>
					-0.949299 1.44864 -1.37976
					<!--BW_String-->
				</position>
				<rotation>
					3.14151 1.56465 -0.00385642
					<!--BW_String-->
				</rotation>
				<scale>
					2.47025 0.862757 2.47023
					<!--BW_String-->
				</scale>
				<doubleSided>false</doubleSided>
				<showOn>16</showOn>
				<clipAngle>0.371178</clipAngle>
				<anchorPosition>
					-0.949296 0.221557 -1.37986
					<!--BW_String-->
				</anchorPosition>
				<anchorDirection>
					-0.000106344 0.999992 0.00385583
					<!--BW_String-->
				</anchorDirection>
				<verticalMirror>true</verticalMirror>
			</slot>
			<slot>
				<slotType>projectionDecal</slotType>
				<slotId>15027</slotId>
				<tags>formfactor_rect1x6  direction_left_to_right</tags>
				<position>
					0.949325 1.44848 -1.38163
					<!--BW_String-->
				</position>
				<rotation>
					3.14146 -1.56469 -0.00383949
					<!--BW_String-->
				</rotation>
				<scale>
					2.47025 0.862756 2.47024
					<!--BW_String-->
				</scale>
				<doubleSided>false</doubleSided>
				<showOn>16</showOn>
				<clipAngle>0.371178</clipAngle>
				<anchorPosition>
					0.949322 0.221071 -1.38153
					<!--BW_String-->
				</anchorPosition>
				<anchorDirection>
					0.000109263 0.999992 -0.00384022
					<!--BW_String-->
				</anchorDirection>
				<verticalMirror>true</verticalMirror>
			</slot>
			<slot>
				<slotType>projectionDecal</slotType>
				<slotId>15028</slotId>
				<tags>formfactor_rect1x6</tags>
				<position>
					-0.000077 1.66062 2.71312
					<!--BW_String-->
				</position>
				<rotation>
					0.586943 -0.000152891 3.14147
					<!--BW_String-->
				</rotation>
				<scale>
					2.34532 1.99345 2.34547
					<!--BW_String-->
				</scale>
				<doubleSided>false</doubleSided>
				<showOn>16</showOn>
				<clipAngle>
					1.12288
					<!--BW_String-->
				</clipAngle>
				<anchorPosition>
					-0.000108658 -0.23477 2.25202
					<!--BW_String-->
				</anchorPosition>
				<anchorDirection>0.000038 0.832638 0.553818</anchorDirection>
			</slot>
			<slot>
				<slotType>projectionDecal</slotType>
				<slotId>15029</slotId>
				<tags>formfactor_square</tags>
				<position>
					-0.000196967 0.60051 2.36301
					<!--BW_String-->
				</position>
				<rotation>
					1.47843 3.14111 0.000280334
					<!--BW_String-->
				</rotation>
				<scale>0.508185 0.160217 0.508183</scale>
				<doubleSided>false</doubleSided>
				<showOn>16</showOn>
				<clipAngle>
					1.09215
					<!--BW_String-->
				</clipAngle>
				<anchorPosition>
					-0.000248737 -0.607915 2.43075
					<!--BW_String-->
				</anchorPosition>
				<anchorDirection>
					-0.000760986 -0.0922349 0.995737
					<!--BW_String-->
				</anchorDirection>
			</slot>
			<slot>
				<slotType>projectionDecal</slotType>
				<slotId>15030</slotId>
				<tags>formfactor_rect1x4</tags>
				<position>
					-0.000031 1.65031 1.59881
					<!--BW_String-->
				</position>
				<rotation>
					0.387113 -0.000139667 3.14153
					<!--BW_String-->
				</rotation>
				<scale>
					2.36469 1.4417 2.3648
					<!--BW_String-->
				</scale>
				<doubleSided>false</doubleSided>
				<showOn>16</showOn>
				<clipAngle>0.911347</clipAngle>
				<anchorPosition>
					-0.000034 0.188618 1.493
					<!--BW_String-->
				</anchorPosition>
				<anchorDirection>0.000010 0.926003 0.377517</anchorDirection>
			</slot>
			<slot>
				<slotType>projectionDecal</slotType>
				<slotId>15031</slotId>
				<tags>formfactor_square</tags>
				<compatibleModels>tramontana</compatibleModels>
				<position>
					0.00232906 1.2255 1.61454
					<!--BW_String-->
				</position>
				<rotation>
					0.521647 -0.00586197 -3.10182
					<!--BW_String-->
				</rotation>
				<scale>0.466863 0.156641 0.466862</scale>
				<doubleSided>false</doubleSided>
				<showOn>16</showOn>
				<clipAngle>0.000000</clipAngle>
				<anchorPosition>
					-0.00279268 0.127304 1.67426
					<!--BW_String-->
				</anchorPosition>
				<anchorDirection>
					-0.0426812 0.866314 0.497673
					<!--BW_String-->
				</anchorDirection>
			</slot>
		</customizationSlots>
		<customization>
			<customizableVehicleAreas>
				<paint>HULL</paint>
				<camouflage>HULL</camouflage>
			</customizableVehicleAreas>
		</customization>
		<hangarShadowTexture>vehicles/french/F108_Panhard_EBR_105/Panhard_EBR_105_HangarShadowMap.dds</hangarShadowTexture>
		<camouflage>
			<density>
				138.504 142.295
				<!--BW_String-->
			</density>
			<aoTextureSize>1024 1024</aoTextureSize>
		</camouflage>
	</hull>
	<chassis>
		<Chassis_F108_Panhard_EBR_105>
			<userString>#france_vehicles:Chassis_F108_Panhard_EBR_105</userString>
			<tags/>
			<level>10</level>
			<price>82500</price>
			<notInShop>true</notInShop>
			<armor>
				<armor_9>
					5
					<vehicleDamageFactor>
						0.0
						<!--BW_String-->
					</vehicleDamageFactor>
				</armor_9>
			</armor>
			<weight>3000</weight>
			<maxLoad>20000</maxLoad>
			<terrainResistance>
				1.0 1.35 1.95
				<!--BW_String-->
			</terrainResistance>
			<brakeForce>25500</brakeForce>
			<rotationIsAroundCenter>false</rotationIsAroundCenter>
			<rotationSpeed>34</rotationSpeed>
			<shotDispersionFactors>
				<vehicleMovement>
					0.08
					<!--BW_String-->
				</vehicleMovement>
				<vehicleRotation>
					0.08
					<!--BW_String-->
				</vehicleRotation>
			</shotDispersionFactors>
			<bulkHealthFactor>
				3.0
				<!--BW_String-->
			</bulkHealthFactor>
			<maxHealth>250</maxHealth>
			<maxRegenHealth>250</maxRegenHealth>
			<repairCost>
				5.0
				<!--BW_String-->
			</repairCost>
			<models>
				<undamaged>vehicles/french/F108_Panhard_EBR_105/normal/lod0/Chassis.model</undamaged>
				<destroyed>vehicles/french/F108_Panhard_EBR_105/crash/lod0/Chassis.model</destroyed>
				<exploded>vehicles/french/F108_Panhard_EBR_105/crash/lod0/Chassis.model</exploded>
				<sets>
					<tramontana>
						<undamaged>vehicles/french/F108_Panhard_EBR_105/_skins/tramontana/normal/lod0/Chassis.model</undamaged>
						<destroyed>vehicles/french/F108_Panhard_EBR_105/_skins/tramontana/crash/lod0/Chassis.model</destroyed>
						<exploded>vehicles/french/F108_Panhard_EBR_105/_skins/tramontana/crash/lod0/Chassis.model</exploded>
					</tramontana>
				</sets>
			</models>
			<traces>
				<lodDist>MEDIUM</lodDist>
				<bufferPrefs>mediumTank</bufferPrefs>
				<textureSet>usa_04</textureSet>
				<size>
					0.5 0.4
					<!--BW_String-->
				</size>
				<activePostmortem>true</activePostmortem>
			</traces>
			<AODecals>
				<decal>
					<transform>
						<row0>3.547170 -0.000000 -0.000000</row0>
						<row1>0.000000 1.342020 0.000000</row1>
						<row2>-0.000000 0.000000 7.572370</row2>
						<row3>0.000000 0.000000 0.000003</row3>
					</transform>
				</decal>
			</AODecals>
			<wheels>
				<lodDist>MEDIUM</lodDist>
				<wheel>
					<index>6</index>
					<isLeft>true</isLeft>
					<name>WD_L0</name>
					<nonTrack>true</nonTrack>
					<isLeading>true</isLeading>
					<deflatable>true</deflatable>
					<steeringProcessor>true</steeringProcessor>
					<scrollProcessor>
						<connectedToEngine>true</connectedToEngine>
						<nodeOverride>WD_L0_SCR</nodeOverride>
					</scrollProcessor>
					<rollProcessor>
						<maxDamageAngle>
							0.3
							<!--BW_String-->
						</maxDamageAngle>
					</rollProcessor>
					<geometry>
						<radius>
							0.609
							<!--BW_String-->
						</radius>
						<width>
							0.35
							<!--BW_String-->
						</width>
					</geometry>
					<proceduralCollisionBody>true</proceduralCollisionBody>
					<deflation>
						<maxYShift>
							0.15
							<!--BW_String-->
						</maxYShift>
						<explodedRadius>
							0.45
							<!--BW_String-->
						</explodedRadius>
					</deflation>
					<hitTester>
						<collisionModelServer>vehicles/french/F108_Panhard_EBR_105/collision/Wheel_L_01.model</collisionModelServer>
						<collisionModelClient>vehicles/french/F108_Panhard_EBR_105/collision_client/Wheel_L_01.model</collisionModelClient>
					</hitTester>
					<armor>
						<wheel>5</wheel>
					</armor>
					<wheelPos>
						-1.02554 0.610064 2.1392
						<!--BW_String-->
					</wheelPos>
				</wheel>
				<wheel>
					<index>0</index>
					<isLeft>true</isLeft>
					<name>WD_L1</name>
					<nonTrack>true</nonTrack>
					<isLeading>true</isLeading>
					<deflatable>true</deflatable>
					<steeringProcessor>true</steeringProcessor>
					<scrollProcessor>
						<connectedToEngine>true</connectedToEngine>
						<nodeOverride>WD_L1_SCR</nodeOverride>
					</scrollProcessor>
					<rollProcessor>
						<maxDamageAngle>
							0.3
							<!--BW_String-->
						</maxDamageAngle>
					</rollProcessor>
					<geometry>
						<radius>
							0.609
							<!--BW_String-->
						</radius>
						<width>
							0.35
							<!--BW_String-->
						</width>
					</geometry>
					<proceduralCollisionBody>true</proceduralCollisionBody>
					<deflation>
						<maxYShift>
							0.15
							<!--BW_String-->
						</maxYShift>
						<explodedRadius>
							0.45
							<!--BW_String-->
						</explodedRadius>
					</deflation>
					<hitTester>
						<collisionModelServer>vehicles/french/F108_Panhard_EBR_105/collision/Wheel_L_01.model</collisionModelServer>
						<collisionModelClient>vehicles/french/F108_Panhard_EBR_105/collision_client/Wheel_L_01.model</collisionModelClient>
					</hitTester>
					<armor>
						<wheel>5</wheel>
					</armor>
					<wheelPos>
						-1.02554 0.610064 -2.1392
						<!--BW_String-->
					</wheelPos>
				</wheel>
				<wheel>
					<index>4</index>
					<isLeft>true</isLeft>
					<name>W_L0</name>
					<nonTrack>true</nonTrack>
					<scrollProcessor>
						<connectedToEngine>true</connectedToEngine>
					</scrollProcessor>
					<rollProcessor>
						<maxDamageAngle>
							0.05
							<!--BW_String-->
						</maxDamageAngle>
					</rollProcessor>
					<geometry>
						<radius>
							0.59
							<!--BW_String-->
						</radius>
						<width>
							0.35
							<!--BW_String-->
						</width>
						<pivotXOffset>
							0.1
							<!--BW_String-->
						</pivotXOffset>
					</geometry>
					<proceduralCollisionBody>true</proceduralCollisionBody>
					<hitTester>
						<collisionModelServer>vehicles/french/F108_Panhard_EBR_105/collision/Wheel_L_02.model</collisionModelServer>
						<collisionModelClient>vehicles/french/F108_Panhard_EBR_105/collision_client/Wheel_L_02.model</collisionModelClient>
					</hitTester>
					<armor>
						<wheel>10</wheel>
					</armor>
					<wheelPos>
						-1.02574 0.580628 0.704743
						<!--BW_String-->
					</wheelPos>
					<isLeading>false</isLeading>
				</wheel>
				<wheel>
					<index>2</index>
					<isLeft>true</isLeft>
					<name>W_L1</name>
					<nonTrack>true</nonTrack>
					<scrollProcessor>
						<connectedToEngine>true</connectedToEngine>
					</scrollProcessor>
					<rollProcessor>
						<maxDamageAngle>
							0.05
							<!--BW_String-->
						</maxDamageAngle>
					</rollProcessor>
					<geometry>
						<radius>
							0.59
							<!--BW_String-->
						</radius>
						<width>
							0.35
							<!--BW_String-->
						</width>
						<pivotXOffset>
							0.1
							<!--BW_String-->
						</pivotXOffset>
					</geometry>
					<proceduralCollisionBody>true</proceduralCollisionBody>
					<hitTester>
						<collisionModelServer>vehicles/french/F108_Panhard_EBR_105/collision/Wheel_L_03.model</collisionModelServer>
						<collisionModelClient>vehicles/french/F108_Panhard_EBR_105/collision_client/Wheel_L_03.model</collisionModelClient>
					</hitTester>
					<armor>
						<wheel>10</wheel>
					</armor>
					<isLeading>false</isLeading>
					<wheelPos>
						-1.02574 0.580628 -0.704744
						<!--BW_String-->
					</wheelPos>
				</wheel>
				<wheel>
					<index>7</index>
					<isLeft>false</isLeft>
					<name>WD_R0</name>
					<nonTrack>true</nonTrack>
					<isLeading>true</isLeading>
					<deflatable>true</deflatable>
					<steeringProcessor>true</steeringProcessor>
					<scrollProcessor>
						<connectedToEngine>true</connectedToEngine>
						<nodeOverride>WD_R0_SCR</nodeOverride>
					</scrollProcessor>
					<rollProcessor>
						<maxDamageAngle>
							0.3
							<!--BW_String-->
						</maxDamageAngle>
					</rollProcessor>
					<geometry>
						<radius>
							0.609
							<!--BW_String-->
						</radius>
						<width>
							0.35
							<!--BW_String-->
						</width>
					</geometry>
					<proceduralCollisionBody>true</proceduralCollisionBody>
					<deflation>
						<maxYShift>
							0.15
							<!--BW_String-->
						</maxYShift>
						<explodedRadius>
							0.45
							<!--BW_String-->
						</explodedRadius>
					</deflation>
					<hitTester>
						<collisionModelServer>vehicles/french/F108_Panhard_EBR_105/collision/Wheel_R_01.model</collisionModelServer>
						<collisionModelClient>vehicles/french/F108_Panhard_EBR_105/collision_client/Wheel_R_01.model</collisionModelClient>
					</hitTester>
					<armor>
						<wheel>5</wheel>
					</armor>
					<wheelPos>
						1.02554 0.610064 2.1392
						<!--BW_String-->
					</wheelPos>
				</wheel>
				<wheel>
					<index>1</index>
					<isLeft>false</isLeft>
					<name>WD_R1</name>
					<nonTrack>true</nonTrack>
					<isLeading>true</isLeading>
					<deflatable>true</deflatable>
					<steeringProcessor>true</steeringProcessor>
					<scrollProcessor>
						<connectedToEngine>true</connectedToEngine>
						<nodeOverride>WD_R1_SCR</nodeOverride>
					</scrollProcessor>
					<rollProcessor>
						<maxDamageAngle>
							0.3
							<!--BW_String-->
						</maxDamageAngle>
					</rollProcessor>
					<geometry>
						<radius>
							0.609
							<!--BW_String-->
						</radius>
						<width>
							0.35
							<!--BW_String-->
						</width>
					</geometry>
					<proceduralCollisionBody>true</proceduralCollisionBody>
					<deflation>
						<maxYShift>
							0.15
							<!--BW_String-->
						</maxYShift>
						<explodedRadius>
							0.45
							<!--BW_String-->
						</explodedRadius>
					</deflation>
					<hitTester>
						<collisionModelServer>vehicles/french/F108_Panhard_EBR_105/collision/Wheel_R_01.model</collisionModelServer>
						<collisionModelClient>vehicles/french/F108_Panhard_EBR_105/collision_client/Wheel_R_01.model</collisionModelClient>
					</hitTester>
					<armor>
						<wheel>5</wheel>
					</armor>
					<wheelPos>
						1.02554 0.610064 -2.1392
						<!--BW_String-->
					</wheelPos>
				</wheel>
				<wheel>
					<index>5</index>
					<isLeft>false</isLeft>
					<name>W_R0</name>
					<nonTrack>true</nonTrack>
					<scrollProcessor>
						<connectedToEngine>true</connectedToEngine>
					</scrollProcessor>
					<rollProcessor>
						<maxDamageAngle>
							0.3
							<!--BW_String-->
						</maxDamageAngle>
					</rollProcessor>
					<geometry>
						<radius>
							0.59
							<!--BW_String-->
						</radius>
						<width>
							0.35
							<!--BW_String-->
						</width>
						<pivotXOffset>
							-0.1
							<!--BW_String-->
						</pivotXOffset>
					</geometry>
					<proceduralCollisionBody>true</proceduralCollisionBody>
					<hitTester>
						<collisionModelServer>vehicles/french/F108_Panhard_EBR_105/collision/Wheel_R_02.model</collisionModelServer>
						<collisionModelClient>vehicles/french/F108_Panhard_EBR_105/collision_client/Wheel_R_02.model</collisionModelClient>
					</hitTester>
					<armor>
						<wheel>10</wheel>
					</armor>
					<wheelPos>
						1.02554 0.580628 0.704743
						<!--BW_String-->
					</wheelPos>
					<isLeading>false</isLeading>
				</wheel>
				<wheel>
					<index>3</index>
					<isLeft>false</isLeft>
					<name>W_R1</name>
					<nonTrack>true</nonTrack>
					<scrollProcessor>
						<connectedToEngine>true</connectedToEngine>
					</scrollProcessor>
					<rollProcessor>
						<maxDamageAngle>
							0.3
							<!--BW_String-->
						</maxDamageAngle>
					</rollProcessor>
					<geometry>
						<radius>
							0.59
							<!--BW_String-->
						</radius>
						<width>
							0.35
							<!--BW_String-->
						</width>
						<pivotXOffset>
							-0.1
							<!--BW_String-->
						</pivotXOffset>
					</geometry>
					<proceduralCollisionBody>true</proceduralCollisionBody>
					<hitTester>
						<collisionModelServer>vehicles/french/F108_Panhard_EBR_105/collision/Wheel_R_03.model</collisionModelServer>
						<collisionModelClient>vehicles/french/F108_Panhard_EBR_105/collision_client/Wheel_R_03.model</collisionModelClient>
					</hitTester>
					<armor>
						<wheel>10</wheel>
					</armor>
					<wheelPos>
						1.02554 0.580628 -0.704744
						<!--BW_String-->
					</wheelPos>
					<isLeading>false</isLeading>
				</wheel>
				<generalWheels>true</generalWheels>
				<globalDeflationShaderParams>
					<wheelRadius>
						0.609
						<!--BW_String-->
					</wheelRadius>
					<rimRadius>
						0.35
						<!--BW_String-->
					</rimRadius>
					<sideShift>
						0.2
						<!--BW_String-->
					</sideShift>
					<peakShift>
						0.95
						<!--BW_String-->
					</peakShift>
				</globalDeflationShaderParams>
				<traces>
					<wheelTrace>
						<name>WD_L0</name>
					</wheelTrace>
					<wheelTrace>
						<name>WD_L1</name>
					</wheelTrace>
					<wheelTrace>
						<name>WD_R0</name>
					</wheelTrace>
					<wheelTrace>
						<name>WD_R1</name>
					</wheelTrace>
				</traces>
				<activePostmortem>true</activePostmortem>
			</wheels>
			<drivingWheels>WD_L0 WD_L1</drivingWheels>
			<effects>
				<lodDist>MEDIUM</lodDist>
				<mud>medium8WheelsMud</mud>
			</effects>
			<wwsoundPC>wheels_suspension_pc</wwsoundPC>
			<wwsoundNPC>wheels_suspension_npc</wwsoundNPC>
			<hullPosition>
				0.000000 1.20215 0.000000
				<!--BW_String-->
			</hullPosition>
			<hitTester>
				<collisionModelServer>vehicles/french/F108_Panhard_EBR_105/collision/Chassis.model</collisionModelServer>
				<collisionModelClient>vehicles/french/F108_Panhard_EBR_105/collision_client/Chassis.model</collisionModelClient>
			</hitTester>
			<topRightCarryingPoint>
				1.17927 2.01876
				<!--BW_String-->
			</topRightCarryingPoint>
			<maxClimbAngle>25</maxClimbAngle>
			<navmeshGirth>
				6.0
				<!--BW_String-->
			</navmeshGirth>
			<leveredSuspension>
				<lodSettings>
					<maxLodDistance>LEVERED_SUSPENSION</maxLodDistance>
					<maxPriority>5</maxPriority>
				</lodSettings>
				<lever>
					<startNode>Lever_Start_L1</startNode>
					<jointNode>Lever_Joint_L1</jointNode>
					<trackNode>Track_L1</trackNode>
					<limits>
						-35.0 10.0
						<!--BW_String-->
					</limits>
					<collisionSamplesCount>5</collisionSamplesCount>
					<hasLiftMode>true</hasLiftMode>
					<affectedWheelName>W_L0</affectedWheelName>
				</lever>
				<lever>
					<startNode>Lever_Start_R1</startNode>
					<jointNode>Lever_Joint_R1</jointNode>
					<trackNode>Track_R1</trackNode>
					<limits>
						-35.0 10.0
						<!--BW_String-->
					</limits>
					<collisionSamplesCount>5</collisionSamplesCount>
					<hasLiftMode>true</hasLiftMode>
					<affectedWheelName>W_R0</affectedWheelName>
				</lever>
				<lever>
					<startNode>Lever_Start_L2</startNode>
					<jointNode>Lever_Joint_L2</jointNode>
					<trackNode>Track_L2</trackNode>
					<limits>
						215.0 170.0
						<!--BW_String-->
					</limits>
					<collisionSamplesCount>5</collisionSamplesCount>
					<hasLiftMode>true</hasLiftMode>
					<affectedWheelName>W_L1</affectedWheelName>
				</lever>
				<lever>
					<startNode>Lever_Start_R2</startNode>
					<jointNode>Lever_Joint_R2</jointNode>
					<trackNode>Track_R2</trackNode>
					<limits>
						215.0 170.0
						<!--BW_String-->
					</limits>
					<collisionSamplesCount>5</collisionSamplesCount>
					<hasLiftMode>true</hasLiftMode>
					<affectedWheelName>W_R1</affectedWheelName>
				</lever>
				<activePostmortem>true</activePostmortem>
			</leveredSuspension>
			<groundNodes>
				<node>
					<name>Track_L0</name>
					<affectedWheelName>WD_L0</affectedWheelName>
					<collisionSamplesCount>5</collisionSamplesCount>
					<isLeft>true</isLeft>
					<minOffset>
						-0.06
						<!--BW_String-->
					</minOffset>
					<maxOffset>
						0.04
						<!--BW_String-->
					</maxOffset>
				</node>
				<node>
					<name>Track_L3</name>
					<affectedWheelName>WD_L1</affectedWheelName>
					<collisionSamplesCount>5</collisionSamplesCount>
					<isLeft>true</isLeft>
					<minOffset>
						-0.06
						<!--BW_String-->
					</minOffset>
					<maxOffset>
						0.04
						<!--BW_String-->
					</maxOffset>
				</node>
				<node>
					<name>Track_R0</name>
					<affectedWheelName>WD_R0</affectedWheelName>
					<collisionSamplesCount>5</collisionSamplesCount>
					<isLeft>false</isLeft>
					<minOffset>
						-0.06
						<!--BW_String-->
					</minOffset>
					<maxOffset>
						0.04
						<!--BW_String-->
					</maxOffset>
				</node>
				<node>
					<name>Track_R3</name>
					<affectedWheelName>WD_R1</affectedWheelName>
					<collisionSamplesCount>5</collisionSamplesCount>
					<isLeft>false</isLeft>
					<minOffset>
						-0.06
						<!--BW_String-->
					</minOffset>
					<maxOffset>
						0.04
						<!--BW_String-->
					</maxOffset>
				</node>
				<activePostmortem>true</activePostmortem>
				<lodSettings>
					<maxLodDistance>LEVERED_SUSPENSION</maxLodDistance>
					<maxPriority>5</maxPriority>
				</lodSettings>
			</groundNodes>
			<customization>
				<customizableVehicleAreas>
					<paint>CHASSIS</paint>
					<camouflage/>
				</customizableVehicleAreas>
			</customization>
			<customizationSlots>
				<slot>
					<slotType>paint</slotType>
					<slotId>21000</slotId>
					<anchorPosition>
						-1.11083 0.585388 0.708872
						<!--BW_String-->
					</anchorPosition>
					<anchorDirection>
						-0.885484 0.464666 -0.00161418
						<!--BW_String-->
					</anchorDirection>
				</slot>
				<slot>
					<slotType>style</slotType>
					<slotId>29000</slotId>
					<anchorPosition>
						0.000000 2.03606 -0.541434
						<!--BW_String-->
					</anchorPosition>
					<anchorDirection>
						0.000000 1 -0.000000
						<!--BW_String-->
					</anchorDirection>
				</slot>
			</customizationSlots>
		</Chassis_F108_Panhard_EBR_105>
	</chassis>
	<turrets0>
		<Turret_1_F108_Panhard_EBR_105>
			<userString>#france_vehicles:Turret_1_F108_Panhard_EBR_105</userString>
			<tags/>
			<level>10</level>
			<price>66000</price>
			<notInShop>true</notInShop>
			<armor>
				<armor_1>15</armor_1>
				<armor_2>10</armor_2>
				<armor_3>10</armor_3>
				<armor_4>10</armor_4>
				<armor_5>8</armor_5>
				<armor_6>8</armor_6>
				<armor_7>10</armor_7>
				<armor_8>0</armor_8>
			</armor>
			<primaryArmor>armor_1 armor_3 armor_4</primaryArmor>
			<weight>4000</weight>
			<maxHealth>260</maxHealth>
			<rotationSpeed>66</rotationSpeed>
			<turretRotatorHealth>
				<maxHealth>150</maxHealth>
				<maxRegenHealth>75</maxRegenHealth>
				<repairCost>
					1.0
					<!--BW_String-->
				</repairCost>
			</turretRotatorHealth>
			<circularVisionRadius>340</circularVisionRadius>
			<surveyingDeviceHealth>
				<maxHealth>110</maxHealth>
				<maxRegenHealth>55</maxRegenHealth>
				<repairCost>
					1.0
					<!--BW_String-->
				</repairCost>
			</surveyingDeviceHealth>
			<guns>
				<_105mm_D_1504_EBR>
					shared
					<maxAmmo>36</maxAmmo>
					<armor>
						<armor_1>
							15
							<vehicleDamageFactor>
								0.0
								<!--BW_String-->
							</vehicleDamageFactor>
						</armor_1>
						<armor_3>
							15
							<vehicleDamageFactor>
								0.0
								<!--BW_String-->
							</vehicleDamageFactor>
						</armor_3>
						<armor_4>
							0
							<vehicleDamageFactor>
								0.0
								<!--BW_String-->
							</vehicleDamageFactor>
						</armor_4>
						<armor_5>
							8
							<vehicleDamageFactor>
								0.0
								<!--BW_String-->
							</vehicleDamageFactor>
						</armor_5>
						<gun>20</gun>
					</armor>
					<shotDispersionRadius>
						0.38
						<!--BW_String-->
					</shotDispersionRadius>
					<reloadTime>12</reloadTime>
					<aimingTime>
						1.4
						<!--BW_String-->
					</aimingTime>
					<shotDispersionFactors>
						<turretRotation>
							0.04
							<!--BW_String-->
						</turretRotation>
						<afterShot>
							2.4
							<!--BW_String-->
						</afterShot>
						<whileGunDamaged>
							1.6
							<!--BW_String-->
						</whileGunDamaged>
					</shotDispersionFactors>
					<invisibilityFactorAtShot>
						0.198
						<!--BW_String-->
					</invisibilityFactorAtShot>
					<turretYawLimits>-180 180</turretYawLimits>
					<pitchLimits>
						<minPitch>0 -15 1 -15</minPitch>
						<maxPitch>0 7 1 7</maxPitch>
					</pitchLimits>
					<models>
						<undamaged>vehicles/french/F108_Panhard_EBR_105/normal/lod0/Gun_01.model</undamaged>
						<destroyed>vehicles/french/F108_Panhard_EBR_105/crash/lod0/Gun_01.model</destroyed>
						<exploded>vehicles/french/F108_Panhard_EBR_105/crash/lod0/Gun_01.model</exploded>
						<sets>
							<tramontana>
								<undamaged>vehicles/french/F108_Panhard_EBR_105/_skins/tramontana/normal/lod0/Gun_01.model</undamaged>
								<destroyed>vehicles/french/F108_Panhard_EBR_105/_skins/tramontana/crash/lod0/Gun_01.model</destroyed>
								<exploded>vehicles/french/F108_Panhard_EBR_105/_skins/tramontana/crash/lod0/Gun_01.model</exploded>
							</tramontana>
						</sets>
					</models>
					<hitTester>
						<collisionModelServer>vehicles/french/F108_Panhard_EBR_105/collision/Gun_01.model</collisionModelServer>
						<collisionModelClient>vehicles/french/F108_Panhard_EBR_105/collision_client/Gun_01.model</collisionModelClient>
					</hitTester>
					<customizationSlots>
						<slot>
							<slotType>paint</slotType>
							<slotId>41000</slotId>
							<anchorPosition>
								-0.000056 -0.00112247 1.97329
								<!--BW_String-->
							</anchorPosition>
							<anchorDirection>
								0.000000 0.000000 1
								<!--BW_String-->
							</anchorDirection>
							<applyTo>4096</applyTo>
						</slot>
						<slot>
							<slotType>paint</slotType>
							<slotId>41001</slotId>
							<anchorPosition>0.000000 0.133652 0.133652</anchorPosition>
							<anchorDirection>0.000000 0.707107 0.707107</anchorDirection>
							<applyTo>16384</applyTo>
						</slot>
						<slot>
							<slotType>camouflage</slotType>
							<slotId>42000</slotId>
							<anchorPosition>
								-0.000056 -0.00112247 1.97329
								<!--BW_String-->
							</anchorPosition>
							<anchorDirection>
								0.000000 0.000000 1
								<!--BW_String-->
							</anchorDirection>
							<applyTo>4096</applyTo>
						</slot>
						<slot>
							<slotType>projectionDecal</slotType>
							<slotId>45000</slotId>
							<tags>formfactor_rect1x2</tags>
							<position>
								0.000072 1.31485 0.716656
								<!--BW_String-->
							</position>
							<rotation>
								0.425444 -0.000146553 3.14155
								<!--BW_String-->
							</rotation>
							<scale>
								2.33673 1.42466 2.33683
								<!--BW_String-->
							</scale>
							<doubleSided>false</doubleSided>
							<showOn>4368</showOn>
							<clipAngle>0.514212</clipAngle>
							<anchorPosition>
								-0.00010006 0.252675 0.149696
								<!--BW_String-->
							</anchorPosition>
							<anchorDirection>-0.000018 0.910856 0.412725</anchorDirection>
						</slot>
						<slot>
							<slotType>projectionDecal</slotType>
							<slotId>45001</slotId>
							<tags>formfactor_square</tags>
							<position>
								0.000072 1.31485 0.716656
								<!--BW_String-->
							</position>
							<rotation>
								0.425444 -0.000146553 3.14155
								<!--BW_String-->
							</rotation>
							<scale>
								2.33673 1.42466 2.33683
								<!--BW_String-->
							</scale>
							<doubleSided>false</doubleSided>
							<showOn>4368</showOn>
							<clipAngle>0.514212</clipAngle>
							<anchorPosition>
								-0.00010006 0.252675 0.149696
								<!--BW_String-->
							</anchorPosition>
							<anchorDirection>-0.000018 0.910856 0.412725</anchorDirection>
						</slot>
						<slot>
							<slotType>insigniaOnGun</slotType>
							<slotId>49000</slotId>
							<rayStart>
								0.000000 0.000000 2.6
								<!--BW_String-->
							</rayStart>
							<rayEnd>
								0.000000 0.000000 1
								<!--BW_String-->
							</rayEnd>
							<rayUp>0.106354 0.000000 0.000000</rayUp>
							<applyToFabric>true</applyToFabric>
							<size>
								0.7
								<!--BW_String-->
							</size>
							<hideIfDamaged>false</hideIfDamaged>
							<isUVProportional>true</isUVProportional>
						</slot>
					</customizationSlots>
					<customization>
						<customizableVehicleAreas>
							<paint>GUN GUN_2</paint>
							<camouflage>GUN</camouflage>
						</customizableVehicleAreas>
					</customization>
					<effects>shot_105mm</effects>
					<animateEmblemSlots>true</animateEmblemSlots>
					<camouflage>
						<tiling>
							0.68 0.68 0.000000 0.000000
							<!--BW_String-->
						</tiling>
						<density>
							150.02 148.15
							<!--BW_String-->
						</density>
						<aoTextureSize>512 512</aoTextureSize>
					</camouflage>
				</_105mm_D_1504_EBR>
			</guns>
			<models>
				<undamaged>vehicles/french/F108_Panhard_EBR_105/normal/lod0/Turret_01.model</undamaged>
				<destroyed>vehicles/french/F108_Panhard_EBR_105/crash/lod0/Turret_01.model</destroyed>
				<exploded>vehicles/french/F108_Panhard_EBR_105/crash/lod0/Turret_01.model</exploded>
				<sets>
					<tramontana>
						<undamaged>vehicles/french/F108_Panhard_EBR_105/_skins/tramontana/normal/lod0/Turret_01.model</undamaged>
						<destroyed>vehicles/french/F108_Panhard_EBR_105/_skins/tramontana/crash/lod0/Turret_01.model</destroyed>
						<exploded>vehicles/french/F108_Panhard_EBR_105/_skins/tramontana/crash/lod0/Turret_01.model</exploded>
					</tramontana>
				</sets>
			</models>
			<hitTester>
				<collisionModelServer>vehicles/french/F108_Panhard_EBR_105/collision/Turret_01.model</collisionModelServer>
				<collisionModelClient>vehicles/french/F108_Panhard_EBR_105/collision_client/Turret_01.model</collisionModelClient>
			</hitTester>
			<gunPosition>0.000159 0.298373 0.875187</gunPosition>
			<customizationSlots>
				<slot>
					<slotType>paint</slotType>
					<slotId>31000</slotId>
					<anchorPosition>0.000000 0.607547 -0.534401</anchorPosition>
					<anchorDirection>
						0.000000 1 -0.000000
						<!--BW_String-->
					</anchorDirection>
				</slot>
				<slot>
					<slotType>camouflage</slotType>
					<slotId>32000</slotId>
					<anchorPosition>0.000000 0.607551 -0.534401</anchorPosition>
					<anchorDirection>
						0.000000 1 0.000000
						<!--BW_String-->
					</anchorDirection>
				</slot>
				<slot>
					<slotType>player</slotType>
					<slotId>33000</slotId>
					<rayStart>-0.978859 0.265733 0.031589</rayStart>
					<rayEnd>-0.794396 0.188445 0.031589</rayEnd>
					<rayUp>
						0.000000 1 0.000000
						<!--BW_String-->
					</rayUp>
					<size>
						0.25
						<!--BW_String-->
					</size>
					<hideIfDamaged>false</hideIfDamaged>
					<isUVProportional>true</isUVProportional>
				</slot>
				<slot>
					<slotType>player</slotType>
					<slotId>33001</slotId>
					<rayStart>
						0.975121 0.274654 0.0150664
						<!--BW_String-->
					</rayStart>
					<rayEnd>
						0.790659 0.197365 0.0150664
						<!--BW_String-->
					</rayEnd>
					<rayUp>
						0.000000 1 0.000000
						<!--BW_String-->
					</rayUp>
					<isMirrored>true</isMirrored>
					<size>
						0.25
						<!--BW_String-->
					</size>
					<hideIfDamaged>false</hideIfDamaged>
					<isUVProportional>true</isUVProportional>
				</slot>
				<slot>
					<slotType>inscription</slotType>
					<slotId>34000</slotId>
					<rayStart>-0.976468 0.271438 -0.591298</rayStart>
					<rayEnd>-0.792006 0.194149 -0.591298</rayEnd>
					<rayUp>
						0.000000 1 0.000000
						<!--BW_String-->
					</rayUp>
					<size>0.581658</size>
					<hideIfDamaged>false</hideIfDamaged>
					<isUVProportional>true</isUVProportional>
				</slot>
				<slot>
					<slotType>inscription</slotType>
					<slotId>34001</slotId>
					<rayStart>0.976468 0.271438 -0.591298</rayStart>
					<rayEnd>0.792006 0.194149 -0.591298</rayEnd>
					<rayUp>
						0.000000 1 0.000000
						<!--BW_String-->
					</rayUp>
					<size>0.581658</size>
					<hideIfDamaged>false</hideIfDamaged>
					<isUVProportional>true</isUVProportional>
				</slot>
				<slot>
					<slotType>projectionDecal</slotType>
					<slotId>35000</slotId>
					<tags>formfactor_square</tags>
					<position>
						0.000411015 2.11084 -0.948916
						<!--BW_String-->
					</position>
					<rotation>
						-3.13943 -0.000171185 -0.000029
						<!--BW_String-->
					</rotation>
					<scale>
						1.39985 0.299997 1.39984
						<!--BW_String-->
					</scale>
					<doubleSided>false</doubleSided>
					<showOn>256</showOn>
					<clipAngle>
						1.3737
						<!--BW_String-->
					</clipAngle>
					<anchorPosition>
						0.000412678 0.625719 -0.942005
						<!--BW_String-->
					</anchorPosition>
					<anchorDirection>
						-0.000029 0.999998 0.0021626
						<!--BW_String-->
					</anchorDirection>
					<verticalMirror>true</verticalMirror>
				</slot>
				<slot>
					<slotType>projectionDecal</slotType>
					<slotId>35001</slotId>
					<tags>formfactor_square</tags>
					<position>
						-0.00344905 1.75265 0.384309
						<!--BW_String-->
					</position>
					<rotation>
						0.140892 -0.000165762 3.14159
						<!--BW_String-->
					</rotation>
					<scale>
						1.30154 1.30157 1.30158
						<!--BW_String-->
					</scale>
					<doubleSided>false</doubleSided>
					<showOn>256</showOn>
					<clipAngle>
						1.3737
						<!--BW_String-->
					</clipAngle>
					<anchorPosition>
						-0.00345524 0.619833 0.433281
						<!--BW_String-->
					</anchorPosition>
					<anchorDirection>-0.000021 0.990091 0.140426</anchorDirection>
				</slot>
				<slot>
					<slotType>projectionDecal</slotType>
					<slotId>35002</slotId>
					<tags>formfactor_square direction_left_to_right</tags>
					<position>
						1.05489 1.87854 -0.634583
						<!--BW_String-->
					</position>
					<rotation>
						1.14672 1.55456 3.14072
						<!--BW_String-->
					</rotation>
					<scale>0.778821 0.778818 0.778821</scale>
					<doubleSided>false</doubleSided>
					<showOn>256</showOn>
					<clipAngle>0.958773</clipAngle>
					<anchorPosition>0.871141 0.367058 -0.630358</anchorPosition>
					<anchorDirection>
						0.911313 0.411479 0.0139249
						<!--BW_String-->
					</anchorDirection>
				</slot>
				<slot>
					<slotType>projectionDecal</slotType>
					<slotId>35003</slotId>
					<tags>formfactor_rect1x2 direction_left_to_right</tags>
					<position>
						0.384546 1.57611 -0.597826
						<!--BW_String-->
					</position>
					<rotation>
						1.1467 1.55463 3.14075
						<!--BW_String-->
					</rotation>
					<scale>
						1.21847 1.21846 1.21847
						<!--BW_String-->
					</scale>
					<doubleSided>false</doubleSided>
					<showOn>256</showOn>
					<clipAngle>
						1.48259
						<!--BW_String-->
					</clipAngle>
					<anchorPosition>
						0.874124 0.368662 -0.58333
						<!--BW_String-->
					</anchorPosition>
					<anchorDirection>
						0.911305 0.411497 0.0138908
						<!--BW_String-->
					</anchorDirection>
				</slot>
				<slot>
					<slotType>projectionDecal</slotType>
					<slotId>35004</slotId>
					<tags>formfactor_square direction_right_to_left</tags>
					<position>
						-1.05483 1.8786 -0.634591
						<!--BW_String-->
					</position>
					<rotation>
						1.14661 -1.55457 3.14075
						<!--BW_String-->
					</rotation>
					<scale>0.778823 0.778819 0.778823</scale>
					<doubleSided>false</doubleSided>
					<showOn>256</showOn>
					<clipAngle>
						1.16624
						<!--BW_String-->
					</clipAngle>
					<anchorPosition>-0.843781 0.354761 -0.631178</anchorPosition>
					<anchorDirection>
						-0.91124 0.411579 0.0156302
						<!--BW_String-->
					</anchorDirection>
				</slot>
				<slot>
					<slotType>projectionDecal</slotType>
					<slotId>35005</slotId>
					<tags>formfactor_rect1x2 direction_right_to_left</tags>
					<position>
						-0.392943 1.58346 -0.11932
						<!--BW_String-->
					</position>
					<rotation>
						1.14663 -1.55457 3.14075
						<!--BW_String-->
					</rotation>
					<scale>
						1.21846 1.21846 1.21847
						<!--BW_String-->
					</scale>
					<doubleSided>false</doubleSided>
					<showOn>256</showOn>
					<clipAngle>
						1.48259
						<!--BW_String-->
					</clipAngle>
					<anchorPosition>-0.864352 0.367855 -0.104201</anchorPosition>
					<anchorDirection>
						-0.911248 0.411561 0.0156304
						<!--BW_String-->
					</anchorDirection>
				</slot>
				<slot>
					<slotType>projectionDecal</slotType>
					<slotId>35006</slotId>
					<tags>formfactor_rect1x2</tags>
					<position>
						0.000411003 1.77008 -1.00127
						<!--BW_String-->
					</position>
					<rotation>
						-3.13943 -0.000172138 -0.000045
						<!--BW_String-->
					</rotation>
					<scale>
						1.59153 1.5915 1.5915
						<!--BW_String-->
					</scale>
					<doubleSided>false</doubleSided>
					<showOn>256</showOn>
					<clipAngle>
						1.03583
						<!--BW_String-->
					</clipAngle>
					<anchorPosition>
						0.000397996 0.628227 -0.993617
						<!--BW_String-->
					</anchorPosition>
					<anchorDirection>
						-0.000045 0.999998 0.0021626
						<!--BW_String-->
					</anchorDirection>
					<verticalMirror>true</verticalMirror>
				</slot>
				<slot>
					<slotType>projectionDecal</slotType>
					<slotId>35007</slotId>
					<tags>formfactor_rect1x2</tags>
					<position>
						-0.00349059 1.73481 0.510182
						<!--BW_String-->
					</position>
					<rotation>
						0.140891 -0.000165112 3.14159
						<!--BW_String-->
					</rotation>
					<scale>
						1.23792 1.23793 1.23795
						<!--BW_String-->
					</scale>
					<doubleSided>false</doubleSided>
					<showOn>256</showOn>
					<clipAngle>
						1.3737
						<!--BW_String-->
					</clipAngle>
					<anchorPosition>
						-0.00349634 0.582183 0.556344
						<!--BW_String-->
					</anchorPosition>
					<anchorDirection>-0.000021 0.990091 0.140425</anchorDirection>
				</slot>
				<slot>
					<slotType>projectionDecal</slotType>
					<slotId>35008</slotId>
					<tags>formfactor_rect1x3</tags>
					<position>
						0.00043602 1.77039 -1.14725
						<!--BW_String-->
					</position>
					<rotation>
						-3.13943 -0.000172138 -0.000045
						<!--BW_String-->
					</rotation>
					<scale>
						1.24608 1.24605 1.24605
						<!--BW_String-->
					</scale>
					<doubleSided>false</doubleSided>
					<showOn>256</showOn>
					<clipAngle>
						1.3737
						<!--BW_String-->
					</clipAngle>
					<anchorPosition>
						0.000423013 0.628543 -1.1396
						<!--BW_String-->
					</anchorPosition>
					<anchorDirection>
						-0.000045 0.999998 0.0021626
						<!--BW_String-->
					</anchorDirection>
					<verticalMirror>true</verticalMirror>
				</slot>
				<slot>
					<slotType>projectionDecal</slotType>
					<slotId>35009</slotId>
					<tags>formfactor_rect1x3 direction_right_to_left</tags>
					<position>
						0.000023 1.76852 -0.280483
						<!--BW_String-->
					</position>
					<rotation>
						0.000064 -1.56993 3.13943
						<!--BW_String-->
					</rotation>
					<scale>
						2.53216 2.53211 2.53212
						<!--BW_String-->
					</scale>
					<doubleSided>false</doubleSided>
					<showOn>256</showOn>
					<clipAngle>
						1.3737
						<!--BW_String-->
					</clipAngle>
					<anchorPosition>0.000003 0.666666 -0.272744</anchorPosition>
					<anchorDirection>
						-0.000062 0.999998 0.00216266
						<!--BW_String-->
					</anchorDirection>
					<verticalMirror>true</verticalMirror>
				</slot>
				<slot>
					<slotType>projectionDecal</slotType>
					<slotId>35010</slotId>
					<tags>formfactor_rect1x3</tags>
					<position>
						-0.00349536 1.73071 0.539091
						<!--BW_String-->
					</position>
					<rotation>
						0.140891 -0.000165112 3.14159
						<!--BW_String-->
					</rotation>
					<scale>
						1.19895 1.19897 1.19899
						<!--BW_String-->
					</scale>
					<doubleSided>false</doubleSided>
					<showOn>256</showOn>
					<clipAngle>
						1.3737
						<!--BW_String-->
					</clipAngle>
					<anchorPosition>
						-0.00350111 0.578082 0.585253
						<!--BW_String-->
					</anchorPosition>
					<anchorDirection>-0.000021 0.990091 0.140425</anchorDirection>
				</slot>
				<slot>
					<slotType>projectionDecal</slotType>
					<slotId>35011</slotId>
					<tags>formfactor_rect1x3 direction_right_to_left</tags>
					<position>
						-0.681079 1.71999 -0.111533
						<!--BW_String-->
					</position>
					<rotation>
						1.30354 -1.55506 3.14028
						<!--BW_String-->
					</rotation>
					<scale>
						1.82981 1.82982 1.82982
						<!--BW_String-->
					</scale>
					<doubleSided>false</doubleSided>
					<showOn>256</showOn>
					<clipAngle>
						1.10323
						<!--BW_String-->
					</clipAngle>
					<anchorPosition>-0.893059 0.349525 -0.100875</anchorPosition>
					<anchorDirection>
						-0.964358 0.264086 0.0164896
						<!--BW_String-->
					</anchorDirection>
				</slot>
				<slot>
					<slotType>projectionDecal</slotType>
					<slotId>35012</slotId>
					<tags>formfactor_rect1x4 direction_right_to_left</tags>
					<position>
						0.000023 1.76852 -0.280483
						<!--BW_String-->
					</position>
					<rotation>
						0.000064 -1.56993 3.13943
						<!--BW_String-->
					</rotation>
					<scale>
						2.53216 2.53211 2.53212
						<!--BW_String-->
					</scale>
					<doubleSided>false</doubleSided>
					<showOn>256</showOn>
					<clipAngle>
						1.3737
						<!--BW_String-->
					</clipAngle>
					<anchorPosition>0.000003 0.666666 -0.272744</anchorPosition>
					<anchorDirection>
						-0.000062 0.999998 0.00216266
						<!--BW_String-->
					</anchorDirection>
					<verticalMirror>true</verticalMirror>
				</slot>
				<slot>
					<slotType>projectionDecal</slotType>
					<slotId>35013</slotId>
					<tags>formfactor_rect1x3 direction_left_to_right</tags>
					<position>
						0.68112 1.71996 -0.111529
						<!--BW_String-->
					</position>
					<rotation>
						1.30361 1.55508 3.14019
						<!--BW_String-->
					</rotation>
					<scale>
						1.8298 1.82981 1.82982
						<!--BW_String-->
					</scale>
					<doubleSided>false</doubleSided>
					<showOn>256</showOn>
					<clipAngle>0.842416</clipAngle>
					<anchorPosition>0.911308 0.354461 -0.101213</anchorPosition>
					<anchorDirection>
						0.964419 0.264019 0.0137554
						<!--BW_String-->
					</anchorDirection>
				</slot>
				<slot>
					<slotType>projectionDecal</slotType>
					<slotId>35014</slotId>
					<tags>formfactor_rect1x4 direction_left_to_right</tags>
					<position>
						0.728573 1.59915 -0.579428
						<!--BW_String-->
					</position>
					<rotation>
						1.14664 1.55462 3.14087
						<!--BW_String-->
					</rotation>
					<scale>
						1.6916 0.590798 1.69159
						<!--BW_String-->
					</scale>
					<doubleSided>false</doubleSided>
					<showOn>256</showOn>
					<clipAngle>
						1.48259
						<!--BW_String-->
					</clipAngle>
					<anchorPosition>0.890892 0.243942 -0.569898</anchorPosition>
					<anchorDirection>
						0.911278 0.411552 0.0140197
						<!--BW_String-->
					</anchorDirection>
				</slot>
				<slot>
					<slotType>projectionDecal</slotType>
					<slotId>35015</slotId>
					<tags>formfactor_square direction_right_to_left</tags>
					<position>
						-1.04621 1.87842 -0.127441
						<!--BW_String-->
					</position>
					<rotation>
						1.14661 -1.55457 3.14075
						<!--BW_String-->
					</rotation>
					<scale>0.778822 0.778817 0.778821</scale>
					<doubleSided>false</doubleSided>
					<showOn>256</showOn>
					<clipAngle>
						1.16624
						<!--BW_String-->
					</clipAngle>
					<anchorPosition>-0.835157 0.354579 -0.124028</anchorPosition>
					<anchorDirection>
						-0.91124 0.411579 0.0156302
						<!--BW_String-->
					</anchorDirection>
				</slot>
				<slot>
					<slotType>projectionDecal</slotType>
					<slotId>35016</slotId>
					<tags>formfactor_square  direction_left_to_right</tags>
					<position>
						1.06158 1.84444 -0.127184
						<!--BW_String-->
					</position>
					<rotation>
						1.14665 1.55456 3.14072
						<!--BW_String-->
					</rotation>
					<scale>0.778818 0.778815 0.778817</scale>
					<doubleSided>false</doubleSided>
					<showOn>256</showOn>
					<clipAngle>
						1.16624
						<!--BW_String-->
					</clipAngle>
					<anchorPosition>0.850515 0.320606 -0.123376</anchorPosition>
					<anchorDirection>
						0.911284 0.411543 0.0139244
						<!--BW_String-->
					</anchorDirection>
				</slot>
				<slot>
					<slotType>projectionDecal</slotType>
					<slotId>35017</slotId>
					<tags>formfactor_square direction_right_to_left</tags>
					<position>
						-0.882458 1.82898 0.626959
						<!--BW_String-->
					</position>
					<rotation>
						1.17732 -1.25198 3.0325
						<!--BW_String-->
					</rotation>
					<scale>0.687768 0.687766 0.687767</scale>
					<doubleSided>false</doubleSided>
					<showOn>256</showOn>
					<clipAngle>0.158559</clipAngle>
					<anchorPosition>-0.688442 0.312195 0.543397</anchorPosition>
					<anchorDirection>
						-0.8377 0.381122 0.391159
						<!--BW_String-->
					</anchorDirection>
				</slot>
				<slot>
					<slotType>projectionDecal</slotType>
					<slotId>35018</slotId>
					<tags>formfactor_square  direction_left_to_right</tags>
					<position>
						0.882497 1.82893 0.626963
						<!--BW_String-->
					</position>
					<rotation>
						1.17736 1.2519 -3.03254
						<!--BW_String-->
					</rotation>
					<scale>0.687768 0.687763 0.687766</scale>
					<doubleSided>false</doubleSided>
					<showOn>256</showOn>
					<clipAngle>
						0.0133348
						<!--BW_String-->
					</clipAngle>
					<anchorPosition>0.839267 0.380749 0.613808</anchorPosition>
					<anchorDirection>0.837699 0.381087 0.391194</anchorDirection>
				</slot>
				<slot>
					<slotType>projectionDecal</slotType>
					<slotId>35019</slotId>
					<tags>formfactor_rect1x2  direction_left_to_right</tags>
					<position>
						0.454391 1.61116 -0.118378
						<!--BW_String-->
					</position>
					<rotation>
						1.14667 1.55456 3.14072
						<!--BW_String-->
					</rotation>
					<scale>
						1.21846 1.21846 1.21846
						<!--BW_String-->
					</scale>
					<doubleSided>false</doubleSided>
					<showOn>256</showOn>
					<clipAngle>
						1.17365
						<!--BW_String-->
					</clipAngle>
					<anchorPosition>0.880264 0.374962 -0.104838</anchorPosition>
					<anchorDirection>
						0.911292 0.411525 0.0139245
						<!--BW_String-->
					</anchorDirection>
				</slot>
				<slot>
					<slotType>projectionDecal</slotType>
					<slotId>35020</slotId>
					<tags>formfactor_rect1x2  direction_right_to_left</tags>
					<position>
						-0.384508 1.57614 -0.597827
						<!--BW_String-->
					</position>
					<rotation>
						1.14666 -1.55457 3.14072
						<!--BW_String-->
					</rotation>
					<scale>
						1.21847 1.21846 1.21847
						<!--BW_String-->
					</scale>
					<doubleSided>false</doubleSided>
					<showOn>256</showOn>
					<clipAngle>
						1.48259
						<!--BW_String-->
					</clipAngle>
					<anchorPosition>
						-0.874057 0.36871 -0.582381
						<!--BW_String-->
					</anchorPosition>
					<anchorDirection>
						-0.91126 0.411534 0.0156606
						<!--BW_String-->
					</anchorDirection>
				</slot>
				<slot>
					<slotType>projectionDecal</slotType>
					<slotId>35021</slotId>
					<tags>formfactor_rect1x2 direction_right_to_left</tags>
					<position>
						-0.917151 1.84679 0.535301
						<!--BW_String-->
					</position>
					<rotation>
						1.17966 -1.16648 3.11147
						<!--BW_String-->
					</rotation>
					<scale>
						1.10069 1.10069 1.10069
						<!--BW_String-->
					</scale>
					<doubleSided>false</doubleSided>
					<showOn>256</showOn>
					<clipAngle>
						1.48259
						<!--BW_String-->
					</clipAngle>
					<anchorPosition>-0.749901 0.342194 0.464229</anchorPosition>
					<anchorDirection>-0.837704 0.381066 0.391205</anchorDirection>
				</slot>
				<slot>
					<slotType>projectionDecal</slotType>
					<slotId>35022</slotId>
					<tags>formfactor_rect1x2  direction_left_to_right</tags>
					<position>
						0.917193 1.84675 0.535305
						<!--BW_String-->
					</position>
					<rotation>
						1.1797 1.16637 -3.1116
						<!--BW_String-->
					</rotation>
					<scale>
						1.10069 1.10069 1.10069
						<!--BW_String-->
					</scale>
					<doubleSided>false</doubleSided>
					<showOn>256</showOn>
					<clipAngle>
						1.04395
						<!--BW_String-->
					</clipAngle>
					<anchorPosition>0.892981 0.407222 0.531032</anchorPosition>
					<anchorDirection>0.837729 0.381031 0.391185</anchorDirection>
				</slot>
				<slot>
					<slotType>projectionDecal</slotType>
					<slotId>35023</slotId>
					<tags>formfactor_rect1x2 direction_right_to_left</tags>
					<position>
						0.000023 1.76852 -0.280483
						<!--BW_String-->
					</position>
					<rotation>
						0.000064 -1.56993 3.13943
						<!--BW_String-->
					</rotation>
					<scale>
						2.50027 2.50022 2.50023
						<!--BW_String-->
					</scale>
					<doubleSided>false</doubleSided>
					<showOn>256</showOn>
					<clipAngle>
						1.3737
						<!--BW_String-->
					</clipAngle>
					<anchorPosition>0.000003 0.666664 -0.272744</anchorPosition>
					<anchorDirection>
						-0.000062 0.999998 0.00216266
						<!--BW_String-->
					</anchorDirection>
					<verticalMirror>true</verticalMirror>
				</slot>
				<slot>
					<slotType>projectionDecal</slotType>
					<slotId>35024</slotId>
					<tags>formfactor_rect1x4 direction_right_to_left</tags>
					<position>
						-0.670683 1.76555 -0.233234
						<!--BW_String-->
					</position>
					<rotation>
						1.30354 -1.55506 3.14028
						<!--BW_String-->
					</rotation>
					<scale>
						2.34823 2.34824 2.34824
						<!--BW_String-->
					</scale>
					<doubleSided>false</doubleSided>
					<showOn>256</showOn>
					<clipAngle>
						1.10323
						<!--BW_String-->
					</clipAngle>
					<anchorPosition>-0.882661 0.395084 -0.222576</anchorPosition>
					<anchorDirection>
						-0.964358 0.264086 0.0164896
						<!--BW_String-->
					</anchorDirection>
				</slot>
				<slot>
					<slotType>projectionDecal</slotType>
					<slotId>35025</slotId>
					<tags>formfactor_rect1x4  direction_left_to_right</tags>
					<position>
						0.670726 1.76551 -0.23323
						<!--BW_String-->
					</position>
					<rotation>
						1.30358 1.55508 3.1402
						<!--BW_String-->
					</rotation>
					<scale>
						2.34823 2.34824 2.34824
						<!--BW_String-->
					</scale>
					<doubleSided>false</doubleSided>
					<showOn>256</showOn>
					<clipAngle>0.969858</clipAngle>
					<anchorPosition>0.882718 0.395037 -0.223171</anchorPosition>
					<anchorDirection>
						0.964411 0.264047 0.0137653
						<!--BW_String-->
					</anchorDirection>
				</slot>
				<slot>
					<slotType>projectionDecal</slotType>
					<slotId>35026</slotId>
					<tags>formfactor_rect1x4  direction_right_to_left</tags>
					<position>
						-0.728534 1.59919 -0.579432
						<!--BW_String-->
					</position>
					<rotation>
						1.1466 -1.55457 3.14089
						<!--BW_String-->
					</rotation>
					<scale>
						1.6916 0.590797 1.69158
						<!--BW_String-->
					</scale>
					<doubleSided>false</doubleSided>
					<showOn>256</showOn>
					<clipAngle>
						1.48259
						<!--BW_String-->
					</clipAngle>
					<anchorPosition>
						-0.890845 0.243988 -0.56964
						<!--BW_String-->
					</anchorPosition>
					<anchorDirection>
						-0.911238 0.411588 0.0154903
						<!--BW_String-->
					</anchorDirection>
				</slot>
				<slot>
					<slotType>projectionDecal</slotType>
					<slotId>35027</slotId>
					<tags>formfactor_rect1x6 direction_left_to_right</tags>
					<position>
						0.670725 1.76551 -0.23323
						<!--BW_String-->
					</position>
					<rotation>
						1.30358 1.55508 3.1402
						<!--BW_String-->
					</rotation>
					<scale>
						2.34823 2.34824 2.34824
						<!--BW_String-->
					</scale>
					<doubleSided>false</doubleSided>
					<showOn>256</showOn>
					<clipAngle>0.969858</clipAngle>
					<anchorPosition>0.882717 0.395037 -0.223171</anchorPosition>
					<anchorDirection>
						0.964411 0.264047 0.0137653
						<!--BW_String-->
					</anchorDirection>
				</slot>
				<slot>
					<slotType>projectionDecal</slotType>
					<slotId>35028</slotId>
					<tags>formfactor_rect1x6 direction_left_to_right</tags>
					<position>
						0.729661 1.59906 -0.647985
						<!--BW_String-->
					</position>
					<rotation>
						1.21565 1.55447 3.14074
						<!--BW_String-->
					</rotation>
					<scale>
						1.6916 0.590798 1.69159
						<!--BW_String-->
					</scale>
					<doubleSided>false</doubleSided>
					<showOn>256</showOn>
					<clipAngle>
						1.48259
						<!--BW_String-->
					</clipAngle>
					<anchorPosition>0.896648 0.232483 -0.638377</anchorPosition>
					<anchorDirection>
						0.937484 0.347727 0.0144543
						<!--BW_String-->
					</anchorDirection>
				</slot>
				<slot>
					<slotType>projectionDecal</slotType>
					<slotId>35029</slotId>
					<tags>formfactor_rect1x6  direction_right_to_left</tags>
					<position>
						-0.670681 1.76555 -0.233233
						<!--BW_String-->
					</position>
					<rotation>
						1.30354 -1.55509 3.1402
						<!--BW_String-->
					</rotation>
					<scale>
						2.34822 2.34823 2.34824
						<!--BW_String-->
					</scale>
					<doubleSided>false</doubleSided>
					<showOn>256</showOn>
					<clipAngle>0.969858</clipAngle>
					<anchorPosition>-0.882658 0.395084 -0.222564</anchorPosition>
					<anchorDirection>
						-0.964357 0.264086 0.0165408
						<!--BW_String-->
					</anchorDirection>
				</slot>
				<slot>
					<slotType>projectionDecal</slotType>
					<slotId>35030</slotId>
					<tags>formfactor_rect1x6  direction_right_to_left</tags>
					<position>
						-0.729621 1.5991 -0.64799
						<!--BW_String-->
					</position>
					<rotation>
						1.21561 -1.55457 3.14072
						<!--BW_String-->
					</rotation>
					<scale>
						1.6916 0.590797 1.69158
						<!--BW_String-->
					</scale>
					<doubleSided>false</doubleSided>
					<showOn>256</showOn>
					<clipAngle>
						1.48259
						<!--BW_String-->
					</clipAngle>
					<anchorPosition>-0.896599 0.232529 -0.638092</anchorPosition>
					<anchorDirection>
						-0.937444 0.347765 0.0160855
						<!--BW_String-->
					</anchorDirection>
				</slot>
				<slot>
					<slotType>projectionDecal</slotType>
					<slotId>35031</slotId>
					<tags>formfactor_square</tags>
					<compatibleModels>tramontana</compatibleModels>
					<position>
						0.253303 2.03726 0.566918
						<!--BW_String-->
					</position>
					<rotation>
						0.139913 -0.011124 -3.10542
						<!--BW_String-->
					</rotation>
					<scale>0.519338 0.174247 0.519335</scale>
					<doubleSided>false</doubleSided>
					<showOn>256</showOn>
					<clipAngle>0.000000</clipAngle>
					<anchorPosition>0.253303 0.608743 0.573951</anchorPosition>
					<anchorDirection>
						-0.0377172 0.98958 0.138954
						<!--BW_String-->
					</anchorDirection>
				</slot>
				<slot>
					<slotType>projectionDecal</slotType>
					<slotId>35032</slotId>
					<tags>formfactor_square</tags>
					<compatibleModels>tramontana</compatibleModels>
					<position>
						-0.673919 1.75091 0.594684
						<!--BW_String-->
					</position>
					<rotation>
						1.18197 -1.30905 2.96203
						<!--BW_String-->
					</rotation>
					<scale>0.418962 0.242018 0.418961</scale>
					<doubleSided>false</doubleSided>
					<showOn>256</showOn>
					<clipAngle>0.000000</clipAngle>
					<anchorPosition>-0.673919 0.322392 0.601717</anchorPosition>
					<anchorDirection>-0.833253 0.373007 0.408112</anchorDirection>
				</slot>
				<slot>
					<slotType>projectionDecal</slotType>
					<slotId>35033</slotId>
					<tags>formfactor_square</tags>
					<compatibleModels>tramontana</compatibleModels>
					<position>
						0.683202 1.75416 0.532322
						<!--BW_String-->
					</position>
					<rotation>
						1.3564 1.09619 3.1369
						<!--BW_String-->
					</rotation>
					<scale>0.403747 0.233229 0.403745</scale>
					<doubleSided>false</doubleSided>
					<showOn>256</showOn>
					<clipAngle>0.000000</clipAngle>
					<anchorPosition>
						0.683203 0.32564 0.539355
						<!--BW_String-->
					</anchorPosition>
					<anchorDirection>0.871245 0.212759 0.442341</anchorDirection>
				</slot>
			</customizationSlots>
			<customization>
				<customizableVehicleAreas>
					<paint>TURRET</paint>
					<camouflage>TURRET</camouflage>
				</customizableVehicleAreas>
			</customization>
			<wwturretRotatorSoundManual>tur_mech_trav</wwturretRotatorSoundManual>
			<showEmblemsOnGun>false</showEmblemsOnGun>
			<physicsShape>
				1.000 0.000 1.024 0.000 0.488 0.189 0.268 0.008 0.370 0.500 0.248 0.500 0.000 0.100 0.000
				<!--BW_String-->
			</physicsShape>
			<camouflage>
				<tiling>
					0.91 0.91 0.000000 0.000000
					<!--BW_String-->
				</tiling>
				<density>
					100.679 100.535
					<!--BW_String-->
				</density>
				<aoTextureSize>512 512</aoTextureSize>
			</camouflage>
		</Turret_1_F108_Panhard_EBR_105>
	</turrets0>
	<engines>
		<Panhard_12H_6000_X>shared</Panhard_12H_6000_X>
	</engines>
	<fuelTanks>
		<Large>shared</Large>
	</fuelTanks>
	<radios>
		<SCR_528_Fr>shared</SCR_528_Fr>
	</radios>
	<physics>
		<detailed>
			<engines>
				<Panhard_12H_6000_X>
					<smplEnginePower>720</smplEnginePower>
					<smplFwMaxSpeed>91</smplFwMaxSpeed>
				</Panhard_12H_6000_X>
			</engines>
			<chassis>
				<Chassis_F108_Panhard_EBR_105>
					<axleCount>4</axleCount>
					<axleSteeringLockAngles>-15 0 0 15</axleSteeringLockAngles>
					<wheelRiseSpeed>2</wheelRiseSpeed>
					<grounds>
						<soft>
							<rollingFriction>
								0.05
								<!--BW_String-->
							</rollingFriction>
						</soft>
						<medium>
							<rollingFriction>
								0.05
								<!--BW_String-->
							</rollingFriction>
						</medium>
						<firm>
							<rollingFriction>
								0.05
								<!--BW_String-->
							</rollingFriction>
						</firm>
					</grounds>
				</Chassis_F108_Panhard_EBR_105>
			</chassis>
		</detailed>
	</physics>
	<siege_mode>
		<switchOnTime>
			0.0
			<!--BW_String-->
		</switchOnTime>
		<switchOffTime>
			0.0
			<!--BW_String-->
		</switchOffTime>
		<engineDamageCoeff>1</engineDamageCoeff>
		<soundStateChange>
			<on>wheel_vehicle_speed_high</on>
			<off>wheel_vehicle_speed_low</off>
		</soundStateChange>
	</siege_mode>
	<extras>
		<wheel_Health>
			wheelHealths : WheelHealths
			<sounds>
				<destroyed/>
				<critical/>
				<functional/>
			</sounds>
			<deviceUserString>#ingame_gui:devices/wheel</deviceUserString>
		</wheel_Health>
	</extras>
	<deviceExtras>
		<devices>
			<wheel_Health>
				track
				<multiple/>
			</wheel_Health>
		</devices>
		<tankmen/>
	</deviceExtras>
	<clientAdjustmentFactors/>
	<useHullZSize>True</useHullZSize>
	<useHullZOffset>True</useHullZOffset>
	<effects>
		<collision/>
		<damagedStateGroup>medium</damagedStateGroup>
		<groundCollisionLight>groundCollisionWheeledLight</groundCollisionLight>
		<groundCollisionHeavy>groundCollisionWheeledHeavy</groundCollisionHeavy>
		<sandCollisionLight>sandCollisionWheeledLight</sandCollisionLight>
		<sandCollisionHeavy>sandCollisionWheeledHeavy</sandCollisionHeavy>
		<snowCollisionLight>snowCollisionWheeledLight</snowCollisionLight>
		<snowCollisionHeavy>snowCollisionWheeledHeavy</snowCollisionHeavy>
		<stoneCollisionLight>stoneCollisionWheeledLight</stoneCollisionLight>
		<stoneCollisionHeavy>stoneCollisionWheeledHeavy</stoneCollisionHeavy>
		<woodCollisionLight>woodCollisionWheeledLight</woodCollisionLight>
		<woodCollisionHeavy>woodCollisionWheeledHeavy</woodCollisionHeavy>
		<metalCollisionLight>metalCollisionWheeledLight</metalCollisionLight>
		<metalCollisionHeavy>metalCollisionWheeledHeavy</metalCollisionHeavy>
		<waterCollisionLight>waterCollisionWheeledLight</waterCollisionLight>
		<waterCollisionHeavy>waterCollisionWheeledHeavy</waterCollisionHeavy>
	</effects>
	<emblems>
		<default>15504</default>
		<lodDist>MEDIUM</lodDist>
		<alpha>
			0.9
			<!--BW_String-->
		</alpha>
	</emblems>
</root>
