<?xml version="1.0" encoding="utf-8"?>
<root>
	<xmlns:xmlref>http://bwt/xmlref</xmlns:xmlref>
	<crew>
		<commander>radioman</commander>
		<gunner/>
		<driver/>
		<loader/>
	</crew>
	<supplySlots>1 1 1 6 6 6 7 8 8 8</supplySlots>
	<speedLimits>
		<forward>28</forward>
		<backward>10</backward>
	</speedLimits>
	<invisibility>
		<moving>
			0.068
			<!--BW_String-->
		</moving>
		<still>
			0.135
			<!--BW_String-->
		</still>
		<camouflageBonus>
			0.02
			<!--BW_String-->
		</camouflageBonus>
		<firePenalty>
			0.203
			<!--BW_String-->
		</firePenalty>
	</invisibility>
	<optDevsOverrides>
		<camouflageNet>
			<invisibilityBonus>
				0.05 0.075
				<!--BW_String-->
			</invisibilityBonus>
		</camouflageNet>
		<additionalInvisibilityDevice>
			<invisibilityBonus>
				0.03 0.04
				<!--BW_String-->
			</invisibilityBonus>
		</additionalInvisibilityDevice>
	</optDevsOverrides>
	<repairCost>4</repairCost>
	<premiumVehicleXPFactor>
		0.4
		<!--BW_String-->
	</premiumVehicleXPFactor>
	<crewXpFactor>
		1.5
		<!--BW_String-->
	</crewXpFactor>
	<camouflage>
		<priceFactor>
			1.0
			<!--BW_String-->
		</priceFactor>
		<tiling>1 1 0 0</tiling>
		<exclusionMask/>
	</camouflage>
	<hull>
		<fakeTurrets>
			<lobby>0</lobby>
			<battle>0</battle>
		</fakeTurrets>
		<armor>
			<armor_1>60</armor_1>
			<armor_2>45</armor_2>
			<armor_3>60</armor_3>
			<armor_4>55</armor_4>
			<armor_5>25</armor_5>
			<armor_6>25</armor_6>
			<armor_7>20</armor_7>
			<armor_8>0</armor_8>
			<armor_9>
				10
				<vehicleDamageFactor>
					0.0
					<!--BW_String-->
				</vehicleDamageFactor>
			</armor_9>
			<armor_11>45</armor_11>
		</armor>
		<primaryArmor>armor_1 armor_3 armor_4</primaryArmor>
		<weight>21000</weight>
		<maxHealth>208</maxHealth>
		<ammoBayHealth>
			<maxHealth>80</maxHealth>
			<maxRegenHealth>55</maxRegenHealth>
			<repairCost>
				1.0
				<!--BW_String-->
			</repairCost>
		</ammoBayHealth>
		<models>
			<undamaged>vehicles/french/F28_105_leFH18B2/normal/lod0/Hull.model</undamaged>
			<destroyed>vehicles/french/F28_105_leFH18B2/crash/lod0/Hull.model</destroyed>
			<exploded>vehicles/french/F28_105_leFH18B2/crash/lod0/Hull.model</exploded>
		</models>
		<swinging>
			<lodDist>FAR</lodDist>
			<pitchParams>
				0.24 36.00 0.40 1.00 0.05 0.32
				<!--BW_String-->
			</pitchParams>
			<rollParams>
				1.00 0.24 36.00 0.40 1.00 0.05 0.32
				<!--BW_String-->
			</rollParams>
			<sensitivityToImpulse>
				0.35
				<!--BW_String-->
			</sensitivityToImpulse>
		</swinging>
		<exhaust>
			<pixie>gas_medium</pixie>
			<nodes>HP_Track_Exhaus_1 HP_Track_Exhaus_2</nodes>
		</exhaust>
		<turretPositions>
			<turret>
				-0.000001 0.376416 1.4391
				<!--BW_String-->
			</turret>
		</turretPositions>
		<hitTester>
			<collisionModelServer>vehicles/french/F28_105_leFH18B2/collision/Hull.model</collisionModelServer>
			<collisionModelClient>vehicles/french/F28_105_leFH18B2/collision_client/Hull.model</collisionModelClient>
		</hitTester>
		<hangarShadowTexture>vehicles/french/F28_105_leFH18B2/105_leFH18B2_HangarShadowMap.dds</hangarShadowTexture>
		<customization>
			<customizableVehicleAreas>
				<paint/>
				<camouflage>HULL</camouflage>
			</customizableVehicleAreas>
		</customization>
		<customizationSlots>
			<slot>
				<slotType>clan</slotType>
				<slotId>10000</slotId>
				<rayStart>
					-0.243849 -0.30415 2.46226
					<!--BW_String-->
				</rayStart>
				<rayEnd>
					-0.243849 -0.438722 2.31431
					<!--BW_String-->
				</rayEnd>
				<rayUp>
					0.000000 1 0.000000
					<!--BW_String-->
				</rayUp>
				<size>
					0.22
					<!--BW_String-->
				</size>
				<hideIfDamaged>true</hideIfDamaged>
				<isUVProportional>true</isUVProportional>
			</slot>
			<slot>
				<slotType>player</slotType>
				<slotId>13000</slotId>
				<rayStart>
					-0.829332 0.852585 1.41973
					<!--BW_String-->
				</rayStart>
				<rayEnd>
					-0.655844 0.809303 1.33013
					<!--BW_String-->
				</rayEnd>
				<rayUp>
					0.000000 1 0.000000
					<!--BW_String-->
				</rayUp>
				<size>
					0.28
					<!--BW_String-->
				</size>
				<hideIfDamaged>false</hideIfDamaged>
				<isUVProportional>true</isUVProportional>
			</slot>
			<slot>
				<slotType>inscription</slotType>
				<slotId>14000</slotId>
				<rayStart>0.885907 0.746398 0.474766</rayStart>
				<rayEnd>0.791847 0.721961 0.498333</rayEnd>
				<rayUp>
					0.000000 1 0.000000
					<!--BW_String-->
				</rayUp>
				<size>
					0.8
					<!--BW_String-->
				</size>
				<hideIfDamaged>false</hideIfDamaged>
				<isUVProportional>true</isUVProportional>
			</slot>
			<slot>
				<slotType>inscription</slotType>
				<slotId>14001</slotId>
				<rayStart>
					-0.885528 0.7589 0.480268
					<!--BW_String-->
				</rayStart>
				<rayEnd>-0.791489 0.734306 0.503757</rayEnd>
				<rayUp>
					0.000000 1 0.000000
					<!--BW_String-->
				</rayUp>
				<size>
					0.8
					<!--BW_String-->
				</size>
				<hideIfDamaged>false</hideIfDamaged>
				<isUVProportional>true</isUVProportional>
			</slot>
			<slot>
				<slotType>player</slotType>
				<slotId>13001</slotId>
				<rayStart>
					0.829332 0.852585 1.41973
					<!--BW_String-->
				</rayStart>
				<rayEnd>
					0.655844 0.809303 1.33013
					<!--BW_String-->
				</rayEnd>
				<rayUp>
					0.000000 1 0.000000
					<!--BW_String-->
				</rayUp>
				<size>
					0.28
					<!--BW_String-->
				</size>
				<hideIfDamaged>false</hideIfDamaged>
				<isMirrored>true</isMirrored>
				<isUVProportional>true</isUVProportional>
			</slot>
		</customizationSlots>
		<camouflage>
			<tiling>
				0.91 0.91 0.000000 0.000000
				<!--BW_String-->
			</tiling>
			<density>
				97.976 98.6892
				<!--BW_String-->
			</density>
			<aoTextureSize>1024 1024</aoTextureSize>
		</camouflage>
	</hull>
	<chassis>
		<Chassis_105_leFH18B2_IGR>
			<userString>#igr_vehicles:Chassis_105_leFH18B2_IGR</userString>
			<tags/>
			<level>5</level>
			<price>240</price>
			<notInShop>true</notInShop>
			<armor>
				<leftTrack>15</leftTrack>
				<rightTrack>15</rightTrack>
			</armor>
			<weight>8050</weight>
			<maxLoad>34000</maxLoad>
			<terrainResistance>
				1.3 1.4 2.1
				<!--BW_String-->
			</terrainResistance>
			<brakeForce>35500</brakeForce>
			<rotationIsAroundCenter>true</rotationIsAroundCenter>
			<rotationSpeed>22</rotationSpeed>
			<shotDispersionFactors>
				<vehicleMovement>
					0.24
					<!--BW_String-->
				</vehicleMovement>
				<vehicleRotation>
					0.24
					<!--BW_String-->
				</vehicleRotation>
			</shotDispersionFactors>
			<bulkHealthFactor>
				3.0
				<!--BW_String-->
			</bulkHealthFactor>
			<maxHealth>120</maxHealth>
			<maxRegenHealth>90</maxRegenHealth>
			<repairCost>
				1.0
				<!--BW_String-->
			</repairCost>
			<models>
				<undamaged>vehicles/french/F28_105_leFH18B2/normal/lod0/Chassis.model</undamaged>
				<destroyed>vehicles/french/F28_105_leFH18B2/crash/lod0/Chassis.model</destroyed>
				<exploded>vehicles/french/F28_105_leFH18B2/crash/lod0/Chassis.model</exploded>
			</models>
			<traces>
				<lodDist>FAR</lodDist>
				<bufferPrefs>mediumTank</bufferPrefs>
				<textureSet>usa_02</textureSet>
				<size>
					0.36 0.48
					<!--BW_String-->
				</size>
			</traces>
			<tracks>
				<lodDist>MEDIUM_TRACK</lodDist>
				<leftMaterial>track_mat_L_skinned</leftMaterial>
				<rightMaterial>track_mat_R_skinned</rightMaterial>
				<textureScale>
					-2.2
					<!--BW_String-->
				</textureScale>
			</tracks>
			<wheels>
				<lodDist>MEDIUM</lodDist>
				<wheel>
					<isLeft>false</isLeft>
					<isLeading>true</isLeading>
					<name>WD_R1</name>
					<radius>0.477488</radius>
					<syncAngle>12</syncAngle>
				</wheel>
				<group>
					<isLeft>false</isLeft>
					<template>W_R</template>
					<radius>0.101895</radius>
					<startIndex>0</startIndex>
					<count>16</count>
				</group>
				<wheel>
					<isLeft>false</isLeft>
					<isLeading>true</isLeading>
					<name>WD_R0</name>
					<radius>0.406771</radius>
					<syncAngle>12</syncAngle>
				</wheel>
				<wheel>
					<isLeft>true</isLeft>
					<isLeading>true</isLeading>
					<name>WD_L1</name>
					<radius>0.477488</radius>
					<syncAngle>12</syncAngle>
				</wheel>
				<group>
					<isLeft>true</isLeft>
					<template>W_L</template>
					<radius>0.101895</radius>
					<startIndex>0</startIndex>
					<count>16</count>
				</group>
				<wheel>
					<isLeft>true</isLeft>
					<isLeading>true</isLeading>
					<name>WD_L0</name>
					<radius>0.406771</radius>
					<syncAngle>12</syncAngle>
				</wheel>
			</wheels>
			<drivingWheels>WD_L0 WD_L1</drivingWheels>
			<effects>
				<lodDist>MEDIUM</lodDist>
				<mud>mediumTankMud</mud>
			</effects>
			<wwsoundPC>treads_type_pc</wwsoundPC>
			<wwsoundNPC>trds_chf_npc</wwsoundNPC>
			<hullPosition>
				0.000000 1.43419 0.000000
				<!--BW_String-->
			</hullPosition>
			<hitTester>
				<collisionModelServer>vehicles/french/F28_105_leFH18B2/collision/Chassis.model</collisionModelServer>
				<collisionModelClient>vehicles/french/F28_105_leFH18B2/collision_client/Chassis.model</collisionModelClient>
			</hitTester>
			<topRightCarryingPoint>
				0.989686 1.85858
				<!--BW_String-->
			</topRightCarryingPoint>
			<maxClimbAngle>25</maxClimbAngle>
			<navmeshGirth>
				6.0
				<!--BW_String-->
			</navmeshGirth>
			<AODecals>
				<decal>
					<transform>
						<row0>3.420320 -0.000000 0.000000</row0>
						<row1>0.000000 1.350000 -0.000000</row1>
						<row2>-0.000000 0.000000 7.700060</row2>
						<row3>-0.000000 0.000000 0.000001</row3>
					</transform>
				</decal>
			</AODecals>
			<splineDesc>
				<segmentModelLeft>vehicles/french/F28_105_leFH18B2/track/segment.model</segmentModelLeft>
				<segmentModelRight>vehicles/french/F28_105_leFH18B2/track/segment.model</segmentModelRight>
				<left>vehicles/french/F28_105_leFH18B2/track/left.track</left>
				<right>vehicles/french/F28_105_leFH18B2/track/right.track</right>
				<segmentLength>
					0.224
					<!--BW_String-->
				</segmentLength>
				<segmentOffset>
					0.113
					<!--BW_String-->
				</segmentOffset>
				<lodDist>SPLINE_TRACK</lodDist>
				<atlas>
					<UTiles>1</UTiles>
					<VTiles>1</VTiles>
				</atlas>
			</splineDesc>
			<trackThickness>
				-0.0425
				<!--BW_String-->
			</trackThickness>
			<trackNodes>
				<enable>true</enable>
				<linkBones>false</linkBones>
				<maxAmplitude>
					0.1
					<!--BW_String-->
				</maxAmplitude>
				<maxOffset>
					0.1
					<!--BW_String-->
				</maxOffset>
				<gravity>
					-9.8
					<!--BW_String-->
				</gravity>
				<elasticity>1500</elasticity>
				<damping>2</damping>
				<node>
					<isLeft>true</isLeft>
					<name>Track_VD_L0</name>
					<forwardElastK>1</forwardElastK>
					<backwardElastK>1</backwardElastK>
				</node>
				<node>
					<isLeft>false</isLeft>
					<name>Track_VD_R0</name>
					<forwardElastK>1</forwardElastK>
					<backwardElastK>1</backwardElastK>
				</node>
				<node>
					<isLeft>true</isLeft>
					<name>Track_VD_L1</name>
					<forwardElastK>1</forwardElastK>
					<backwardElastK>1</backwardElastK>
				</node>
				<node>
					<isLeft>false</isLeft>
					<name>Track_VD_R1</name>
					<forwardElastK>1</forwardElastK>
					<backwardElastK>1</backwardElastK>
				</node>
			</trackNodes>
			<groundNodes>
				<group>
					<template>Track_L</template>
					<startIndex>0</startIndex>
					<count>16</count>
					<isLeft>true</isLeft>
					<minOffset>
						-0.04
						<!--BW_String-->
					</minOffset>
					<maxOffset>
						0.04
						<!--BW_String-->
					</maxOffset>
				</group>
				<group>
					<template>Track_R</template>
					<startIndex>0</startIndex>
					<count>16</count>
					<isLeft>false</isLeft>
					<minOffset>
						-0.04
						<!--BW_String-->
					</minOffset>
					<maxOffset>
						0.04
						<!--BW_String-->
					</maxOffset>
				</group>
			</groundNodes>
			<physicalTracks>
				<left>
					<segmentsCount>66</segmentsCount>
					<segmentsOuterThickness>
						0.0563857
						<!--BW_String-->
					</segmentsOuterThickness>
					<segmentsInnerThickness>
						0.0240431
						<!--BW_String-->
					</segmentsInnerThickness>
					<segmentsPlaneOffset>-0.989687</segmentsPlaneOffset>
					<springsLength>
						<backwardMovement>
							<back>0.210937</back>
							<top>
								0.19677
								<!--BW_String-->
							</top>
							<front>0.197657</front>
							<bottom>0.186681</bottom>
						</backwardMovement>
						<forwardMovement>
							<back>0.197991</back>
							<top>0.206307</top>
							<front>0.210742</front>
							<bottom>0.186681</bottom>
						</forwardMovement>
					</springsLength>
					<mainSegment>
						<model>vehicles/french/F28_105_leFH18B2/track/segment.model</model>
						<length>0.238484</length>
					</mainSegment>
					<collisionHull>
						<bottom>
							<part>
								<xStart>
									-2.36864
									<!--BW_String-->
								</xStart>
								<xStep>
									0.00999999
									<!--BW_String-->
								</xStep>
								<ySamples>
									0.381486 0.389209 0.397345 0.40592 0.414964 0.424513 0.434607
									<!--BW_String-->
								</ySamples>
							</part>
							<part>
								<xStart>
									-2.30864
									<!--BW_String-->
								</xStart>
								<xStep>0.119242</xStep>
								<ySamples>
									0.434607 0.637703 1.44084 1.46917 1.49728 1.52231 1.55185 1.57879 1.58287 1.53236 1.5281 1.53668 1.53555 1.5303 1.53518 1.53413 1.53319 1.57319 1.57292 1.52814 1.52789 1.52629 1.5338 1.57172 1.57577 1.56897 1.56207 1.54291 1.52368 1.44912 1.43032 1.41489 1.4414 1.42415 1.36501 1.34945 1.32114 0.548046 0.416602
									<!--BW_String-->
								</ySamples>
							</part>
							<part>
								<xStart>
									2.22257
									<!--BW_String-->
								</xStart>
								<xStep>
									0.00999999
									<!--BW_String-->
								</xStep>
								<ySamples>
									0.416602 0.409201 0.402186 0.395537 0.389237 0.383271 0.377623
									<!--BW_String-->
								</ySamples>
							</part>
						</bottom>
						<top>
							<part>
								<xStart>
									-3.14333
									<!--BW_String-->
								</xStart>
								<xStep>0.119242</xStep>
								<ySamples>
									1.29916 1.33415 1.35921 1.38426 1.40932 1.43438 1.45943 1.48449 1.50954 1.5346 1.55965 1.57161 1.57384 1.61473 1.62018 1.61729 1.61608 1.619 1.62192 1.62484 1.63165 1.63318 1.63376 1.63623 1.60919 1.60884 1.60931 1.60897 1.60963 1.61378 1.61794 1.6221 1.62625 1.63041 1.61385 1.59212 1.57039 1.54867 1.52694 1.50521 1.48348 1.47274 1.45367 1.44375
									<!--BW_String-->
								</ySamples>
							</part>
						</top>
					</collisionHull>
					<bottomWheels>
						<wheel>WD_L1</wheel>
						<wheel>W_L15</wheel>
						<wheel>W_L14</wheel>
						<wheel>W_L13</wheel>
						<wheel>W_L12</wheel>
						<wheel>W_L11</wheel>
						<wheel>W_L10</wheel>
						<wheel>W_L9</wheel>
						<wheel>W_L8</wheel>
						<wheel>W_L7</wheel>
						<wheel>W_L6</wheel>
						<wheel>W_L5</wheel>
						<wheel>W_L4</wheel>
						<wheel>W_L3</wheel>
						<wheel>W_L2</wheel>
						<wheel>W_L1</wheel>
						<wheel>W_L0</wheel>
						<wheel>WD_L0</wheel>
					</bottomWheels>
					<snapWheels>
						<topFront>
							<wheelName>WD_L0</wheelName>
							<basePos>
								2.51601 0.802608
								<!--BW_String-->
							</basePos>
							<shiftVec>0.400399 0.237137</shiftVec>
							<jointIdx>8</jointIdx>
						</topFront>
						<topBack>
							<wheelName>WD_L1</wheelName>
							<basePos>
								-2.67186 0.78442
								<!--BW_String-->
							</basePos>
							<shiftVec>-0.472373 0.109689</shiftVec>
							<jointIdx>39</jointIdx>
						</topBack>
						<bottomBack>
							<wheelName>W_L15</wheelName>
							<basePos>
								-2.16709 0.250863
								<!--BW_String-->
							</basePos>
							<shiftVec>
								0.0375917 -0.1301
								<!--BW_String-->
							</shiftVec>
							<jointIdx>46</jointIdx>
						</bottomBack>
						<bottomFront>
							<wheelName>W_L1</wheelName>
							<basePos>
								1.8569 0.22484
								<!--BW_String-->
							</basePos>
							<shiftVec>
								0.0348655 -0.121016
								<!--BW_String-->
							</shiftVec>
							<jointIdx>0</jointIdx>
						</bottomFront>
					</snapWheels>
					<radiusOverrides>
						<wheel>
							<name>WD_L1</name>
							<radius>
								0.48259
								<!--BW_String-->
							</radius>
						</wheel>
						<wheel>
							<name>WD_L0</name>
							<radius>0.462902</radius>
						</wheel>
					</radiusOverrides>
					<teethSyncs>
						<syncWithMainModel>true</syncWithMainModel>
						<segmentSyncPivotOffset>-0.989687</segmentSyncPivotOffset>
						<sync>
							<name>WD_L1</name>
							<startAngle>
								-99.859
								<!--BW_String-->
							</startAngle>
							<teethCount>30</teethCount>
						</sync>
						<sync>
							<name>WD_L0</name>
							<startAngle>
								-102.992
								<!--BW_String-->
							</startAngle>
							<teethCount>30</teethCount>
						</sync>
					</teethSyncs>
					<sourceCollisionHullPoints>
						<top>
							<range>
								<point>
									-1.14969 1.41893 -3.14341
									<!--BW_String-->
								</point>
								<point>
									-1.14969 1.45392 -3.02417
									<!--BW_String-->
								</point>
								<point>
									-1.1497 1.47898 -2.90493
									<!--BW_String-->
								</point>
								<point>
									-1.1497 1.50403 -2.78568
									<!--BW_String-->
								</point>
								<point>
									-1.1497 1.52909 -2.66644
									<!--BW_String-->
								</point>
								<point>
									-1.1497 1.55415 -2.5472
									<!--BW_String-->
								</point>
								<point>
									-1.1497 1.5792 -2.42796
									<!--BW_String-->
								</point>
								<point>
									-1.1497 1.60426 -2.30872
									<!--BW_String-->
								</point>
								<point>
									-1.1497 1.62931 -2.18947
									<!--BW_String-->
								</point>
								<point>
									-1.1497 1.65437 -2.07023
									<!--BW_String-->
								</point>
								<point>
									-1.1497 1.67942 -1.95099
									<!--BW_String-->
								</point>
								<point>
									-1.14971 1.69138 -1.83175
									<!--BW_String-->
								</point>
								<point>
									-1.14971 1.69361 -1.71251
									<!--BW_String-->
								</point>
								<point>
									-1.14971 1.7345 -1.59326
									<!--BW_String-->
								</point>
								<point>
									-0.969708 1.73996 -1.47402
									<!--BW_String-->
								</point>
								<point>
									-0.969709 1.73707 -1.35478
									<!--BW_String-->
								</point>
								<point>
									-0.969709 1.73586 -1.23554
									<!--BW_String-->
								</point>
								<point>
									-0.969709 1.73878 -1.11629
									<!--BW_String-->
								</point>
								<point>
									-0.96971 1.7417 -0.997053
									<!--BW_String-->
								</point>
								<point>
									-0.97971 1.74462 -0.87781
									<!--BW_String-->
								</point>
								<point>
									-1.14971 1.75142 -0.758569
									<!--BW_String-->
								</point>
								<point>
									-1.14971 1.75295 -0.639327
									<!--BW_String-->
								</point>
								<point>
									-0.969711 1.75354 -0.520084
									<!--BW_String-->
								</point>
								<point>
									-1.14971 1.756 -0.400843
									<!--BW_String-->
								</point>
								<point>
									-0.999711 1.72897 -0.2816
									<!--BW_String-->
								</point>
								<point>
									-1.03971 1.72862 -0.162358
									<!--BW_String-->
								</point>
								<point>
									-1.06971 1.72909 -0.0431158
									<!--BW_String-->
								</point>
								<point>
									-1.10971 1.72874 0.0761263
									<!--BW_String-->
								</point>
								<point>
									-1.14971 1.7294 0.195368
									<!--BW_String-->
								</point>
								<point>
									-1.14971 1.73355 0.31461
									<!--BW_String-->
								</point>
								<point>
									-1.14971 1.73771 0.433852
									<!--BW_String-->
								</point>
								<point>
									-1.14971 1.74187 0.553095
									<!--BW_String-->
								</point>
								<point>
									-1.14971 1.74602 0.672337
									<!--BW_String-->
								</point>
								<point>
									-1.14971 1.75018 0.791579
									<!--BW_String-->
								</point>
								<point>
									-1.14971 1.73362 0.910821
									<!--BW_String-->
								</point>
								<point>
									-1.14971 1.71189 1.03006
									<!--BW_String-->
								</point>
								<point>
									-1.14971 1.69016 1.14931
									<!--BW_String-->
								</point>
								<point>
									-1.14971 1.66844 1.26855
									<!--BW_String-->
								</point>
								<point>
									-1.14971 1.64671 1.38779
									<!--BW_String-->
								</point>
								<point>
									-1.14971 1.62498 1.50703
									<!--BW_String-->
								</point>
								<point>
									-1.14971 1.60325 1.62627
									<!--BW_String-->
								</point>
								<point>
									-1.14971 1.59251 1.74552
									<!--BW_String-->
								</point>
								<point>
									-1.06971 1.57345 1.86476
									<!--BW_String-->
								</point>
								<point>
									-0.96971 1.56353 1.984
									<!--BW_String-->
								</point>
							</range>
						</top>
						<bottom>
							<range>
								<point>
									-1.14969 1.2277 -2.30872
									<!--BW_String-->
								</point>
								<point>
									-1.09969 1.28883 -2.18947
									<!--BW_String-->
								</point>
								<point>
									-1.07969 1.35077 -2.07023
									<!--BW_String-->
								</point>
								<point>
									-1.0897 1.3791 -1.95099
									<!--BW_String-->
								</point>
								<point>
									-1.0897 1.40721 -1.83175
									<!--BW_String-->
								</point>
								<point>
									-1.0897 1.43224 -1.71251
									<!--BW_String-->
								</point>
								<point>
									-0.969707 1.46178 -1.59326
									<!--BW_String-->
								</point>
								<point>
									-0.969707 1.48872 -1.47402
									<!--BW_String-->
								</point>
								<point>
									-0.969708 1.4928 -1.35478
									<!--BW_String-->
								</point>
								<point>
									-0.969708 1.46211 -1.23554
									<!--BW_String-->
								</point>
								<point>
									-0.969708 1.45785 -1.11629
									<!--BW_String-->
								</point>
								<point>
									-0.969709 1.46643 -0.997053
									<!--BW_String-->
								</point>
								<point>
									-0.969709 1.4653 -0.87781
									<!--BW_String-->
								</point>
								<point>
									-0.969709 1.46005 -0.758568
									<!--BW_String-->
								</point>
								<point>
									-0.96971 1.46493 -0.639327
									<!--BW_String-->
								</point>
								<point>
									-0.96971 1.46388 -0.520084
									<!--BW_String-->
								</point>
								<point>
									-0.969711 1.46294 -0.400842
									<!--BW_String-->
								</point>
								<point>
									-1.00971 1.50294 -0.2816
									<!--BW_String-->
								</point>
								<point>
									-1.04971 1.50267 -0.162358
									<!--BW_String-->
								</point>
								<point>
									-1.07971 1.45789 -0.0431158
									<!--BW_String-->
								</point>
								<point>
									-1.11971 1.45764 0.0761263
									<!--BW_String-->
								</point>
								<point>
									-0.969703 1.45604 0.195369
									<!--BW_String-->
								</point>
								<point>
									-0.969703 1.46355 0.314611
									<!--BW_String-->
								</point>
								<point>
									-1.1297 1.50147 0.433852
									<!--BW_String-->
								</point>
								<point>
									-1.1297 1.50552 0.553095
									<!--BW_String-->
								</point>
								<point>
									-1.10971 1.49872 0.672337
									<!--BW_String-->
								</point>
								<point>
									-1.11971 1.49182 0.791579
									<!--BW_String-->
								</point>
								<point>
									-1.1197 1.47266 0.910821
									<!--BW_String-->
								</point>
								<point>
									-1.1197 1.45343 1.03006
									<!--BW_String-->
								</point>
								<point>
									-1.0897 1.37887 1.14931
									<!--BW_String-->
								</point>
								<point>
									-1.0297 1.36007 1.26855
									<!--BW_String-->
								</point>
								<point>
									-0.969702 1.34464 1.38779
									<!--BW_String-->
								</point>
								<point>
									-1.1297 1.37115 1.50703
									<!--BW_String-->
								</point>
								<point>
									-1.1297 1.3539 1.62627
									<!--BW_String-->
								</point>
								<point>
									-1.1497 1.29476 1.74552
									<!--BW_String-->
								</point>
								<point>
									-1.1397 1.2792 1.86476
									<!--BW_String-->
								</point>
								<point>
									-0.9697 1.25089 1.984
									<!--BW_String-->
								</point>
								<point>
									-0.969699 1.23213 2.10324
									<!--BW_String-->
								</point>
								<point>
									-0.969699 1.20721 2.22249
									<!--BW_String-->
								</point>
							</range>
						</bottom>
					</sourceCollisionHullPoints>
				</left>
				<right>
					<segmentsCount>66</segmentsCount>
					<segmentsOuterThickness>
						0.0564188
						<!--BW_String-->
					</segmentsOuterThickness>
					<segmentsInnerThickness>
						0.0240431
						<!--BW_String-->
					</segmentsInnerThickness>
					<segmentsPlaneOffset>0.989685</segmentsPlaneOffset>
					<springsLength>
						<backwardMovement>
							<back>0.210937</back>
							<top>
								0.19677
								<!--BW_String-->
							</top>
							<front>0.197657</front>
							<bottom>0.186681</bottom>
						</backwardMovement>
						<forwardMovement>
							<back>0.197991</back>
							<top>0.206307</top>
							<front>0.210742</front>
							<bottom>0.186681</bottom>
						</forwardMovement>
					</springsLength>
					<mainSegment>
						<model>vehicles/french/F28_105_leFH18B2/track/segment.model</model>
						<length>0.238426</length>
					</mainSegment>
					<collisionHull>
						<bottom>
							<part>
								<xStart>
									-2.36988
									<!--BW_String-->
								</xStart>
								<xStep>
									0.00999999
									<!--BW_String-->
								</xStep>
								<ySamples>
									0.380564 0.388238 0.396322 0.40484 0.413824 0.423308 0.433333
									<!--BW_String-->
								</ySamples>
							</part>
							<part>
								<xStart>
									-2.30988
									<!--BW_String-->
								</xStart>
								<xStep>0.119213</xStep>
								<ySamples>
									0.433333 0.633609 1.42969 1.4536 1.48968 1.51784 1.54245 1.56156 1.56852 1.51908 1.52202 1.52496 1.52359 1.51788 1.52126 1.52459 1.52013 1.57598 1.58622 1.54032 1.54037 1.54043 1.54048 1.58634 1.58671 1.58708 1.57678 1.55759 1.53841 1.46383 1.4448 1.42578 1.44958 1.43211 1.37334 1.35432 1.3353 0.55183 0.418389
									<!--BW_String-->
								</ySamples>
							</part>
							<part>
								<xStart>
									2.22023
									<!--BW_String-->
								</xStart>
								<xStep>
									0.00999999
									<!--BW_String-->
								</xStep>
								<ySamples>
									0.418389 0.410894 0.40379 0.397057 0.390677 0.384634 0.378912
									<!--BW_String-->
								</ySamples>
							</part>
						</bottom>
						<top>
							<part>
								<xStart>
									-3.14437
									<!--BW_String-->
								</xStart>
								<xStep>0.119213</xStep>
								<ySamples>
									1.31013 1.34453 1.36755 1.39056 1.41358 1.43659 1.45961 1.48262 1.50564 1.52855 1.55054 1.56233 1.56595 1.62445 1.62091 1.61738 1.61385 1.61638 1.61928 1.62216 1.62506 1.62797 1.63095 1.60931 1.6091 1.61213 1.61557 1.61901 1.62245 1.62588 1.62932 1.63276 1.6362 1.63964 1.62467 1.60423 1.58378 1.56334 1.5429 1.52246 1.47169 1.48158 1.45902 1.43596
									<!--BW_String-->
								</ySamples>
							</part>
						</top>
					</collisionHull>
					<bottomWheels>
						<wheel>WD_R1</wheel>
						<wheel>W_R15</wheel>
						<wheel>W_R14</wheel>
						<wheel>W_R13</wheel>
						<wheel>W_R12</wheel>
						<wheel>W_R11</wheel>
						<wheel>W_R10</wheel>
						<wheel>W_R9</wheel>
						<wheel>W_R8</wheel>
						<wheel>W_R7</wheel>
						<wheel>W_R6</wheel>
						<wheel>W_R5</wheel>
						<wheel>W_R4</wheel>
						<wheel>W_R3</wheel>
						<wheel>W_R2</wheel>
						<wheel>W_R1</wheel>
						<wheel>W_R0</wheel>
						<wheel>WD_R0</wheel>
					</bottomWheels>
					<snapWheels>
						<topFront>
							<wheelName>WD_R0</wheelName>
							<basePos>
								2.51601 0.802608
								<!--BW_String-->
							</basePos>
							<shiftVec>0.400398 0.237149</shiftVec>
							<jointIdx>8</jointIdx>
						</topFront>
						<topBack>
							<wheelName>WD_R1</wheelName>
							<basePos>
								-2.67186 0.78442
								<!--BW_String-->
							</basePos>
							<shiftVec>-0.472365 0.109676</shiftVec>
							<jointIdx>39</jointIdx>
						</topBack>
						<bottomBack>
							<wheelName>W_R15</wheelName>
							<basePos>
								-2.16709 0.250863
								<!--BW_String-->
							</basePos>
							<shiftVec>
								0.0376165 -0.130102
								<!--BW_String-->
							</shiftVec>
							<jointIdx>46</jointIdx>
						</bottomBack>
						<bottomFront>
							<wheelName>W_R1</wheelName>
							<basePos>
								1.8569 0.22484
								<!--BW_String-->
							</basePos>
							<shiftVec>
								0.0348853 -0.12101
								<!--BW_String-->
							</shiftVec>
							<jointIdx>0</jointIdx>
						</bottomFront>
					</snapWheels>
					<radiusOverrides>
						<wheel>
							<name>WD_R1</name>
							<radius>
								0.48258
								<!--BW_String-->
							</radius>
						</wheel>
						<wheel>
							<name>WD_R0</name>
							<radius>0.462909</radius>
						</wheel>
					</radiusOverrides>
					<teethSyncs>
						<syncWithMainModel>true</syncWithMainModel>
						<segmentSyncPivotOffset>0.989685</segmentSyncPivotOffset>
						<sync>
							<name>WD_R1</name>
							<startAngle>
								-99.8586
								<!--BW_String-->
							</startAngle>
							<teethCount>30</teethCount>
						</sync>
						<sync>
							<name>WD_R0</name>
							<startAngle>
								-102.991
								<!--BW_String-->
							</startAngle>
							<teethCount>30</teethCount>
						</sync>
					</teethSyncs>
					<sourceCollisionHullPoints>
						<top>
							<range>
								<point>
									1.14975 1.42999 -3.14416
									<!--BW_String-->
								</point>
								<point>
									1.14975 1.46439 -3.02494
									<!--BW_String-->
								</point>
								<point>
									1.14974 1.48741 -2.90573
									<!--BW_String-->
								</point>
								<point>
									1.14974 1.51042 -2.78652
									<!--BW_String-->
								</point>
								<point>
									1.14974 1.53344 -2.6673
									<!--BW_String-->
								</point>
								<point>
									1.14974 1.55645 -2.54809
									<!--BW_String-->
								</point>
								<point>
									1.14974 1.57947 -2.42888
									<!--BW_String-->
								</point>
								<point>
									1.14974 1.60248 -2.30967
									<!--BW_String-->
								</point>
								<point>
									1.14974 1.6255 -2.19045
									<!--BW_String-->
								</point>
								<point>
									1.14974 1.64841 -2.07124
									<!--BW_String-->
								</point>
								<point>
									1.14974 1.6704 -1.95203
									<!--BW_String-->
								</point>
								<point>
									1.14973 1.68219 -1.83281
									<!--BW_String-->
								</point>
								<point>
									1.14973 1.68581 -1.7136
									<!--BW_String-->
								</point>
								<point>
									0.969732 1.7443 -1.59439
									<!--BW_String-->
								</point>
								<point>
									0.969732 1.74076 -1.47517
									<!--BW_String-->
								</point>
								<point>
									0.969732 1.73723 -1.35596
									<!--BW_String-->
								</point>
								<point>
									0.969732 1.7337 -1.23675
									<!--BW_String-->
								</point>
								<point>
									1.00973 1.73623 -1.11753
									<!--BW_String-->
								</point>
								<point>
									1.04973 1.73913 -0.99832
									<!--BW_String-->
								</point>
								<point>
									1.08973 1.74202 -0.879107
									<!--BW_String-->
								</point>
								<point>
									1.12973 1.74492 -0.759894
									<!--BW_String-->
								</point>
								<point>
									1.14973 1.74783 -0.64068
									<!--BW_String-->
								</point>
								<point>
									1.11973 1.75081 -0.521467
									<!--BW_String-->
								</point>
								<point>
									1.04973 1.72916 -0.402254
									<!--BW_String-->
								</point>
								<point>
									1.13973 1.72896 -0.283041
									<!--BW_String-->
								</point>
								<point>
									1.14973 1.73199 -0.163828
									<!--BW_String-->
								</point>
								<point>
									1.14973 1.73543 -0.0446144
									<!--BW_String-->
								</point>
								<point>
									1.14973 1.73887 0.0745987
									<!--BW_String-->
								</point>
								<point>
									1.14973 1.74231 0.193812
									<!--BW_String-->
								</point>
								<point>
									1.14973 1.74574 0.313025
									<!--BW_String-->
								</point>
								<point>
									1.14973 1.74918 0.432238
									<!--BW_String-->
								</point>
								<point>
									1.14973 1.75262 0.551452
									<!--BW_String-->
								</point>
								<point>
									1.14973 1.75606 0.670665
									<!--BW_String-->
								</point>
								<point>
									1.14973 1.7595 0.789878
									<!--BW_String-->
								</point>
								<point>
									1.14973 1.74453 0.909091
									<!--BW_String-->
								</point>
								<point>
									1.14973 1.72409 1.0283
									<!--BW_String-->
								</point>
								<point>
									1.14973 1.70364 1.14752
									<!--BW_String-->
								</point>
								<point>
									1.14973 1.6832 1.26673
									<!--BW_String-->
								</point>
								<point>
									1.14973 1.66276 1.38594
									<!--BW_String-->
								</point>
								<point>
									1.14973 1.64232 1.50516
									<!--BW_String-->
								</point>
								<point>
									1.14973 1.59155 1.62437
									<!--BW_String-->
								</point>
								<point>
									1.14973 1.60144 1.74358
									<!--BW_String-->
								</point>
								<point>
									0.96973 1.57887 1.8628
									<!--BW_String-->
								</point>
								<point>
									0.96973 1.55581 1.98201
									<!--BW_String-->
								</point>
							</range>
						</top>
						<bottom>
							<range>
								<point>
									1.14975 1.22832 -2.30967
									<!--BW_String-->
								</point>
								<point>
									1.09975 1.29536 -2.19045
									<!--BW_String-->
								</point>
								<point>
									1.09975 1.35952 -2.07124
									<!--BW_String-->
								</point>
								<point>
									1.07974 1.38343 -1.95203
									<!--BW_String-->
								</point>
								<point>
									1.09974 1.41951 -1.83281
									<!--BW_String-->
								</point>
								<point>
									1.09974 1.44768 -1.7136
									<!--BW_String-->
								</point>
								<point>
									0.969734 1.47228 -1.59439
									<!--BW_String-->
								</point>
								<point>
									0.969733 1.49138 -1.47517
									<!--BW_String-->
								</point>
								<point>
									0.969733 1.49835 -1.35596
									<!--BW_String-->
								</point>
								<point>
									0.969732 1.44891 -1.23675
									<!--BW_String-->
								</point>
								<point>
									0.969732 1.45185 -1.11753
									<!--BW_String-->
								</point>
								<point>
									0.969732 1.45479 -0.998321
									<!--BW_String-->
								</point>
								<point>
									0.969731 1.45342 -0.879108
									<!--BW_String-->
								</point>
								<point>
									0.969731 1.44771 -0.759894
									<!--BW_String-->
								</point>
								<point>
									0.96973 1.45109 -0.640681
									<!--BW_String-->
								</point>
								<point>
									0.96973 1.45442 -0.521468
									<!--BW_String-->
								</point>
								<point>
									1.05973 1.44996 -0.402254
									<!--BW_String-->
								</point>
								<point>
									1.14973 1.50581 -0.283041
									<!--BW_String-->
								</point>
								<point>
									1.11974 1.51605 -0.163828
									<!--BW_String-->
								</point>
								<point>
									0.969738 1.47015 -0.0446147
									<!--BW_String-->
								</point>
								<point>
									0.969738 1.4702 0.0745984
									<!--BW_String-->
								</point>
								<point>
									0.969738 1.47026 0.193812
									<!--BW_String-->
								</point>
								<point>
									0.969737 1.47031 0.313025
									<!--BW_String-->
								</point>
								<point>
									1.12974 1.51617 0.432238
									<!--BW_String-->
								</point>
								<point>
									1.12973 1.51654 0.551452
									<!--BW_String-->
								</point>
								<point>
									1.12973 1.51691 0.670665
									<!--BW_String-->
								</point>
								<point>
									1.10973 1.50661 0.789878
									<!--BW_String-->
								</point>
								<point>
									1.12974 1.48742 0.909091
									<!--BW_String-->
								</point>
								<point>
									1.12974 1.46824 1.0283
									<!--BW_String-->
								</point>
								<point>
									1.07974 1.39366 1.14752
									<!--BW_String-->
								</point>
								<point>
									0.969738 1.37463 1.26673
									<!--BW_String-->
								</point>
								<point>
									0.969739 1.35561 1.38594
									<!--BW_String-->
								</point>
								<point>
									1.12974 1.37941 1.50516
									<!--BW_String-->
								</point>
								<point>
									1.13973 1.36194 1.62437
									<!--BW_String-->
								</point>
								<point>
									1.14974 1.30317 1.74358
									<!--BW_String-->
								</point>
								<point>
									1.13974 1.28415 1.8628
									<!--BW_String-->
								</point>
								<point>
									0.969741 1.26513 1.98201
									<!--BW_String-->
								</point>
								<point>
									0.969741 1.2461 2.10122
									<!--BW_String-->
								</point>
								<point>
									0.969742 1.22707 2.22044
									<!--BW_String-->
								</point>
							</range>
						</bottom>
					</sourceCollisionHullPoints>
				</right>
			</physicalTracks>
			<customization>
				<customizableVehicleAreas>
					<paint/>
					<camouflage/>
				</customizableVehicleAreas>
			</customization>
		</Chassis_105_leFH18B2_IGR>
	</chassis>
	<turrets0>
		<Turret_1_105_leFH18B2_IGR>
			<ceilless>true</ceilless>
			<userString>#igr_vehicles:Turret_1_105_leFH18B2_IGR</userString>
			<tags>cannotDetach</tags>
			<level>5</level>
			<price>120</price>
			<notInShop>true</notInShop>
			<armor>
				<armor_1>20</armor_1>
				<armor_2>20</armor_2>
				<armor_3>15</armor_3>
				<armor_4>0</armor_4>
				<armor_5>0</armor_5>
				<armor_6>0</armor_6>
				<armor_7>0</armor_7>
				<armor_8>0</armor_8>
			</armor>
			<weight>300</weight>
			<maxHealth>52</maxHealth>
			<rotationSpeed>22</rotationSpeed>
			<turretRotatorHealth>
				<maxHealth>100</maxHealth>
				<maxRegenHealth>50</maxRegenHealth>
				<repairCost>
					1.0
					<!--BW_String-->
				</repairCost>
			</turretRotatorHealth>
			<circularVisionRadius>390</circularVisionRadius>
			<surveyingDeviceHealth>
				<maxHealth>60</maxHealth>
				<maxRegenHealth>30</maxRegenHealth>
				<repairCost>
					1.0
					<!--BW_String-->
				</repairCost>
			</surveyingDeviceHealth>
			<guns>
				<_105mm_leFH18_L28_IGR>
					shared
					<maxAmmo>42</maxAmmo>
					<armor>
						<armor_1>
							20
							<vehicleDamageFactor>
								1.0
								<!--BW_String-->
							</vehicleDamageFactor>
						</armor_1>
						<gun>20</gun>
						<gunBreech>0</gunBreech>
					</armor>
					<shotDispersionRadius>
						0.735
						<!--BW_String-->
					</shotDispersionRadius>
					<reloadTime>
						9.3
						<!--BW_String-->
					</reloadTime>
					<aimingTime>
						5.1
						<!--BW_String-->
					</aimingTime>
					<invisibilityFactorAtShot>
						0.209
						<!--BW_String-->
					</invisibilityFactorAtShot>
					<turretYawLimits>-15 15</turretYawLimits>
					<pitchLimits>
						<minPitch>0 -45 1 -45</minPitch>
						<maxPitch>0 4 1 4</maxPitch>
					</pitchLimits>
					<effects>shot_105mm_m4</effects>
					<models>
						<undamaged>vehicles/french/F28_105_leFH18B2/normal/lod0/Gun_01.model</undamaged>
						<destroyed>vehicles/french/F28_105_leFH18B2/crash/lod0/Gun_01.model</destroyed>
						<exploded>vehicles/french/F28_105_leFH18B2/crash/lod0/Gun_01.model</exploded>
					</models>
					<hitTester>
						<collisionModelServer>vehicles/french/F28_105_leFH18B2/collision/Gun_01.model</collisionModelServer>
						<collisionModelClient>vehicles/french/F28_105_leFH18B2/collision_client/Gun_01.model</collisionModelClient>
					</hitTester>
					<animateEmblemSlots>true</animateEmblemSlots>
					<customization>
						<customizableVehicleAreas>
							<paint/>
							<camouflage>GUN</camouflage>
						</customizableVehicleAreas>
					</customization>
					<customizationSlots>
						<slot>
							<slotType>insigniaOnGun</slotType>
							<slotId>49000</slotId>
							<rayStart>
								-0.000001 -0.097986 1.87494
								<!--BW_String-->
							</rayStart>
							<rayEnd>
								-0.0079731 -0.0864744 1.87288
								<!--BW_String-->
							</rayEnd>
							<rayUp>
								0.084 0.079 4
								<!--BW_String-->
							</rayUp>
							<size>
								0.38
								<!--BW_String-->
							</size>
							<hideIfDamaged>false</hideIfDamaged>
							<isUVProportional>true</isUVProportional>
						</slot>
					</customizationSlots>
					<camouflage>
						<tiling>
							0.46 0.46 0.000000 0.000000
							<!--BW_String-->
						</tiling>
						<density>
							116.737 117.855
							<!--BW_String-->
						</density>
						<aoTextureSize>512 512</aoTextureSize>
					</camouflage>
				</_105mm_leFH18_L28_IGR>
			</guns>
			<models>
				<undamaged>vehicles/french/F28_105_leFH18B2/normal/lod0/Turret_01.model</undamaged>
				<destroyed>vehicles/french/F28_105_leFH18B2/crash/lod0/Turret_01.model</destroyed>
				<exploded>vehicles/french/F28_105_leFH18B2/crash/lod0/Turret_01.model</exploded>
			</models>
			<hitTester>
				<collisionModelServer>vehicles/french/F28_105_leFH18B2/collision/Turret_01.model</collisionModelServer>
				<collisionModelClient>vehicles/french/F28_105_leFH18B2/collision_client/Turret_01.model</collisionModelClient>
			</hitTester>
			<gunPosition>0.000001 0.641496 0.009704</gunPosition>
			<showEmblemsOnGun>false</showEmblemsOnGun>
			<physicsShape>
				1.209 0.000 1.000 0.000 0.932 0.068 0.816 0.785 0.500 0.500 0.359 0.500 0.376 0.100 0.031
				<!--BW_String-->
			</physicsShape>
			<wwturretRotatorSoundManual>tur_man_trav_05</wwturretRotatorSoundManual>
			<customization>
				<customizableVehicleAreas>
					<paint/>
					<camouflage>TURRET</camouflage>
				</customizableVehicleAreas>
			</customization>
			<camouflage>
				<tiling>
					0.58 0.25 0.000000 0.000000
					<!--BW_String-->
				</tiling>
				<density>
					109.898 109.691
					<!--BW_String-->
				</density>
				<aoTextureSize>512 256</aoTextureSize>
			</camouflage>
		</Turret_1_105_leFH18B2_IGR>
	</turrets0>
	<engines>
		<Renault_A_IGR>shared</Renault_A_IGR>
	</engines>
	<fuelTanks>
		<Medium>shared</Medium>
	</fuelTanks>
	<radios>
		<FuG8f_IGR>shared</FuG8f_IGR>
	</radios>
	<physics>
		<detailed>
			<engines>
				<Renault_A_IGR>
					<smplEnginePower>
						324.5853
						<!--BW_String-->
					</smplEnginePower>
					<smplFwMaxSpeed>28</smplFwMaxSpeed>
				</Renault_A_IGR>
			</engines>
			<chassis>
				<Chassis_105_leFH18B2_IGR>
					<grounds>
						<soft>
							<rollingFriction>
								0.16905
								<!--BW_String-->
							</rollingFriction>
						</soft>
						<medium>
							<rollingFriction>
								0.1127
								<!--BW_String-->
							</rollingFriction>
						</medium>
						<firm>
							<rollingFriction>
								0.10465
								<!--BW_String-->
							</rollingFriction>
						</firm>
					</grounds>
				</Chassis_105_leFH18B2_IGR>
			</chassis>
		</detailed>
	</physics>
	<clientAdjustmentFactors>
		<armour>
			0.799230536
			<!--BW_String-->
		</armour>
	</clientAdjustmentFactors>
	<effects>
		<collision/>
		<damagedStateGroup>medium</damagedStateGroup>
	</effects>
	<emblems>
		<default>15504</default>
		<lodDist>MEDIUM</lodDist>
		<alpha>
			0.86
			<!--BW_String-->
		</alpha>
	</emblems>
</root>
